ISO-10303-21;
HEADER;
/* Generated by software containing ST-Developer
 * from STEP Tools, Inc. (www.steptools.com) 
 */
/* OPTION: using custom renumber hook */

FILE_DESCRIPTION(
/* description */ ('STEP AP242 Edition 2',
'CAx-IF Rec.Pracs.---Representation and Presentation of Product Manufa
cturing Information (PMI)---4.0---2014-10-13',
'CAx-IF Rec.Pracs.---3D Tessellated Geometry---0.4---2014-09-14','2;1',
'CAx-IF Rec.Pracs.---User Defined Attributes---1.5---2016-08-15'),
/* implementation_level */ '2;1');

FILE_NAME(
/* name */ 'Drone Layout - Part 1',
/* time_stamp */ '2026-10-04T22:40:34Z',
/* author */ (''),
/* organization */ (''),
/* preprocessor_version */ 'ST-DEVELOPER v20',
/* originating_system */ 'ONSHAPE BY PTC INC, 1.221',
/* authorisation */ '  ');

FILE_SCHEMA (('AP242_MANAGED_MODEL_BASED_3D_ENGINEERING_MIM_LF { 1 0 10303 442 3 1 4 }'));
ENDSEC;

DATA;
#10=SHAPE_REPRESENTATION_RELATIONSHIP('','',#6571,#11);
#11=ADVANCED_BREP_SHAPE_REPRESENTATION('',(#6569),#10973);
#12=CYLINDRICAL_SURFACE('',#6702,0.01875);
#13=CYLINDRICAL_SURFACE('',#6704,0.01875);
#14=CYLINDRICAL_SURFACE('',#6706,0.01875);
#15=CYLINDRICAL_SURFACE('',#6708,0.019);
#16=CYLINDRICAL_SURFACE('',#6710,0.01875);
#17=CYLINDRICAL_SURFACE('',#6717,0.018749999999989);
#18=CYLINDRICAL_SURFACE('',#6718,0.0187500000000054);
#19=CYLINDRICAL_SURFACE('',#6719,0.0187500000000037);
#20=CYLINDRICAL_SURFACE('',#6792,0.00375);
#21=CYLINDRICAL_SURFACE('',#6795,0.00375);
#22=CYLINDRICAL_SURFACE('',#6798,0.00375);
#23=CYLINDRICAL_SURFACE('',#6801,0.00375);
#24=CYLINDRICAL_SURFACE('',#6803,0.0189999999999996);
#25=CYLINDRICAL_SURFACE('',#6804,0.01875);
#26=CYLINDRICAL_SURFACE('',#6807,0.00375);
#27=CYLINDRICAL_SURFACE('',#6808,0.00325);
#28=CYLINDRICAL_SURFACE('',#6816,0.00374260398254569);
#29=CYLINDRICAL_SURFACE('',#6824,0.00374260398254567);
#30=CYLINDRICAL_SURFACE('',#6830,0.00374260398254566);
#31=CYLINDRICAL_SURFACE('',#6848,0.00375000000000133);
#32=CYLINDRICAL_SURFACE('',#6851,0.00375000000000118);
#33=CYLINDRICAL_SURFACE('',#6855,0.00375000000000464);
#34=CYLINDRICAL_SURFACE('',#6858,0.00375000000000155);
#35=CYLINDRICAL_SURFACE('',#6874,0.01875);
#36=CYLINDRICAL_SURFACE('',#6876,0.01875);
#37=CYLINDRICAL_SURFACE('',#6878,0.01875);
#38=CYLINDRICAL_SURFACE('',#6880,0.019);
#39=CYLINDRICAL_SURFACE('',#6882,0.01875);
#40=CYLINDRICAL_SURFACE('',#6888,0.018749999999989);
#41=CYLINDRICAL_SURFACE('',#6889,0.0187500000000054);
#42=CYLINDRICAL_SURFACE('',#6890,0.0187500000000037);
#43=CYLINDRICAL_SURFACE('',#6892,0.00375);
#44=CYLINDRICAL_SURFACE('',#6895,0.00375);
#45=CYLINDRICAL_SURFACE('',#6898,0.00375);
#46=CYLINDRICAL_SURFACE('',#6901,0.00375);
#47=CYLINDRICAL_SURFACE('',#6903,0.0189999999999996);
#48=CYLINDRICAL_SURFACE('',#6904,0.01875);
#49=CYLINDRICAL_SURFACE('',#6907,0.00375);
#50=CYLINDRICAL_SURFACE('',#6908,0.00325);
#51=CYLINDRICAL_SURFACE('',#6916,0.00374260398254569);
#52=CYLINDRICAL_SURFACE('',#6924,0.00374260398254567);
#53=CYLINDRICAL_SURFACE('',#6930,0.00374260398254566);
#54=CYLINDRICAL_SURFACE('',#6948,0.00375000000000133);
#55=CYLINDRICAL_SURFACE('',#6951,0.00375000000000118);
#56=CYLINDRICAL_SURFACE('',#6955,0.00375000000000464);
#57=CYLINDRICAL_SURFACE('',#6958,0.00375000000000155);
#58=CYLINDRICAL_SURFACE('',#6973,0.00375000000000155);
#59=CYLINDRICAL_SURFACE('',#6975,0.00375000000000464);
#60=CYLINDRICAL_SURFACE('',#6979,0.00375000000000118);
#61=CYLINDRICAL_SURFACE('',#6982,0.00375000000000133);
#62=CYLINDRICAL_SURFACE('',#7003,0.00374260398254566);
#63=CYLINDRICAL_SURFACE('',#7010,0.00374260398254567);
#64=CYLINDRICAL_SURFACE('',#7018,0.00374260398254569);
#65=CYLINDRICAL_SURFACE('',#7021,0.00325);
#66=CYLINDRICAL_SURFACE('',#7025,0.00375);
#67=CYLINDRICAL_SURFACE('',#7028,0.01875);
#68=CYLINDRICAL_SURFACE('',#7029,0.0189999999999996);
#69=CYLINDRICAL_SURFACE('',#7031,0.00375);
#70=CYLINDRICAL_SURFACE('',#7034,0.00375);
#71=CYLINDRICAL_SURFACE('',#7037,0.00375);
#72=CYLINDRICAL_SURFACE('',#7040,0.00375);
#73=CYLINDRICAL_SURFACE('',#7042,0.0187500000000037);
#74=CYLINDRICAL_SURFACE('',#7044,0.0187500000000054);
#75=CYLINDRICAL_SURFACE('',#7046,0.018749999999989);
#76=CYLINDRICAL_SURFACE('',#7054,0.01875);
#77=CYLINDRICAL_SURFACE('',#7055,0.019);
#78=CYLINDRICAL_SURFACE('',#7056,0.01875);
#79=CYLINDRICAL_SURFACE('',#7057,0.01875);
#80=CYLINDRICAL_SURFACE('',#7058,0.01875);
#81=CYLINDRICAL_SURFACE('',#7074,0.01875);
#82=CYLINDRICAL_SURFACE('',#7076,0.01875);
#83=CYLINDRICAL_SURFACE('',#7078,0.01875);
#84=CYLINDRICAL_SURFACE('',#7080,0.019);
#85=CYLINDRICAL_SURFACE('',#7082,0.01875);
#86=CYLINDRICAL_SURFACE('',#7088,0.018749999999989);
#87=CYLINDRICAL_SURFACE('',#7089,0.0187500000000054);
#88=CYLINDRICAL_SURFACE('',#7090,0.0187500000000037);
#89=CYLINDRICAL_SURFACE('',#7092,0.00375);
#90=CYLINDRICAL_SURFACE('',#7095,0.00375);
#91=CYLINDRICAL_SURFACE('',#7098,0.00375);
#92=CYLINDRICAL_SURFACE('',#7101,0.00375);
#93=CYLINDRICAL_SURFACE('',#7103,0.0189999999999996);
#94=CYLINDRICAL_SURFACE('',#7104,0.01875);
#95=CYLINDRICAL_SURFACE('',#7107,0.00375);
#96=CYLINDRICAL_SURFACE('',#7108,0.00325);
#97=CYLINDRICAL_SURFACE('',#7116,0.00374260398254569);
#98=CYLINDRICAL_SURFACE('',#7124,0.00374260398254567);
#99=CYLINDRICAL_SURFACE('',#7130,0.00374260398254566);
#100=CYLINDRICAL_SURFACE('',#7148,0.00375000000000133);
#101=CYLINDRICAL_SURFACE('',#7151,0.00375000000000118);
#102=CYLINDRICAL_SURFACE('',#7155,0.00375000000000464);
#103=CYLINDRICAL_SURFACE('',#7158,0.00375000000000155);
#104=CYLINDRICAL_SURFACE('',#7175,0.001);
#105=CYLINDRICAL_SURFACE('',#7176,0.001);
#106=CYLINDRICAL_SURFACE('',#7177,0.001);
#107=CYLINDRICAL_SURFACE('',#7178,0.001);
#108=CYLINDRICAL_SURFACE('',#7179,0.0015);
#109=CYLINDRICAL_SURFACE('',#7180,0.0015);
#110=CYLINDRICAL_SURFACE('',#7181,0.0015);
#111=CYLINDRICAL_SURFACE('',#7182,0.0015);
#112=CIRCLE('',#6576,0.0015);
#113=CIRCLE('',#6577,0.0189999999999996);
#114=CIRCLE('',#6578,0.01875);
#115=CIRCLE('',#6579,0.00375);
#116=CIRCLE('',#6580,0.00375);
#117=CIRCLE('',#6581,0.01875);
#118=CIRCLE('',#6582,0.00325);
#119=CIRCLE('',#6583,0.01875);
#120=CIRCLE('',#6584,0.00375);
#121=CIRCLE('',#6585,0.01875);
#122=CIRCLE('',#6586,0.00375);
#123=CIRCLE('',#6587,0.00375);
#124=CIRCLE('',#6588,0.01875);
#125=CIRCLE('',#6589,0.019);
#126=CIRCLE('',#6591,0.00325);
#127=CIRCLE('',#6592,0.01875);
#128=CIRCLE('',#6593,0.00375);
#129=CIRCLE('',#6594,0.01875);
#130=CIRCLE('',#6595,0.00375);
#131=CIRCLE('',#6596,0.01875);
#132=CIRCLE('',#6597,0.00375);
#133=CIRCLE('',#6598,0.01875);
#134=CIRCLE('',#6599,0.00375);
#135=CIRCLE('',#6600,0.01875);
#136=CIRCLE('',#6601,0.00375);
#137=CIRCLE('',#6602,0.0189999999999996);
#138=CIRCLE('',#6603,0.019);
#139=CIRCLE('',#6611,0.0015);
#140=CIRCLE('',#6612,0.00325);
#141=CIRCLE('',#6613,0.00374260398254569);
#142=CIRCLE('',#6614,0.00325);
#143=CIRCLE('',#6615,0.00374260398254567);
#144=CIRCLE('',#6616,0.00325);
#145=CIRCLE('',#6617,0.00374260398254566);
#146=CIRCLE('',#6618,0.01875);
#147=CIRCLE('',#6619,0.00375);
#148=CIRCLE('',#6620,0.0189999999999996);
#149=CIRCLE('',#6621,0.00375);
#150=CIRCLE('',#6622,0.018749999999989);
#151=CIRCLE('',#6623,0.00375);
#152=CIRCLE('',#6624,0.0187500000000054);
#153=CIRCLE('',#6625,0.00375);
#154=CIRCLE('',#6626,0.0187500000000037);
#155=CIRCLE('',#6627,0.00375);
#156=CIRCLE('',#6629,0.0189999999999996);
#157=CIRCLE('',#6630,0.01875);
#158=CIRCLE('',#6631,0.00375);
#159=CIRCLE('',#6632,0.00325);
#160=CIRCLE('',#6633,0.00374260398254566);
#161=CIRCLE('',#6634,0.00325);
#162=CIRCLE('',#6635,0.00374260398254567);
#163=CIRCLE('',#6636,0.00325);
#164=CIRCLE('',#6637,0.00374260398254569);
#165=CIRCLE('',#6638,0.00375);
#166=CIRCLE('',#6639,0.0187500000000037);
#167=CIRCLE('',#6640,0.00375);
#168=CIRCLE('',#6641,0.0187500000000054);
#169=CIRCLE('',#6642,0.00375);
#170=CIRCLE('',#6643,0.018749999999989);
#171=CIRCLE('',#6644,0.00375);
#172=CIRCLE('',#6651,0.019);
#173=CIRCLE('',#6652,0.00325);
#174=CIRCLE('',#6653,0.01875);
#175=CIRCLE('',#6654,0.00375);
#176=CIRCLE('',#6655,0.01875);
#177=CIRCLE('',#6656,0.00375);
#178=CIRCLE('',#6657,0.00375);
#179=CIRCLE('',#6658,0.01875);
#180=CIRCLE('',#6659,0.00375);
#181=CIRCLE('',#6660,0.01875);
#182=CIRCLE('',#6661,0.01875);
#183=CIRCLE('',#6662,0.00375);
#184=CIRCLE('',#6663,0.0189999999999996);
#185=CIRCLE('',#6666,0.0189999999999996);
#186=CIRCLE('',#6667,0.01875);
#187=CIRCLE('',#6668,0.00375);
#188=CIRCLE('',#6669,0.00325);
#189=CIRCLE('',#6670,0.00374260398254569);
#190=CIRCLE('',#6671,0.00325);
#191=CIRCLE('',#6672,0.00374260398254567);
#192=CIRCLE('',#6673,0.00325);
#193=CIRCLE('',#6674,0.00374260398254566);
#194=CIRCLE('',#6675,0.00375);
#195=CIRCLE('',#6676,0.018749999999989);
#196=CIRCLE('',#6677,0.00375);
#197=CIRCLE('',#6678,0.0187500000000054);
#198=CIRCLE('',#6679,0.00375);
#199=CIRCLE('',#6680,0.0187500000000037);
#200=CIRCLE('',#6681,0.00375);
#201=CIRCLE('',#6692,0.00325);
#202=CIRCLE('',#6693,0.00374260398254569);
#203=CIRCLE('',#6695,0.00325);
#204=CIRCLE('',#6696,0.00374260398254567);
#205=CIRCLE('',#6698,0.00374260398254566);
#206=CIRCLE('',#6700,0.00374260398254566);
#207=CIRCLE('',#6701,0.00325);
#208=CIRCLE('',#6703,0.01875);
#209=CIRCLE('',#6705,0.01875);
#210=CIRCLE('',#6707,0.01875);
#211=CIRCLE('',#6709,0.019);
#212=CIRCLE('',#6711,0.01875);
#213=CIRCLE('',#6713,0.01875);
#214=CIRCLE('',#6714,0.01875);
#215=CIRCLE('',#6715,0.01875);
#216=CIRCLE('',#6745,0.0015);
#217=CIRCLE('',#6746,0.019);
#218=CIRCLE('',#6747,0.0189999999999996);
#219=CIRCLE('',#6748,0.01875);
#220=CIRCLE('',#6749,0.00375);
#221=CIRCLE('',#6750,0.00375);
#222=CIRCLE('',#6751,0.01875);
#223=CIRCLE('',#6752,0.01875);
#224=CIRCLE('',#6753,0.00375);
#225=CIRCLE('',#6754,0.01875);
#226=CIRCLE('',#6755,0.00375);
#227=CIRCLE('',#6756,0.01875);
#228=CIRCLE('',#6757,0.00375);
#229=CIRCLE('',#6758,0.00325);
#230=CIRCLE('',#6760,0.0015);
#231=CIRCLE('',#6761,0.00375);
#232=CIRCLE('',#6762,0.0187500000000037);
#233=CIRCLE('',#6763,0.00375);
#234=CIRCLE('',#6764,0.0187500000000054);
#235=CIRCLE('',#6765,0.00375);
#236=CIRCLE('',#6766,0.018749999999989);
#237=CIRCLE('',#6767,0.00375);
#238=CIRCLE('',#6768,0.0189999999999996);
#239=CIRCLE('',#6769,0.01875);
#240=CIRCLE('',#6770,0.00375);
#241=CIRCLE('',#6771,0.00325);
#242=CIRCLE('',#6772,0.00374260398254566);
#243=CIRCLE('',#6773,0.00325);
#244=CIRCLE('',#6774,0.00374260398254567);
#245=CIRCLE('',#6775,0.00325);
#246=CIRCLE('',#6776,0.00374260398254569);
#247=CIRCLE('',#6778,0.0015);
#248=CIRCLE('',#6779,0.0015);
#249=CIRCLE('',#6780,0.001);
#250=CIRCLE('',#6781,0.001);
#251=CIRCLE('',#6782,0.001);
#252=CIRCLE('',#6783,0.001);
#253=CIRCLE('',#6785,0.0015);
#254=CIRCLE('',#6786,0.0015);
#255=CIRCLE('',#6787,0.001);
#256=CIRCLE('',#6788,0.001);
#257=CIRCLE('',#6789,0.001);
#258=CIRCLE('',#6790,0.001);
#259=CIRCLE('',#6809,0.00325);
#260=CIRCLE('',#6810,0.00325);
#261=CIRCLE('',#6811,0.00325);
#262=CIRCLE('',#6812,0.00325);
#263=CIRCLE('',#6813,0.00325);
#264=CIRCLE('',#6814,0.00325);
#265=CIRCLE('',#6817,0.00374260398254569);
#266=CIRCLE('',#6818,0.00374260398254569);
#267=CIRCLE('',#6819,0.00374260398254569);
#268=CIRCLE('',#6825,0.00374260398254567);
#269=CIRCLE('',#6826,0.00374260398254567);
#270=CIRCLE('',#6827,0.00374260398254567);
#271=CIRCLE('',#6831,0.00374260398254566);
#272=CIRCLE('',#6832,0.00374260398254566);
#273=CIRCLE('',#6833,0.00374260398254566);
#274=CIRCLE('',#6837,0.00375000000000133);
#275=CIRCLE('',#6839,0.00375000000000118);
#276=CIRCLE('',#6842,0.00375000000000464);
#277=CIRCLE('',#6849,0.00375000000000133);
#278=CIRCLE('',#6852,0.00375000000000118);
#279=CIRCLE('',#6856,0.00375000000000464);
#280=CIRCLE('',#6859,0.00375000000000155);
#281=CIRCLE('',#6860,0.00375000000000155);
#282=CIRCLE('',#6864,0.00325);
#283=CIRCLE('',#6865,0.00374260398254569);
#284=CIRCLE('',#6867,0.00325);
#285=CIRCLE('',#6868,0.00374260398254567);
#286=CIRCLE('',#6870,0.00374260398254566);
#287=CIRCLE('',#6872,0.00374260398254566);
#288=CIRCLE('',#6873,0.00325);
#289=CIRCLE('',#6875,0.01875);
#290=CIRCLE('',#6877,0.01875);
#291=CIRCLE('',#6879,0.01875);
#292=CIRCLE('',#6881,0.019);
#293=CIRCLE('',#6883,0.01875);
#294=CIRCLE('',#6885,0.01875);
#295=CIRCLE('',#6886,0.01875);
#296=CIRCLE('',#6887,0.01875);
#297=CIRCLE('',#6909,0.00325);
#298=CIRCLE('',#6910,0.00325);
#299=CIRCLE('',#6911,0.00325);
#300=CIRCLE('',#6912,0.00325);
#301=CIRCLE('',#6913,0.00325);
#302=CIRCLE('',#6914,0.00325);
#303=CIRCLE('',#6917,0.00374260398254569);
#304=CIRCLE('',#6918,0.00374260398254569);
#305=CIRCLE('',#6919,0.00374260398254569);
#306=CIRCLE('',#6925,0.00374260398254567);
#307=CIRCLE('',#6926,0.00374260398254567);
#308=CIRCLE('',#6927,0.00374260398254567);
#309=CIRCLE('',#6931,0.00374260398254566);
#310=CIRCLE('',#6932,0.00374260398254566);
#311=CIRCLE('',#6933,0.00374260398254566);
#312=CIRCLE('',#6937,0.00375000000000133);
#313=CIRCLE('',#6939,0.00375000000000118);
#314=CIRCLE('',#6942,0.00375000000000464);
#315=CIRCLE('',#6949,0.00375000000000133);
#316=CIRCLE('',#6952,0.00375000000000118);
#317=CIRCLE('',#6956,0.00375000000000464);
#318=CIRCLE('',#6959,0.00375000000000155);
#319=CIRCLE('',#6960,0.00375000000000155);
#320=CIRCLE('',#6964,0.00374260398254567);
#321=CIRCLE('',#6965,0.00375000000000155);
#322=CIRCLE('',#6967,0.00374260398254566);
#323=CIRCLE('',#6968,0.00374260398254566);
#324=CIRCLE('',#6969,0.00375000000000133);
#325=CIRCLE('',#6970,0.00375000000000118);
#326=CIRCLE('',#6971,0.00375000000000464);
#327=CIRCLE('',#6972,0.00375000000000155);
#328=CIRCLE('',#6976,0.00375000000000464);
#329=CIRCLE('',#6980,0.00375000000000118);
#330=CIRCLE('',#6983,0.00375000000000133);
#331=CIRCLE('',#6990,0.00374260398254567);
#332=CIRCLE('',#6992,0.00325);
#333=CIRCLE('',#6993,0.00325);
#334=CIRCLE('',#6994,0.00325);
#335=CIRCLE('',#6996,0.00374260398254569);
#336=CIRCLE('',#6998,0.00374260398254569);
#337=CIRCLE('',#7000,0.00374260398254566);
#338=CIRCLE('',#7001,0.00325);
#339=CIRCLE('',#7004,0.00374260398254566);
#340=CIRCLE('',#7005,0.00374260398254566);
#341=CIRCLE('',#7008,0.00325);
#342=CIRCLE('',#7009,0.00374260398254567);
#343=CIRCLE('',#7011,0.00374260398254567);
#344=CIRCLE('',#7015,0.00325);
#345=CIRCLE('',#7016,0.00374260398254569);
#346=CIRCLE('',#7019,0.00374260398254569);
#347=CIRCLE('',#7022,0.00325);
#348=CIRCLE('',#7023,0.00325);
#349=CIRCLE('',#7024,0.00325);
#350=CIRCLE('',#7043,0.01875);
#351=CIRCLE('',#7045,0.01875);
#352=CIRCLE('',#7047,0.01875);
#353=CIRCLE('',#7049,0.019);
#354=CIRCLE('',#7050,0.01875);
#355=CIRCLE('',#7051,0.01875);
#356=CIRCLE('',#7052,0.01875);
#357=CIRCLE('',#7053,0.01875);
#358=CIRCLE('',#7064,0.00325);
#359=CIRCLE('',#7065,0.00374260398254569);
#360=CIRCLE('',#7067,0.00325);
#361=CIRCLE('',#7068,0.00374260398254567);
#362=CIRCLE('',#7070,0.00374260398254566);
#363=CIRCLE('',#7072,0.00374260398254566);
#364=CIRCLE('',#7073,0.00325);
#365=CIRCLE('',#7075,0.01875);
#366=CIRCLE('',#7077,0.01875);
#367=CIRCLE('',#7079,0.01875);
#368=CIRCLE('',#7081,0.019);
#369=CIRCLE('',#7083,0.01875);
#370=CIRCLE('',#7085,0.01875);
#371=CIRCLE('',#7086,0.01875);
#372=CIRCLE('',#7087,0.01875);
#373=CIRCLE('',#7109,0.00325);
#374=CIRCLE('',#7110,0.00325);
#375=CIRCLE('',#7111,0.00325);
#376=CIRCLE('',#7112,0.00325);
#377=CIRCLE('',#7113,0.00325);
#378=CIRCLE('',#7114,0.00325);
#379=CIRCLE('',#7117,0.00374260398254569);
#380=CIRCLE('',#7118,0.00374260398254569);
#381=CIRCLE('',#7119,0.00374260398254569);
#382=CIRCLE('',#7125,0.00374260398254567);
#383=CIRCLE('',#7126,0.00374260398254567);
#384=CIRCLE('',#7127,0.00374260398254567);
#385=CIRCLE('',#7131,0.00374260398254566);
#386=CIRCLE('',#7132,0.00374260398254566);
#387=CIRCLE('',#7133,0.00374260398254566);
#388=CIRCLE('',#7137,0.00375000000000133);
#389=CIRCLE('',#7139,0.00375000000000118);
#390=CIRCLE('',#7142,0.00375000000000464);
#391=CIRCLE('',#7149,0.00375000000000133);
#392=CIRCLE('',#7152,0.00375000000000118);
#393=CIRCLE('',#7156,0.00375000000000464);
#394=CIRCLE('',#7159,0.00375000000000155);
#395=CIRCLE('',#7160,0.00375000000000155);
#396=ORIENTED_EDGE('',*,*,#2308,.F.);
#397=ORIENTED_EDGE('',*,*,#2309,.T.);
#398=ORIENTED_EDGE('',*,*,#2310,.T.);
#399=ORIENTED_EDGE('',*,*,#2311,.F.);
#400=ORIENTED_EDGE('',*,*,#2312,.F.);
#401=ORIENTED_EDGE('',*,*,#2313,.T.);
#402=ORIENTED_EDGE('',*,*,#2314,.T.);
#403=ORIENTED_EDGE('',*,*,#2315,.F.);
#404=ORIENTED_EDGE('',*,*,#2316,.F.);
#405=ORIENTED_EDGE('',*,*,#2317,.F.);
#406=ORIENTED_EDGE('',*,*,#2318,.T.);
#407=ORIENTED_EDGE('',*,*,#2319,.F.);
#408=ORIENTED_EDGE('',*,*,#2320,.T.);
#409=ORIENTED_EDGE('',*,*,#2321,.T.);
#410=ORIENTED_EDGE('',*,*,#2322,.F.);
#411=ORIENTED_EDGE('',*,*,#2323,.F.);
#412=ORIENTED_EDGE('',*,*,#2324,.F.);
#413=ORIENTED_EDGE('',*,*,#2325,.F.);
#414=ORIENTED_EDGE('',*,*,#2326,.T.);
#415=ORIENTED_EDGE('',*,*,#2327,.T.);
#416=ORIENTED_EDGE('',*,*,#2328,.F.);
#417=ORIENTED_EDGE('',*,*,#2329,.T.);
#418=ORIENTED_EDGE('',*,*,#2330,.T.);
#419=ORIENTED_EDGE('',*,*,#2331,.F.);
#420=ORIENTED_EDGE('',*,*,#2332,.F.);
#421=ORIENTED_EDGE('',*,*,#2333,.T.);
#422=ORIENTED_EDGE('',*,*,#2334,.T.);
#423=ORIENTED_EDGE('',*,*,#2335,.F.);
#424=ORIENTED_EDGE('',*,*,#2336,.F.);
#425=ORIENTED_EDGE('',*,*,#2337,.T.);
#426=ORIENTED_EDGE('',*,*,#2338,.T.);
#427=ORIENTED_EDGE('',*,*,#2339,.F.);
#428=ORIENTED_EDGE('',*,*,#2340,.T.);
#429=ORIENTED_EDGE('',*,*,#2341,.T.);
#430=ORIENTED_EDGE('',*,*,#2342,.F.);
#431=ORIENTED_EDGE('',*,*,#2343,.T.);
#432=ORIENTED_EDGE('',*,*,#2344,.T.);
#433=ORIENTED_EDGE('',*,*,#2345,.T.);
#434=ORIENTED_EDGE('',*,*,#2346,.F.);
#435=ORIENTED_EDGE('',*,*,#2347,.T.);
#436=ORIENTED_EDGE('',*,*,#2348,.F.);
#437=ORIENTED_EDGE('',*,*,#2349,.F.);
#438=ORIENTED_EDGE('',*,*,#2350,.F.);
#439=ORIENTED_EDGE('',*,*,#2351,.F.);
#440=ORIENTED_EDGE('',*,*,#2352,.F.);
#441=ORIENTED_EDGE('',*,*,#2353,.T.);
#442=ORIENTED_EDGE('',*,*,#2354,.T.);
#443=ORIENTED_EDGE('',*,*,#2355,.F.);
#444=ORIENTED_EDGE('',*,*,#2356,.F.);
#445=ORIENTED_EDGE('',*,*,#2357,.T.);
#446=ORIENTED_EDGE('',*,*,#2358,.T.);
#447=ORIENTED_EDGE('',*,*,#2359,.F.);
#448=ORIENTED_EDGE('',*,*,#2360,.F.);
#449=ORIENTED_EDGE('',*,*,#2361,.F.);
#450=ORIENTED_EDGE('',*,*,#2362,.T.);
#451=ORIENTED_EDGE('',*,*,#2363,.F.);
#452=ORIENTED_EDGE('',*,*,#2364,.F.);
#453=ORIENTED_EDGE('',*,*,#2365,.T.);
#454=ORIENTED_EDGE('',*,*,#2366,.T.);
#455=ORIENTED_EDGE('',*,*,#2367,.T.);
#456=ORIENTED_EDGE('',*,*,#2368,.F.);
#457=ORIENTED_EDGE('',*,*,#2369,.T.);
#458=ORIENTED_EDGE('',*,*,#2370,.T.);
#459=ORIENTED_EDGE('',*,*,#2371,.T.);
#460=ORIENTED_EDGE('',*,*,#2372,.T.);
#461=ORIENTED_EDGE('',*,*,#2373,.T.);
#462=ORIENTED_EDGE('',*,*,#2374,.T.);
#463=ORIENTED_EDGE('',*,*,#2375,.T.);
#464=ORIENTED_EDGE('',*,*,#2376,.T.);
#465=ORIENTED_EDGE('',*,*,#2377,.F.);
#466=ORIENTED_EDGE('',*,*,#2378,.T.);
#467=ORIENTED_EDGE('',*,*,#2379,.T.);
#468=ORIENTED_EDGE('',*,*,#2380,.F.);
#469=ORIENTED_EDGE('',*,*,#2381,.T.);
#470=ORIENTED_EDGE('',*,*,#2382,.F.);
#471=ORIENTED_EDGE('',*,*,#2383,.F.);
#472=ORIENTED_EDGE('',*,*,#2384,.T.);
#473=ORIENTED_EDGE('',*,*,#2385,.T.);
#474=ORIENTED_EDGE('',*,*,#2344,.F.);
#475=ORIENTED_EDGE('',*,*,#2386,.T.);
#476=ORIENTED_EDGE('',*,*,#2387,.T.);
#477=ORIENTED_EDGE('',*,*,#2388,.F.);
#478=ORIENTED_EDGE('',*,*,#2389,.F.);
#479=ORIENTED_EDGE('',*,*,#2390,.F.);
#480=ORIENTED_EDGE('',*,*,#2391,.T.);
#481=ORIENTED_EDGE('',*,*,#2392,.T.);
#482=ORIENTED_EDGE('',*,*,#2393,.T.);
#483=ORIENTED_EDGE('',*,*,#2394,.F.);
#484=ORIENTED_EDGE('',*,*,#2395,.F.);
#485=ORIENTED_EDGE('',*,*,#2396,.T.);
#486=ORIENTED_EDGE('',*,*,#2397,.T.);
#487=ORIENTED_EDGE('',*,*,#2398,.F.);
#488=ORIENTED_EDGE('',*,*,#2399,.T.);
#489=ORIENTED_EDGE('',*,*,#2342,.T.);
#490=ORIENTED_EDGE('',*,*,#2400,.T.);
#491=ORIENTED_EDGE('',*,*,#2401,.F.);
#492=ORIENTED_EDGE('',*,*,#2402,.F.);
#493=ORIENTED_EDGE('',*,*,#2403,.T.);
#494=ORIENTED_EDGE('',*,*,#2404,.T.);
#495=ORIENTED_EDGE('',*,*,#2405,.F.);
#496=ORIENTED_EDGE('',*,*,#2406,.F.);
#497=ORIENTED_EDGE('',*,*,#2407,.F.);
#498=ORIENTED_EDGE('',*,*,#2408,.T.);
#499=ORIENTED_EDGE('',*,*,#2409,.F.);
#500=ORIENTED_EDGE('',*,*,#2410,.F.);
#501=ORIENTED_EDGE('',*,*,#2411,.T.);
#502=ORIENTED_EDGE('',*,*,#2412,.T.);
#503=ORIENTED_EDGE('',*,*,#2413,.F.);
#504=ORIENTED_EDGE('',*,*,#2414,.F.);
#505=ORIENTED_EDGE('',*,*,#2415,.T.);
#506=ORIENTED_EDGE('',*,*,#2416,.T.);
#507=ORIENTED_EDGE('',*,*,#2417,.F.);
#508=ORIENTED_EDGE('',*,*,#2418,.F.);
#509=ORIENTED_EDGE('',*,*,#2419,.F.);
#510=ORIENTED_EDGE('',*,*,#2420,.T.);
#511=ORIENTED_EDGE('',*,*,#2421,.T.);
#512=ORIENTED_EDGE('',*,*,#2422,.T.);
#513=ORIENTED_EDGE('',*,*,#2423,.F.);
#514=ORIENTED_EDGE('',*,*,#2424,.T.);
#515=ORIENTED_EDGE('',*,*,#2425,.T.);
#516=ORIENTED_EDGE('',*,*,#2426,.F.);
#517=ORIENTED_EDGE('',*,*,#2390,.T.);
#518=ORIENTED_EDGE('',*,*,#2427,.T.);
#519=ORIENTED_EDGE('',*,*,#2428,.T.);
#520=ORIENTED_EDGE('',*,*,#2429,.F.);
#521=ORIENTED_EDGE('',*,*,#2430,.T.);
#522=ORIENTED_EDGE('',*,*,#2431,.T.);
#523=ORIENTED_EDGE('',*,*,#2432,.T.);
#524=ORIENTED_EDGE('',*,*,#2433,.F.);
#525=ORIENTED_EDGE('',*,*,#2434,.T.);
#526=ORIENTED_EDGE('',*,*,#2435,.T.);
#527=ORIENTED_EDGE('',*,*,#2436,.T.);
#528=ORIENTED_EDGE('',*,*,#2437,.F.);
#529=ORIENTED_EDGE('',*,*,#2438,.T.);
#530=ORIENTED_EDGE('',*,*,#2439,.T.);
#531=ORIENTED_EDGE('',*,*,#2440,.T.);
#532=ORIENTED_EDGE('',*,*,#2441,.F.);
#533=ORIENTED_EDGE('',*,*,#2442,.T.);
#534=ORIENTED_EDGE('',*,*,#2443,.F.);
#535=ORIENTED_EDGE('',*,*,#2384,.F.);
#536=ORIENTED_EDGE('',*,*,#2444,.F.);
#537=ORIENTED_EDGE('',*,*,#2445,.F.);
#538=ORIENTED_EDGE('',*,*,#2446,.F.);
#539=ORIENTED_EDGE('',*,*,#2447,.T.);
#540=ORIENTED_EDGE('',*,*,#2448,.F.);
#541=ORIENTED_EDGE('',*,*,#2449,.F.);
#542=ORIENTED_EDGE('',*,*,#2450,.F.);
#543=ORIENTED_EDGE('',*,*,#2451,.F.);
#544=ORIENTED_EDGE('',*,*,#2452,.T.);
#545=ORIENTED_EDGE('',*,*,#2453,.T.);
#546=ORIENTED_EDGE('',*,*,#2454,.F.);
#547=ORIENTED_EDGE('',*,*,#2455,.F.);
#548=ORIENTED_EDGE('',*,*,#2456,.T.);
#549=ORIENTED_EDGE('',*,*,#2457,.T.);
#550=ORIENTED_EDGE('',*,*,#2458,.F.);
#551=ORIENTED_EDGE('',*,*,#2459,.F.);
#552=ORIENTED_EDGE('',*,*,#2460,.T.);
#553=ORIENTED_EDGE('',*,*,#2461,.T.);
#554=ORIENTED_EDGE('',*,*,#2462,.F.);
#555=ORIENTED_EDGE('',*,*,#2463,.T.);
#556=ORIENTED_EDGE('',*,*,#2464,.F.);
#557=ORIENTED_EDGE('',*,*,#2465,.F.);
#558=ORIENTED_EDGE('',*,*,#2466,.T.);
#559=ORIENTED_EDGE('',*,*,#2467,.F.);
#560=ORIENTED_EDGE('',*,*,#2468,.T.);
#561=ORIENTED_EDGE('',*,*,#2469,.F.);
#562=ORIENTED_EDGE('',*,*,#2470,.F.);
#563=ORIENTED_EDGE('',*,*,#2471,.F.);
#564=ORIENTED_EDGE('',*,*,#2472,.T.);
#565=ORIENTED_EDGE('',*,*,#2473,.F.);
#566=ORIENTED_EDGE('',*,*,#2474,.F.);
#567=ORIENTED_EDGE('',*,*,#2475,.F.);
#568=ORIENTED_EDGE('',*,*,#2476,.T.);
#569=ORIENTED_EDGE('',*,*,#2477,.F.);
#570=ORIENTED_EDGE('',*,*,#2478,.F.);
#571=ORIENTED_EDGE('',*,*,#2479,.F.);
#572=ORIENTED_EDGE('',*,*,#2480,.T.);
#573=ORIENTED_EDGE('',*,*,#2481,.F.);
#574=ORIENTED_EDGE('',*,*,#2482,.F.);
#575=ORIENTED_EDGE('',*,*,#2483,.T.);
#576=ORIENTED_EDGE('',*,*,#2484,.F.);
#577=ORIENTED_EDGE('',*,*,#2485,.T.);
#578=ORIENTED_EDGE('',*,*,#2486,.T.);
#579=ORIENTED_EDGE('',*,*,#2487,.F.);
#580=ORIENTED_EDGE('',*,*,#2488,.F.);
#581=ORIENTED_EDGE('',*,*,#2489,.T.);
#582=ORIENTED_EDGE('',*,*,#2490,.F.);
#583=ORIENTED_EDGE('',*,*,#2491,.F.);
#584=ORIENTED_EDGE('',*,*,#2492,.F.);
#585=ORIENTED_EDGE('',*,*,#2493,.T.);
#586=ORIENTED_EDGE('',*,*,#2494,.T.);
#587=ORIENTED_EDGE('',*,*,#2495,.F.);
#588=ORIENTED_EDGE('',*,*,#2496,.F.);
#589=ORIENTED_EDGE('',*,*,#2497,.T.);
#590=ORIENTED_EDGE('',*,*,#2498,.F.);
#591=ORIENTED_EDGE('',*,*,#2499,.F.);
#592=ORIENTED_EDGE('',*,*,#2310,.F.);
#593=ORIENTED_EDGE('',*,*,#2500,.T.);
#594=ORIENTED_EDGE('',*,*,#2495,.T.);
#595=ORIENTED_EDGE('',*,*,#2501,.T.);
#596=ORIENTED_EDGE('',*,*,#2502,.F.);
#597=ORIENTED_EDGE('',*,*,#2503,.F.);
#598=ORIENTED_EDGE('',*,*,#2504,.T.);
#599=ORIENTED_EDGE('',*,*,#2505,.F.);
#600=ORIENTED_EDGE('',*,*,#2506,.F.);
#601=ORIENTED_EDGE('',*,*,#2507,.F.);
#602=ORIENTED_EDGE('',*,*,#2508,.T.);
#603=ORIENTED_EDGE('',*,*,#2509,.T.);
#604=ORIENTED_EDGE('',*,*,#2510,.T.);
#605=ORIENTED_EDGE('',*,*,#2511,.T.);
#606=ORIENTED_EDGE('',*,*,#2512,.F.);
#607=ORIENTED_EDGE('',*,*,#2513,.F.);
#608=ORIENTED_EDGE('',*,*,#2514,.T.);
#609=ORIENTED_EDGE('',*,*,#2515,.T.);
#610=ORIENTED_EDGE('',*,*,#2516,.F.);
#611=ORIENTED_EDGE('',*,*,#2517,.F.);
#612=ORIENTED_EDGE('',*,*,#2518,.T.);
#613=ORIENTED_EDGE('',*,*,#2519,.T.);
#614=ORIENTED_EDGE('',*,*,#2520,.F.);
#615=ORIENTED_EDGE('',*,*,#2521,.T.);
#616=ORIENTED_EDGE('',*,*,#2522,.T.);
#617=ORIENTED_EDGE('',*,*,#2523,.F.);
#618=ORIENTED_EDGE('',*,*,#2524,.F.);
#619=ORIENTED_EDGE('',*,*,#2525,.T.);
#620=ORIENTED_EDGE('',*,*,#2526,.F.);
#621=ORIENTED_EDGE('',*,*,#2527,.T.);
#622=ORIENTED_EDGE('',*,*,#2528,.F.);
#623=ORIENTED_EDGE('',*,*,#2529,.F.);
#624=ORIENTED_EDGE('',*,*,#2530,.F.);
#625=ORIENTED_EDGE('',*,*,#2531,.F.);
#626=ORIENTED_EDGE('',*,*,#2532,.F.);
#627=ORIENTED_EDGE('',*,*,#2533,.F.);
#628=ORIENTED_EDGE('',*,*,#2534,.F.);
#629=ORIENTED_EDGE('',*,*,#2535,.F.);
#630=ORIENTED_EDGE('',*,*,#2308,.T.);
#631=ORIENTED_EDGE('',*,*,#2536,.F.);
#632=ORIENTED_EDGE('',*,*,#2485,.F.);
#633=ORIENTED_EDGE('',*,*,#2537,.T.);
#634=ORIENTED_EDGE('',*,*,#2538,.T.);
#635=ORIENTED_EDGE('',*,*,#2539,.T.);
#636=ORIENTED_EDGE('',*,*,#2540,.T.);
#637=ORIENTED_EDGE('',*,*,#2541,.F.);
#638=ORIENTED_EDGE('',*,*,#2542,.T.);
#639=ORIENTED_EDGE('',*,*,#2543,.T.);
#640=ORIENTED_EDGE('',*,*,#2544,.T.);
#641=ORIENTED_EDGE('',*,*,#2545,.F.);
#642=ORIENTED_EDGE('',*,*,#2546,.F.);
#643=ORIENTED_EDGE('',*,*,#2547,.T.);
#644=ORIENTED_EDGE('',*,*,#2548,.F.);
#645=ORIENTED_EDGE('',*,*,#2549,.F.);
#646=ORIENTED_EDGE('',*,*,#2550,.T.);
#647=ORIENTED_EDGE('',*,*,#2551,.T.);
#648=ORIENTED_EDGE('',*,*,#2552,.F.);
#649=ORIENTED_EDGE('',*,*,#2553,.F.);
#650=ORIENTED_EDGE('',*,*,#2554,.T.);
#651=ORIENTED_EDGE('',*,*,#2555,.T.);
#652=ORIENTED_EDGE('',*,*,#2556,.F.);
#653=ORIENTED_EDGE('',*,*,#2557,.T.);
#654=ORIENTED_EDGE('',*,*,#2558,.T.);
#655=ORIENTED_EDGE('',*,*,#2559,.F.);
#656=ORIENTED_EDGE('',*,*,#2560,.F.);
#657=ORIENTED_EDGE('',*,*,#2561,.T.);
#658=ORIENTED_EDGE('',*,*,#2562,.T.);
#659=ORIENTED_EDGE('',*,*,#2563,.T.);
#660=ORIENTED_EDGE('',*,*,#2564,.T.);
#661=ORIENTED_EDGE('',*,*,#2565,.T.);
#662=ORIENTED_EDGE('',*,*,#2566,.F.);
#663=ORIENTED_EDGE('',*,*,#2567,.T.);
#664=ORIENTED_EDGE('',*,*,#2568,.T.);
#665=ORIENTED_EDGE('',*,*,#2569,.T.);
#666=ORIENTED_EDGE('',*,*,#2570,.F.);
#667=ORIENTED_EDGE('',*,*,#2571,.T.);
#668=ORIENTED_EDGE('',*,*,#2572,.T.);
#669=ORIENTED_EDGE('',*,*,#2573,.T.);
#670=ORIENTED_EDGE('',*,*,#2574,.F.);
#671=ORIENTED_EDGE('',*,*,#2575,.T.);
#672=ORIENTED_EDGE('',*,*,#2576,.F.);
#673=ORIENTED_EDGE('',*,*,#2577,.F.);
#674=ORIENTED_EDGE('',*,*,#2578,.T.);
#675=ORIENTED_EDGE('',*,*,#2579,.T.);
#676=ORIENTED_EDGE('',*,*,#2580,.F.);
#677=ORIENTED_EDGE('',*,*,#2581,.F.);
#678=ORIENTED_EDGE('',*,*,#2582,.T.);
#679=ORIENTED_EDGE('',*,*,#2583,.T.);
#680=ORIENTED_EDGE('',*,*,#2584,.F.);
#681=ORIENTED_EDGE('',*,*,#2418,.T.);
#682=ORIENTED_EDGE('',*,*,#2585,.T.);
#683=ORIENTED_EDGE('',*,*,#2321,.F.);
#684=ORIENTED_EDGE('',*,*,#2586,.F.);
#685=ORIENTED_EDGE('',*,*,#2423,.T.);
#686=ORIENTED_EDGE('',*,*,#2587,.T.);
#687=ORIENTED_EDGE('',*,*,#2318,.F.);
#688=ORIENTED_EDGE('',*,*,#2588,.F.);
#689=ORIENTED_EDGE('',*,*,#2589,.F.);
#690=ORIENTED_EDGE('',*,*,#2590,.T.);
#691=ORIENTED_EDGE('',*,*,#2591,.T.);
#692=ORIENTED_EDGE('',*,*,#2592,.F.);
#693=ORIENTED_EDGE('',*,*,#2593,.T.);
#694=ORIENTED_EDGE('',*,*,#2594,.T.);
#695=ORIENTED_EDGE('',*,*,#2595,.T.);
#696=ORIENTED_EDGE('',*,*,#2596,.F.);
#697=ORIENTED_EDGE('',*,*,#2540,.F.);
#698=ORIENTED_EDGE('',*,*,#2597,.T.);
#699=ORIENTED_EDGE('',*,*,#2528,.T.);
#700=ORIENTED_EDGE('',*,*,#2598,.F.);
#701=ORIENTED_EDGE('',*,*,#2599,.F.);
#702=ORIENTED_EDGE('',*,*,#2557,.F.);
#703=ORIENTED_EDGE('',*,*,#2600,.T.);
#704=ORIENTED_EDGE('',*,*,#2503,.T.);
#705=ORIENTED_EDGE('',*,*,#2537,.F.);
#706=ORIENTED_EDGE('',*,*,#2601,.T.);
#707=ORIENTED_EDGE('',*,*,#2533,.T.);
#708=ORIENTED_EDGE('',*,*,#2602,.F.);
#709=ORIENTED_EDGE('',*,*,#2603,.F.);
#710=ORIENTED_EDGE('',*,*,#2562,.F.);
#711=ORIENTED_EDGE('',*,*,#2604,.F.);
#712=ORIENTED_EDGE('',*,*,#2506,.T.);
#713=ORIENTED_EDGE('',*,*,#2605,.F.);
#714=ORIENTED_EDGE('',*,*,#2606,.F.);
#715=ORIENTED_EDGE('',*,*,#2607,.T.);
#716=ORIENTED_EDGE('',*,*,#2524,.T.);
#717=ORIENTED_EDGE('',*,*,#2608,.T.);
#718=ORIENTED_EDGE('',*,*,#2609,.T.);
#719=ORIENTED_EDGE('',*,*,#2610,.T.);
#720=ORIENTED_EDGE('',*,*,#2611,.F.);
#721=ORIENTED_EDGE('',*,*,#2612,.T.);
#722=ORIENTED_EDGE('',*,*,#2613,.T.);
#723=ORIENTED_EDGE('',*,*,#2614,.T.);
#724=ORIENTED_EDGE('',*,*,#2615,.F.);
#725=ORIENTED_EDGE('',*,*,#2616,.T.);
#726=ORIENTED_EDGE('',*,*,#2617,.T.);
#727=ORIENTED_EDGE('',*,*,#2618,.T.);
#728=ORIENTED_EDGE('',*,*,#2619,.T.);
#729=ORIENTED_EDGE('',*,*,#2620,.T.);
#730=ORIENTED_EDGE('',*,*,#2621,.T.);
#731=ORIENTED_EDGE('',*,*,#2622,.F.);
#732=ORIENTED_EDGE('',*,*,#2623,.F.);
#733=ORIENTED_EDGE('',*,*,#2624,.T.);
#734=ORIENTED_EDGE('',*,*,#2363,.T.);
#735=ORIENTED_EDGE('',*,*,#2625,.F.);
#736=ORIENTED_EDGE('',*,*,#2626,.T.);
#737=ORIENTED_EDGE('',*,*,#2355,.T.);
#738=ORIENTED_EDGE('',*,*,#2627,.F.);
#739=ORIENTED_EDGE('',*,*,#2628,.F.);
#740=ORIENTED_EDGE('',*,*,#2629,.T.);
#741=ORIENTED_EDGE('',*,*,#2351,.T.);
#742=ORIENTED_EDGE('',*,*,#2630,.F.);
#743=ORIENTED_EDGE('',*,*,#2381,.F.);
#744=ORIENTED_EDGE('',*,*,#2631,.F.);
#745=ORIENTED_EDGE('',*,*,#2632,.T.);
#746=ORIENTED_EDGE('',*,*,#2633,.T.);
#747=ORIENTED_EDGE('',*,*,#2634,.F.);
#748=ORIENTED_EDGE('',*,*,#2635,.T.);
#749=ORIENTED_EDGE('',*,*,#2360,.T.);
#750=ORIENTED_EDGE('',*,*,#2636,.F.);
#751=ORIENTED_EDGE('',*,*,#2632,.F.);
#752=ORIENTED_EDGE('',*,*,#2637,.F.);
#753=ORIENTED_EDGE('',*,*,#2623,.T.);
#754=ORIENTED_EDGE('',*,*,#2638,.T.);
#755=ORIENTED_EDGE('',*,*,#2625,.T.);
#756=ORIENTED_EDGE('',*,*,#2639,.T.);
#757=ORIENTED_EDGE('',*,*,#2628,.T.);
#758=ORIENTED_EDGE('',*,*,#2640,.T.);
#759=ORIENTED_EDGE('',*,*,#2634,.T.);
#760=ORIENTED_EDGE('',*,*,#2641,.F.);
#761=ORIENTED_EDGE('',*,*,#2642,.F.);
#762=ORIENTED_EDGE('',*,*,#2404,.F.);
#763=ORIENTED_EDGE('',*,*,#2643,.F.);
#764=ORIENTED_EDGE('',*,*,#2388,.T.);
#765=ORIENTED_EDGE('',*,*,#2638,.F.);
#766=ORIENTED_EDGE('',*,*,#2644,.F.);
#767=ORIENTED_EDGE('',*,*,#2477,.T.);
#768=ORIENTED_EDGE('',*,*,#2645,.T.);
#769=ORIENTED_EDGE('',*,*,#2639,.F.);
#770=ORIENTED_EDGE('',*,*,#2646,.F.);
#771=ORIENTED_EDGE('',*,*,#2473,.T.);
#772=ORIENTED_EDGE('',*,*,#2647,.T.);
#773=ORIENTED_EDGE('',*,*,#2640,.F.);
#774=ORIENTED_EDGE('',*,*,#2648,.F.);
#775=ORIENTED_EDGE('',*,*,#2469,.T.);
#776=ORIENTED_EDGE('',*,*,#2649,.T.);
#777=ORIENTED_EDGE('',*,*,#2650,.F.);
#778=ORIENTED_EDGE('',*,*,#2448,.T.);
#779=ORIENTED_EDGE('',*,*,#2651,.T.);
#780=ORIENTED_EDGE('',*,*,#2367,.F.);
#781=ORIENTED_EDGE('',*,*,#2465,.T.);
#782=ORIENTED_EDGE('',*,*,#2652,.T.);
#783=ORIENTED_EDGE('',*,*,#2375,.F.);
#784=ORIENTED_EDGE('',*,*,#2653,.F.);
#785=ORIENTED_EDGE('',*,*,#2445,.T.);
#786=ORIENTED_EDGE('',*,*,#2654,.T.);
#787=ORIENTED_EDGE('',*,*,#2372,.F.);
#788=ORIENTED_EDGE('',*,*,#2655,.F.);
#789=ORIENTED_EDGE('',*,*,#2656,.F.);
#790=ORIENTED_EDGE('',*,*,#2657,.T.);
#791=ORIENTED_EDGE('',*,*,#2482,.T.);
#792=ORIENTED_EDGE('',*,*,#2658,.F.);
#793=ORIENTED_EDGE('',*,*,#2393,.F.);
#794=ORIENTED_EDGE('',*,*,#2659,.T.);
#795=ORIENTED_EDGE('',*,*,#2660,.T.);
#796=ORIENTED_EDGE('',*,*,#2427,.F.);
#797=ORIENTED_EDGE('',*,*,#2661,.F.);
#798=ORIENTED_EDGE('',*,*,#2483,.F.);
#799=ORIENTED_EDGE('',*,*,#2657,.F.);
#800=ORIENTED_EDGE('',*,*,#2662,.T.);
#801=ORIENTED_EDGE('',*,*,#2663,.T.);
#802=ORIENTED_EDGE('',*,*,#2664,.T.);
#803=ORIENTED_EDGE('',*,*,#2665,.F.);
#804=ORIENTED_EDGE('',*,*,#2378,.F.);
#805=ORIENTED_EDGE('',*,*,#2481,.T.);
#806=ORIENTED_EDGE('',*,*,#2666,.F.);
#807=ORIENTED_EDGE('',*,*,#2379,.F.);
#808=ORIENTED_EDGE('',*,*,#2665,.T.);
#809=ORIENTED_EDGE('',*,*,#2667,.T.);
#810=ORIENTED_EDGE('',*,*,#2658,.T.);
#811=ORIENTED_EDGE('',*,*,#2666,.T.);
#812=ORIENTED_EDGE('',*,*,#2480,.F.);
#813=ORIENTED_EDGE('',*,*,#2668,.T.);
#814=ORIENTED_EDGE('',*,*,#2364,.T.);
#815=ORIENTED_EDGE('',*,*,#2624,.F.);
#816=ORIENTED_EDGE('',*,*,#2637,.T.);
#817=ORIENTED_EDGE('',*,*,#2631,.T.);
#818=ORIENTED_EDGE('',*,*,#2380,.T.);
#819=ORIENTED_EDGE('',*,*,#2669,.F.);
#820=ORIENTED_EDGE('',*,*,#2670,.T.);
#821=ORIENTED_EDGE('',*,*,#2326,.F.);
#822=ORIENTED_EDGE('',*,*,#2671,.F.);
#823=ORIENTED_EDGE('',*,*,#2429,.T.);
#824=ORIENTED_EDGE('',*,*,#2672,.F.);
#825=ORIENTED_EDGE('',*,*,#2347,.F.);
#826=ORIENTED_EDGE('',*,*,#2673,.F.);
#827=ORIENTED_EDGE('',*,*,#2428,.F.);
#828=ORIENTED_EDGE('',*,*,#2660,.F.);
#829=ORIENTED_EDGE('',*,*,#2674,.F.);
#830=ORIENTED_EDGE('',*,*,#2675,.F.);
#831=ORIENTED_EDGE('',*,*,#2348,.T.);
#832=ORIENTED_EDGE('',*,*,#2672,.T.);
#833=ORIENTED_EDGE('',*,*,#2676,.F.);
#834=ORIENTED_EDGE('',*,*,#2400,.F.);
#835=ORIENTED_EDGE('',*,*,#2349,.T.);
#836=ORIENTED_EDGE('',*,*,#2675,.T.);
#837=ORIENTED_EDGE('',*,*,#2677,.F.);
#838=ORIENTED_EDGE('',*,*,#2678,.F.);
#839=ORIENTED_EDGE('',*,*,#2663,.F.);
#840=ORIENTED_EDGE('',*,*,#2377,.T.);
#841=ORIENTED_EDGE('',*,*,#2395,.T.);
#842=ORIENTED_EDGE('',*,*,#2679,.T.);
#843=ORIENTED_EDGE('',*,*,#2386,.F.);
#844=ORIENTED_EDGE('',*,*,#2680,.T.);
#845=ORIENTED_EDGE('',*,*,#2667,.F.);
#846=ORIENTED_EDGE('',*,*,#2681,.T.);
#847=ORIENTED_EDGE('',*,*,#2682,.T.);
#848=ORIENTED_EDGE('',*,*,#2683,.F.);
#849=ORIENTED_EDGE('',*,*,#2684,.F.);
#850=ORIENTED_EDGE('',*,*,#2674,.T.);
#851=ORIENTED_EDGE('',*,*,#2685,.T.);
#852=ORIENTED_EDGE('',*,*,#2686,.F.);
#853=ORIENTED_EDGE('',*,*,#2687,.F.);
#854=ORIENTED_EDGE('',*,*,#2688,.T.);
#855=ORIENTED_EDGE('',*,*,#2560,.T.);
#856=ORIENTED_EDGE('',*,*,#2689,.F.);
#857=ORIENTED_EDGE('',*,*,#2559,.T.);
#858=ORIENTED_EDGE('',*,*,#2690,.T.);
#859=ORIENTED_EDGE('',*,*,#2691,.F.);
#860=ORIENTED_EDGE('',*,*,#2689,.T.);
#861=ORIENTED_EDGE('',*,*,#2692,.F.);
#862=ORIENTED_EDGE('',*,*,#2693,.T.);
#863=ORIENTED_EDGE('',*,*,#2490,.T.);
#864=ORIENTED_EDGE('',*,*,#2694,.F.);
#865=ORIENTED_EDGE('',*,*,#2561,.F.);
#866=ORIENTED_EDGE('',*,*,#2688,.F.);
#867=ORIENTED_EDGE('',*,*,#2682,.F.);
#868=ORIENTED_EDGE('',*,*,#2695,.F.);
#869=ORIENTED_EDGE('',*,*,#2507,.T.);
#870=ORIENTED_EDGE('',*,*,#2604,.T.);
#871=ORIENTED_EDGE('',*,*,#2695,.T.);
#872=ORIENTED_EDGE('',*,*,#2696,.T.);
#873=ORIENTED_EDGE('',*,*,#2697,.F.);
#874=ORIENTED_EDGE('',*,*,#2508,.F.);
#875=ORIENTED_EDGE('',*,*,#2698,.T.);
#876=ORIENTED_EDGE('',*,*,#2699,.T.);
#877=ORIENTED_EDGE('',*,*,#2509,.F.);
#878=ORIENTED_EDGE('',*,*,#2697,.T.);
#879=ORIENTED_EDGE('',*,*,#2700,.F.);
#880=ORIENTED_EDGE('',*,*,#2701,.F.);
#881=ORIENTED_EDGE('',*,*,#2702,.T.);
#882=ORIENTED_EDGE('',*,*,#2498,.T.);
#883=ORIENTED_EDGE('',*,*,#2703,.T.);
#884=ORIENTED_EDGE('',*,*,#2593,.F.);
#885=ORIENTED_EDGE('',*,*,#2704,.F.);
#886=ORIENTED_EDGE('',*,*,#2701,.T.);
#887=ORIENTED_EDGE('',*,*,#2686,.T.);
#888=ORIENTED_EDGE('',*,*,#2692,.T.);
#889=ORIENTED_EDGE('',*,*,#2705,.F.);
#890=ORIENTED_EDGE('',*,*,#2706,.F.);
#891=ORIENTED_EDGE('',*,*,#2499,.T.);
#892=ORIENTED_EDGE('',*,*,#2702,.F.);
#893=ORIENTED_EDGE('',*,*,#2704,.T.);
#894=ORIENTED_EDGE('',*,*,#2592,.T.);
#895=ORIENTED_EDGE('',*,*,#2707,.T.);
#896=ORIENTED_EDGE('',*,*,#2708,.F.);
#897=ORIENTED_EDGE('',*,*,#2314,.F.);
#898=ORIENTED_EDGE('',*,*,#2583,.F.);
#899=ORIENTED_EDGE('',*,*,#2709,.T.);
#900=ORIENTED_EDGE('',*,*,#2710,.T.);
#901=ORIENTED_EDGE('',*,*,#2579,.F.);
#902=ORIENTED_EDGE('',*,*,#2711,.F.);
#903=ORIENTED_EDGE('',*,*,#2712,.T.);
#904=ORIENTED_EDGE('',*,*,#2713,.T.);
#905=ORIENTED_EDGE('',*,*,#2714,.T.);
#906=ORIENTED_EDGE('',*,*,#2596,.T.);
#907=ORIENTED_EDGE('',*,*,#2715,.T.);
#908=ORIENTED_EDGE('',*,*,#2716,.T.);
#909=ORIENTED_EDGE('',*,*,#2717,.F.);
#910=ORIENTED_EDGE('',*,*,#2718,.F.);
#911=ORIENTED_EDGE('',*,*,#2719,.F.);
#912=ORIENTED_EDGE('',*,*,#2720,.F.);
#913=ORIENTED_EDGE('',*,*,#2721,.T.);
#914=ORIENTED_EDGE('',*,*,#2722,.F.);
#915=ORIENTED_EDGE('',*,*,#2723,.F.);
#916=ORIENTED_EDGE('',*,*,#2724,.T.);
#917=ORIENTED_EDGE('',*,*,#2725,.T.);
#918=ORIENTED_EDGE('',*,*,#2726,.F.);
#919=ORIENTED_EDGE('',*,*,#2727,.F.);
#920=ORIENTED_EDGE('',*,*,#2728,.T.);
#921=ORIENTED_EDGE('',*,*,#2729,.T.);
#922=ORIENTED_EDGE('',*,*,#2730,.F.);
#923=ORIENTED_EDGE('',*,*,#2731,.F.);
#924=ORIENTED_EDGE('',*,*,#2489,.F.);
#925=ORIENTED_EDGE('',*,*,#2732,.T.);
#926=ORIENTED_EDGE('',*,*,#2312,.T.);
#927=ORIENTED_EDGE('',*,*,#2733,.T.);
#928=ORIENTED_EDGE('',*,*,#2734,.F.);
#929=ORIENTED_EDGE('',*,*,#2735,.T.);
#930=ORIENTED_EDGE('',*,*,#2736,.F.);
#931=ORIENTED_EDGE('',*,*,#2737,.F.);
#932=ORIENTED_EDGE('',*,*,#2738,.F.);
#933=ORIENTED_EDGE('',*,*,#2739,.T.);
#934=ORIENTED_EDGE('',*,*,#2740,.F.);
#935=ORIENTED_EDGE('',*,*,#2741,.F.);
#936=ORIENTED_EDGE('',*,*,#2742,.F.);
#937=ORIENTED_EDGE('',*,*,#2743,.T.);
#938=ORIENTED_EDGE('',*,*,#2744,.F.);
#939=ORIENTED_EDGE('',*,*,#2745,.F.);
#940=ORIENTED_EDGE('',*,*,#2746,.F.);
#941=ORIENTED_EDGE('',*,*,#2594,.F.);
#942=ORIENTED_EDGE('',*,*,#2703,.F.);
#943=ORIENTED_EDGE('',*,*,#2694,.T.);
#944=ORIENTED_EDGE('',*,*,#2747,.F.);
#945=ORIENTED_EDGE('',*,*,#2581,.T.);
#946=ORIENTED_EDGE('',*,*,#2748,.F.);
#947=ORIENTED_EDGE('',*,*,#2749,.T.);
#948=ORIENTED_EDGE('',*,*,#2577,.T.);
#949=ORIENTED_EDGE('',*,*,#2750,.F.);
#950=ORIENTED_EDGE('',*,*,#2751,.F.);
#951=ORIENTED_EDGE('',*,*,#2752,.F.);
#952=ORIENTED_EDGE('',*,*,#2753,.T.);
#953=ORIENTED_EDGE('',*,*,#2754,.T.);
#954=ORIENTED_EDGE('',*,*,#2755,.F.);
#955=ORIENTED_EDGE('',*,*,#2756,.F.);
#956=ORIENTED_EDGE('',*,*,#2757,.T.);
#957=ORIENTED_EDGE('',*,*,#2758,.T.);
#958=ORIENTED_EDGE('',*,*,#2759,.F.);
#959=ORIENTED_EDGE('',*,*,#2760,.F.);
#960=ORIENTED_EDGE('',*,*,#2761,.T.);
#961=ORIENTED_EDGE('',*,*,#2762,.T.);
#962=ORIENTED_EDGE('',*,*,#2763,.F.);
#963=ORIENTED_EDGE('',*,*,#2764,.T.);
#964=ORIENTED_EDGE('',*,*,#2765,.F.);
#965=ORIENTED_EDGE('',*,*,#2766,.F.);
#966=ORIENTED_EDGE('',*,*,#2767,.T.);
#967=ORIENTED_EDGE('',*,*,#2768,.T.);
#968=ORIENTED_EDGE('',*,*,#2769,.T.);
#969=ORIENTED_EDGE('',*,*,#2770,.T.);
#970=ORIENTED_EDGE('',*,*,#2676,.T.);
#971=ORIENTED_EDGE('',*,*,#2684,.T.);
#972=ORIENTED_EDGE('',*,*,#2700,.T.);
#973=ORIENTED_EDGE('',*,*,#2497,.F.);
#974=ORIENTED_EDGE('',*,*,#2771,.F.);
#975=ORIENTED_EDGE('',*,*,#2493,.F.);
#976=ORIENTED_EDGE('',*,*,#2772,.F.);
#977=ORIENTED_EDGE('',*,*,#2698,.F.);
#978=ORIENTED_EDGE('',*,*,#2696,.F.);
#979=ORIENTED_EDGE('',*,*,#2681,.F.);
#980=ORIENTED_EDGE('',*,*,#2664,.F.);
#981=ORIENTED_EDGE('',*,*,#2678,.T.);
#982=ORIENTED_EDGE('',*,*,#2773,.T.);
#983=ORIENTED_EDGE('',*,*,#2402,.T.);
#984=ORIENTED_EDGE('',*,*,#2774,.T.);
#985=ORIENTED_EDGE('',*,*,#2398,.T.);
#986=ORIENTED_EDGE('',*,*,#2775,.T.);
#987=ORIENTED_EDGE('',*,*,#2776,.T.);
#988=ORIENTED_EDGE('',*,*,#2777,.T.);
#989=ORIENTED_EDGE('',*,*,#2778,.T.);
#990=ORIENTED_EDGE('',*,*,#2779,.T.);
#991=ORIENTED_EDGE('',*,*,#2780,.T.);
#992=ORIENTED_EDGE('',*,*,#2659,.F.);
#993=ORIENTED_EDGE('',*,*,#2392,.F.);
#994=ORIENTED_EDGE('',*,*,#2781,.F.);
#995=ORIENTED_EDGE('',*,*,#2397,.F.);
#996=ORIENTED_EDGE('',*,*,#2782,.F.);
#997=ORIENTED_EDGE('',*,*,#2662,.F.);
#998=ORIENTED_EDGE('',*,*,#2656,.T.);
#999=ORIENTED_EDGE('',*,*,#2683,.T.);
#1000=ORIENTED_EDGE('',*,*,#2687,.T.);
#1001=ORIENTED_EDGE('',*,*,#2691,.T.);
#1002=ORIENTED_EDGE('',*,*,#2783,.T.);
#1003=ORIENTED_EDGE('',*,*,#2487,.T.);
#1004=ORIENTED_EDGE('',*,*,#2784,.T.);
#1005=ORIENTED_EDGE('',*,*,#2491,.T.);
#1006=ORIENTED_EDGE('',*,*,#2693,.F.);
#1007=ORIENTED_EDGE('',*,*,#2685,.F.);
#1008=ORIENTED_EDGE('',*,*,#2650,.T.);
#1009=ORIENTED_EDGE('',*,*,#2371,.F.);
#1010=ORIENTED_EDGE('',*,*,#2785,.F.);
#1011=ORIENTED_EDGE('',*,*,#2449,.T.);
#1012=ORIENTED_EDGE('',*,*,#2668,.F.);
#1013=ORIENTED_EDGE('',*,*,#2479,.T.);
#1014=ORIENTED_EDGE('',*,*,#2786,.T.);
#1015=ORIENTED_EDGE('',*,*,#2365,.F.);
#1016=ORIENTED_EDGE('',*,*,#2644,.T.);
#1017=ORIENTED_EDGE('',*,*,#2622,.T.);
#1018=ORIENTED_EDGE('',*,*,#2366,.F.);
#1019=ORIENTED_EDGE('',*,*,#2786,.F.);
#1020=ORIENTED_EDGE('',*,*,#2478,.T.);
#1021=ORIENTED_EDGE('',*,*,#2787,.T.);
#1022=ORIENTED_EDGE('',*,*,#2356,.T.);
#1023=ORIENTED_EDGE('',*,*,#2626,.F.);
#1024=ORIENTED_EDGE('',*,*,#2645,.F.);
#1025=ORIENTED_EDGE('',*,*,#2476,.F.);
#1026=ORIENTED_EDGE('',*,*,#2787,.F.);
#1027=ORIENTED_EDGE('',*,*,#2475,.T.);
#1028=ORIENTED_EDGE('',*,*,#2788,.T.);
#1029=ORIENTED_EDGE('',*,*,#2357,.F.);
#1030=ORIENTED_EDGE('',*,*,#2646,.T.);
#1031=ORIENTED_EDGE('',*,*,#2627,.T.);
#1032=ORIENTED_EDGE('',*,*,#2358,.F.);
#1033=ORIENTED_EDGE('',*,*,#2788,.F.);
#1034=ORIENTED_EDGE('',*,*,#2474,.T.);
#1035=ORIENTED_EDGE('',*,*,#2789,.T.);
#1036=ORIENTED_EDGE('',*,*,#2352,.T.);
#1037=ORIENTED_EDGE('',*,*,#2629,.F.);
#1038=ORIENTED_EDGE('',*,*,#2647,.F.);
#1039=ORIENTED_EDGE('',*,*,#2472,.F.);
#1040=ORIENTED_EDGE('',*,*,#2789,.F.);
#1041=ORIENTED_EDGE('',*,*,#2471,.T.);
#1042=ORIENTED_EDGE('',*,*,#2790,.T.);
#1043=ORIENTED_EDGE('',*,*,#2353,.F.);
#1044=ORIENTED_EDGE('',*,*,#2791,.T.);
#1045=ORIENTED_EDGE('',*,*,#2361,.T.);
#1046=ORIENTED_EDGE('',*,*,#2635,.F.);
#1047=ORIENTED_EDGE('',*,*,#2649,.F.);
#1048=ORIENTED_EDGE('',*,*,#2468,.F.);
#1049=ORIENTED_EDGE('',*,*,#2648,.T.);
#1050=ORIENTED_EDGE('',*,*,#2630,.T.);
#1051=ORIENTED_EDGE('',*,*,#2354,.F.);
#1052=ORIENTED_EDGE('',*,*,#2790,.F.);
#1053=ORIENTED_EDGE('',*,*,#2470,.T.);
#1054=ORIENTED_EDGE('',*,*,#2791,.F.);
#1055=ORIENTED_EDGE('',*,*,#2467,.T.);
#1056=ORIENTED_EDGE('',*,*,#2792,.T.);
#1057=ORIENTED_EDGE('',*,*,#2362,.F.);
#1058=ORIENTED_EDGE('',*,*,#2793,.T.);
#1059=ORIENTED_EDGE('',*,*,#2373,.F.);
#1060=ORIENTED_EDGE('',*,*,#2654,.F.);
#1061=ORIENTED_EDGE('',*,*,#2444,.T.);
#1062=ORIENTED_EDGE('',*,*,#2374,.F.);
#1063=ORIENTED_EDGE('',*,*,#2793,.F.);
#1064=ORIENTED_EDGE('',*,*,#2446,.T.);
#1065=ORIENTED_EDGE('',*,*,#2655,.T.);
#1066=ORIENTED_EDGE('',*,*,#2368,.T.);
#1067=ORIENTED_EDGE('',*,*,#2651,.F.);
#1068=ORIENTED_EDGE('',*,*,#2447,.F.);
#1069=ORIENTED_EDGE('',*,*,#2794,.T.);
#1070=ORIENTED_EDGE('',*,*,#2795,.T.);
#1071=ORIENTED_EDGE('',*,*,#2369,.F.);
#1072=ORIENTED_EDGE('',*,*,#2794,.F.);
#1073=ORIENTED_EDGE('',*,*,#2451,.T.);
#1074=ORIENTED_EDGE('',*,*,#2633,.F.);
#1075=ORIENTED_EDGE('',*,*,#2641,.T.);
#1076=ORIENTED_EDGE('',*,*,#2636,.T.);
#1077=ORIENTED_EDGE('',*,*,#2359,.T.);
#1078=ORIENTED_EDGE('',*,*,#2792,.F.);
#1079=ORIENTED_EDGE('',*,*,#2466,.F.);
#1080=ORIENTED_EDGE('',*,*,#2653,.T.);
#1081=ORIENTED_EDGE('',*,*,#2382,.T.);
#1082=ORIENTED_EDGE('',*,*,#2450,.T.);
#1083=ORIENTED_EDGE('',*,*,#2785,.T.);
#1084=ORIENTED_EDGE('',*,*,#2370,.F.);
#1085=ORIENTED_EDGE('',*,*,#2795,.F.);
#1086=ORIENTED_EDGE('',*,*,#2460,.F.);
#1087=ORIENTED_EDGE('',*,*,#2796,.F.);
#1088=ORIENTED_EDGE('',*,*,#2797,.F.);
#1089=ORIENTED_EDGE('',*,*,#2798,.F.);
#1090=ORIENTED_EDGE('',*,*,#2612,.F.);
#1091=ORIENTED_EDGE('',*,*,#2799,.T.);
#1092=ORIENTED_EDGE('',*,*,#2456,.F.);
#1093=ORIENTED_EDGE('',*,*,#2800,.F.);
#1094=ORIENTED_EDGE('',*,*,#2620,.F.);
#1095=ORIENTED_EDGE('',*,*,#2801,.F.);
#1096=ORIENTED_EDGE('',*,*,#2802,.F.);
#1097=ORIENTED_EDGE('',*,*,#2803,.T.);
#1098=ORIENTED_EDGE('',*,*,#2452,.F.);
#1099=ORIENTED_EDGE('',*,*,#2804,.F.);
#1100=ORIENTED_EDGE('',*,*,#2805,.F.);
#1101=ORIENTED_EDGE('',*,*,#2806,.F.);
#1102=ORIENTED_EDGE('',*,*,#2608,.F.);
#1103=ORIENTED_EDGE('',*,*,#2807,.T.);
#1104=ORIENTED_EDGE('',*,*,#2350,.T.);
#1105=ORIENTED_EDGE('',*,*,#2463,.F.);
#1106=ORIENTED_EDGE('',*,*,#2808,.F.);
#1107=ORIENTED_EDGE('',*,*,#2809,.T.);
#1108=ORIENTED_EDGE('',*,*,#2804,.T.);
#1109=ORIENTED_EDGE('',*,*,#2462,.T.);
#1110=ORIENTED_EDGE('',*,*,#2810,.F.);
#1111=ORIENTED_EDGE('',*,*,#2610,.F.);
#1112=ORIENTED_EDGE('',*,*,#2811,.F.);
#1113=ORIENTED_EDGE('',*,*,#2812,.F.);
#1114=ORIENTED_EDGE('',*,*,#2813,.F.);
#1115=ORIENTED_EDGE('',*,*,#2808,.T.);
#1116=ORIENTED_EDGE('',*,*,#2461,.F.);
#1117=ORIENTED_EDGE('',*,*,#2807,.F.);
#1118=ORIENTED_EDGE('',*,*,#2611,.T.);
#1119=ORIENTED_EDGE('',*,*,#2810,.T.);
#1120=ORIENTED_EDGE('',*,*,#2814,.F.);
#1121=ORIENTED_EDGE('',*,*,#2805,.T.);
#1122=ORIENTED_EDGE('',*,*,#2809,.F.);
#1123=ORIENTED_EDGE('',*,*,#2813,.T.);
#1124=ORIENTED_EDGE('',*,*,#2457,.F.);
#1125=ORIENTED_EDGE('',*,*,#2799,.F.);
#1126=ORIENTED_EDGE('',*,*,#2615,.T.);
#1127=ORIENTED_EDGE('',*,*,#2815,.T.);
#1128=ORIENTED_EDGE('',*,*,#2459,.T.);
#1129=ORIENTED_EDGE('',*,*,#2816,.F.);
#1130=ORIENTED_EDGE('',*,*,#2817,.F.);
#1131=ORIENTED_EDGE('',*,*,#2796,.T.);
#1132=ORIENTED_EDGE('',*,*,#2458,.T.);
#1133=ORIENTED_EDGE('',*,*,#2815,.F.);
#1134=ORIENTED_EDGE('',*,*,#2614,.F.);
#1135=ORIENTED_EDGE('',*,*,#2818,.F.);
#1136=ORIENTED_EDGE('',*,*,#2819,.F.);
#1137=ORIENTED_EDGE('',*,*,#2820,.F.);
#1138=ORIENTED_EDGE('',*,*,#2816,.T.);
#1139=ORIENTED_EDGE('',*,*,#2821,.F.);
#1140=ORIENTED_EDGE('',*,*,#2797,.T.);
#1141=ORIENTED_EDGE('',*,*,#2817,.T.);
#1142=ORIENTED_EDGE('',*,*,#2820,.T.);
#1143=ORIENTED_EDGE('',*,*,#2455,.T.);
#1144=ORIENTED_EDGE('',*,*,#2822,.F.);
#1145=ORIENTED_EDGE('',*,*,#2621,.F.);
#1146=ORIENTED_EDGE('',*,*,#2800,.T.);
#1147=ORIENTED_EDGE('',*,*,#2454,.T.);
#1148=ORIENTED_EDGE('',*,*,#2823,.F.);
#1149=ORIENTED_EDGE('',*,*,#2824,.F.);
#1150=ORIENTED_EDGE('',*,*,#2825,.F.);
#1151=ORIENTED_EDGE('',*,*,#2826,.F.);
#1152=ORIENTED_EDGE('',*,*,#2827,.T.);
#1153=ORIENTED_EDGE('',*,*,#2616,.F.);
#1154=ORIENTED_EDGE('',*,*,#2828,.F.);
#1155=ORIENTED_EDGE('',*,*,#2829,.F.);
#1156=ORIENTED_EDGE('',*,*,#2830,.T.);
#1157=ORIENTED_EDGE('',*,*,#2618,.F.);
#1158=ORIENTED_EDGE('',*,*,#2822,.T.);
#1159=ORIENTED_EDGE('',*,*,#2453,.F.);
#1160=ORIENTED_EDGE('',*,*,#2803,.F.);
#1161=ORIENTED_EDGE('',*,*,#2831,.T.);
#1162=ORIENTED_EDGE('',*,*,#2823,.T.);
#1163=ORIENTED_EDGE('',*,*,#2832,.F.);
#1164=ORIENTED_EDGE('',*,*,#2824,.T.);
#1165=ORIENTED_EDGE('',*,*,#2831,.F.);
#1166=ORIENTED_EDGE('',*,*,#2802,.T.);
#1167=ORIENTED_EDGE('',*,*,#2833,.F.);
#1168=ORIENTED_EDGE('',*,*,#2812,.T.);
#1169=ORIENTED_EDGE('',*,*,#2834,.F.);
#1170=ORIENTED_EDGE('',*,*,#2835,.F.);
#1171=ORIENTED_EDGE('',*,*,#2836,.F.);
#1172=ORIENTED_EDGE('',*,*,#2811,.T.);
#1173=ORIENTED_EDGE('',*,*,#2837,.T.);
#1174=ORIENTED_EDGE('',*,*,#2838,.F.);
#1175=ORIENTED_EDGE('',*,*,#2839,.T.);
#1176=ORIENTED_EDGE('',*,*,#2806,.T.);
#1177=ORIENTED_EDGE('',*,*,#2840,.F.);
#1178=ORIENTED_EDGE('',*,*,#2841,.F.);
#1179=ORIENTED_EDGE('',*,*,#2801,.T.);
#1180=ORIENTED_EDGE('',*,*,#2842,.T.);
#1181=ORIENTED_EDGE('',*,*,#2843,.T.);
#1182=ORIENTED_EDGE('',*,*,#2798,.T.);
#1183=ORIENTED_EDGE('',*,*,#2844,.F.);
#1184=ORIENTED_EDGE('',*,*,#2845,.F.);
#1185=ORIENTED_EDGE('',*,*,#2819,.T.);
#1186=ORIENTED_EDGE('',*,*,#2846,.T.);
#1187=ORIENTED_EDGE('',*,*,#2847,.F.);
#1188=ORIENTED_EDGE('',*,*,#2843,.F.);
#1189=ORIENTED_EDGE('',*,*,#2848,.F.);
#1190=ORIENTED_EDGE('',*,*,#2849,.T.);
#1191=ORIENTED_EDGE('',*,*,#2850,.T.);
#1192=ORIENTED_EDGE('',*,*,#2851,.F.);
#1193=ORIENTED_EDGE('',*,*,#2613,.F.);
#1194=ORIENTED_EDGE('',*,*,#2619,.F.);
#1195=ORIENTED_EDGE('',*,*,#2830,.F.);
#1196=ORIENTED_EDGE('',*,*,#2852,.T.);
#1197=ORIENTED_EDGE('',*,*,#2848,.T.);
#1198=ORIENTED_EDGE('',*,*,#2842,.F.);
#1199=ORIENTED_EDGE('',*,*,#2617,.F.);
#1200=ORIENTED_EDGE('',*,*,#2827,.F.);
#1201=ORIENTED_EDGE('',*,*,#2853,.T.);
#1202=ORIENTED_EDGE('',*,*,#2828,.T.);
#1203=ORIENTED_EDGE('',*,*,#2832,.T.);
#1204=ORIENTED_EDGE('',*,*,#2841,.T.);
#1205=ORIENTED_EDGE('',*,*,#2854,.F.);
#1206=ORIENTED_EDGE('',*,*,#2855,.F.);
#1207=ORIENTED_EDGE('',*,*,#2825,.T.);
#1208=ORIENTED_EDGE('',*,*,#2840,.T.);
#1209=ORIENTED_EDGE('',*,*,#2814,.T.);
#1210=ORIENTED_EDGE('',*,*,#2833,.T.);
#1211=ORIENTED_EDGE('',*,*,#2856,.F.);
#1212=ORIENTED_EDGE('',*,*,#2857,.F.);
#1213=ORIENTED_EDGE('',*,*,#2854,.T.);
#1214=ORIENTED_EDGE('',*,*,#2835,.T.);
#1215=ORIENTED_EDGE('',*,*,#2858,.F.);
#1216=ORIENTED_EDGE('',*,*,#2859,.F.);
#1217=ORIENTED_EDGE('',*,*,#2856,.T.);
#1218=ORIENTED_EDGE('',*,*,#2834,.T.);
#1219=ORIENTED_EDGE('',*,*,#2836,.T.);
#1220=ORIENTED_EDGE('',*,*,#2860,.F.);
#1221=ORIENTED_EDGE('',*,*,#2861,.F.);
#1222=ORIENTED_EDGE('',*,*,#2858,.T.);
#1223=ORIENTED_EDGE('',*,*,#2838,.T.);
#1224=ORIENTED_EDGE('',*,*,#2862,.F.);
#1225=ORIENTED_EDGE('',*,*,#2863,.F.);
#1226=ORIENTED_EDGE('',*,*,#2860,.T.);
#1227=ORIENTED_EDGE('',*,*,#2839,.F.);
#1228=ORIENTED_EDGE('',*,*,#2864,.F.);
#1229=ORIENTED_EDGE('',*,*,#2865,.T.);
#1230=ORIENTED_EDGE('',*,*,#2862,.T.);
#1231=ORIENTED_EDGE('',*,*,#2837,.F.);
#1232=ORIENTED_EDGE('',*,*,#2609,.F.);
#1233=ORIENTED_EDGE('',*,*,#2844,.T.);
#1234=ORIENTED_EDGE('',*,*,#2821,.T.);
#1235=ORIENTED_EDGE('',*,*,#2845,.T.);
#1236=ORIENTED_EDGE('',*,*,#2866,.F.);
#1237=ORIENTED_EDGE('',*,*,#2867,.F.);
#1238=ORIENTED_EDGE('',*,*,#2864,.T.);
#1239=ORIENTED_EDGE('',*,*,#2847,.T.);
#1240=ORIENTED_EDGE('',*,*,#2868,.F.);
#1241=ORIENTED_EDGE('',*,*,#2869,.F.);
#1242=ORIENTED_EDGE('',*,*,#2866,.T.);
#1243=ORIENTED_EDGE('',*,*,#2870,.F.);
#1244=ORIENTED_EDGE('',*,*,#2871,.F.);
#1245=ORIENTED_EDGE('',*,*,#2872,.T.);
#1246=ORIENTED_EDGE('',*,*,#2868,.T.);
#1247=ORIENTED_EDGE('',*,*,#2846,.F.);
#1248=ORIENTED_EDGE('',*,*,#2873,.T.);
#1249=ORIENTED_EDGE('',*,*,#2850,.F.);
#1250=ORIENTED_EDGE('',*,*,#2874,.F.);
#1251=ORIENTED_EDGE('',*,*,#2871,.T.);
#1252=ORIENTED_EDGE('',*,*,#2849,.F.);
#1253=ORIENTED_EDGE('',*,*,#2852,.F.);
#1254=ORIENTED_EDGE('',*,*,#2829,.T.);
#1255=ORIENTED_EDGE('',*,*,#2853,.F.);
#1256=ORIENTED_EDGE('',*,*,#2826,.T.);
#1257=ORIENTED_EDGE('',*,*,#2855,.T.);
#1258=ORIENTED_EDGE('',*,*,#2857,.T.);
#1259=ORIENTED_EDGE('',*,*,#2859,.T.);
#1260=ORIENTED_EDGE('',*,*,#2861,.T.);
#1261=ORIENTED_EDGE('',*,*,#2863,.T.);
#1262=ORIENTED_EDGE('',*,*,#2865,.F.);
#1263=ORIENTED_EDGE('',*,*,#2867,.T.);
#1264=ORIENTED_EDGE('',*,*,#2869,.T.);
#1265=ORIENTED_EDGE('',*,*,#2872,.F.);
#1266=ORIENTED_EDGE('',*,*,#2874,.T.);
#1267=ORIENTED_EDGE('',*,*,#2870,.T.);
#1268=ORIENTED_EDGE('',*,*,#2818,.T.);
#1269=ORIENTED_EDGE('',*,*,#2851,.T.);
#1270=ORIENTED_EDGE('',*,*,#2873,.F.);
#1271=ORIENTED_EDGE('',*,*,#2875,.F.);
#1272=ORIENTED_EDGE('',*,*,#2876,.T.);
#1273=ORIENTED_EDGE('',*,*,#2877,.F.);
#1274=ORIENTED_EDGE('',*,*,#2878,.F.);
#1275=ORIENTED_EDGE('',*,*,#2879,.F.);
#1276=ORIENTED_EDGE('',*,*,#2880,.T.);
#1277=ORIENTED_EDGE('',*,*,#2881,.F.);
#1278=ORIENTED_EDGE('',*,*,#2882,.F.);
#1279=ORIENTED_EDGE('',*,*,#2883,.F.);
#1280=ORIENTED_EDGE('',*,*,#2884,.F.);
#1281=ORIENTED_EDGE('',*,*,#2885,.F.);
#1282=ORIENTED_EDGE('',*,*,#2886,.F.);
#1283=ORIENTED_EDGE('',*,*,#2887,.F.);
#1284=ORIENTED_EDGE('',*,*,#2888,.F.);
#1285=ORIENTED_EDGE('',*,*,#2889,.T.);
#1286=ORIENTED_EDGE('',*,*,#2525,.F.);
#1287=ORIENTED_EDGE('',*,*,#2607,.F.);
#1288=ORIENTED_EDGE('',*,*,#2890,.T.);
#1289=ORIENTED_EDGE('',*,*,#2891,.T.);
#1290=ORIENTED_EDGE('',*,*,#2892,.T.);
#1291=ORIENTED_EDGE('',*,*,#2515,.F.);
#1292=ORIENTED_EDGE('',*,*,#2893,.F.);
#1293=ORIENTED_EDGE('',*,*,#2894,.T.);
#1294=ORIENTED_EDGE('',*,*,#2895,.T.);
#1295=ORIENTED_EDGE('',*,*,#2511,.F.);
#1296=ORIENTED_EDGE('',*,*,#2896,.F.);
#1297=ORIENTED_EDGE('',*,*,#2505,.T.);
#1298=ORIENTED_EDGE('',*,*,#2897,.F.);
#1299=ORIENTED_EDGE('',*,*,#2898,.F.);
#1300=ORIENTED_EDGE('',*,*,#2605,.T.);
#1301=ORIENTED_EDGE('',*,*,#2899,.T.);
#1302=ORIENTED_EDGE('',*,*,#2900,.T.);
#1303=ORIENTED_EDGE('',*,*,#2522,.F.);
#1304=ORIENTED_EDGE('',*,*,#2901,.F.);
#1305=ORIENTED_EDGE('',*,*,#2898,.T.);
#1306=ORIENTED_EDGE('',*,*,#2902,.T.);
#1307=ORIENTED_EDGE('',*,*,#2899,.F.);
#1308=ORIENTED_EDGE('',*,*,#2903,.F.);
#1309=ORIENTED_EDGE('',*,*,#2894,.F.);
#1310=ORIENTED_EDGE('',*,*,#2904,.F.);
#1311=ORIENTED_EDGE('',*,*,#2891,.F.);
#1312=ORIENTED_EDGE('',*,*,#2905,.F.);
#1313=ORIENTED_EDGE('',*,*,#2890,.F.);
#1314=ORIENTED_EDGE('',*,*,#2606,.T.);
#1315=ORIENTED_EDGE('',*,*,#2905,.T.);
#1316=ORIENTED_EDGE('',*,*,#2906,.F.);
#1317=ORIENTED_EDGE('',*,*,#2565,.F.);
#1318=ORIENTED_EDGE('',*,*,#2907,.T.);
#1319=ORIENTED_EDGE('',*,*,#2904,.T.);
#1320=ORIENTED_EDGE('',*,*,#2908,.F.);
#1321=ORIENTED_EDGE('',*,*,#2569,.F.);
#1322=ORIENTED_EDGE('',*,*,#2909,.T.);
#1323=ORIENTED_EDGE('',*,*,#2903,.T.);
#1324=ORIENTED_EDGE('',*,*,#2910,.F.);
#1325=ORIENTED_EDGE('',*,*,#2573,.F.);
#1326=ORIENTED_EDGE('',*,*,#2911,.T.);
#1327=ORIENTED_EDGE('',*,*,#2597,.F.);
#1328=ORIENTED_EDGE('',*,*,#2544,.F.);
#1329=ORIENTED_EDGE('',*,*,#2912,.T.);
#1330=ORIENTED_EDGE('',*,*,#2529,.T.);
#1331=ORIENTED_EDGE('',*,*,#2603,.T.);
#1332=ORIENTED_EDGE('',*,*,#2523,.T.);
#1333=ORIENTED_EDGE('',*,*,#2913,.F.);
#1334=ORIENTED_EDGE('',*,*,#2563,.F.);
#1335=ORIENTED_EDGE('',*,*,#2907,.F.);
#1336=ORIENTED_EDGE('',*,*,#2564,.F.);
#1337=ORIENTED_EDGE('',*,*,#2913,.T.);
#1338=ORIENTED_EDGE('',*,*,#2526,.T.);
#1339=ORIENTED_EDGE('',*,*,#2889,.F.);
#1340=ORIENTED_EDGE('',*,*,#2914,.F.);
#1341=ORIENTED_EDGE('',*,*,#2566,.T.);
#1342=ORIENTED_EDGE('',*,*,#2906,.T.);
#1343=ORIENTED_EDGE('',*,*,#2893,.T.);
#1344=ORIENTED_EDGE('',*,*,#2518,.F.);
#1345=ORIENTED_EDGE('',*,*,#2914,.T.);
#1346=ORIENTED_EDGE('',*,*,#2517,.T.);
#1347=ORIENTED_EDGE('',*,*,#2915,.F.);
#1348=ORIENTED_EDGE('',*,*,#2567,.F.);
#1349=ORIENTED_EDGE('',*,*,#2909,.F.);
#1350=ORIENTED_EDGE('',*,*,#2568,.F.);
#1351=ORIENTED_EDGE('',*,*,#2915,.T.);
#1352=ORIENTED_EDGE('',*,*,#2516,.T.);
#1353=ORIENTED_EDGE('',*,*,#2892,.F.);
#1354=ORIENTED_EDGE('',*,*,#2916,.F.);
#1355=ORIENTED_EDGE('',*,*,#2570,.T.);
#1356=ORIENTED_EDGE('',*,*,#2908,.T.);
#1357=ORIENTED_EDGE('',*,*,#2896,.T.);
#1358=ORIENTED_EDGE('',*,*,#2514,.F.);
#1359=ORIENTED_EDGE('',*,*,#2916,.T.);
#1360=ORIENTED_EDGE('',*,*,#2513,.T.);
#1361=ORIENTED_EDGE('',*,*,#2917,.F.);
#1362=ORIENTED_EDGE('',*,*,#2571,.F.);
#1363=ORIENTED_EDGE('',*,*,#2918,.F.);
#1364=ORIENTED_EDGE('',*,*,#2574,.T.);
#1365=ORIENTED_EDGE('',*,*,#2910,.T.);
#1366=ORIENTED_EDGE('',*,*,#2901,.T.);
#1367=ORIENTED_EDGE('',*,*,#2521,.F.);
#1368=ORIENTED_EDGE('',*,*,#2911,.F.);
#1369=ORIENTED_EDGE('',*,*,#2572,.F.);
#1370=ORIENTED_EDGE('',*,*,#2917,.T.);
#1371=ORIENTED_EDGE('',*,*,#2512,.T.);
#1372=ORIENTED_EDGE('',*,*,#2895,.F.);
#1373=ORIENTED_EDGE('',*,*,#2918,.T.);
#1374=ORIENTED_EDGE('',*,*,#2520,.T.);
#1375=ORIENTED_EDGE('',*,*,#2919,.F.);
#1376=ORIENTED_EDGE('',*,*,#2575,.F.);
#1377=ORIENTED_EDGE('',*,*,#2920,.F.);
#1378=ORIENTED_EDGE('',*,*,#2538,.F.);
#1379=ORIENTED_EDGE('',*,*,#2602,.T.);
#1380=ORIENTED_EDGE('',*,*,#2532,.T.);
#1381=ORIENTED_EDGE('',*,*,#2534,.T.);
#1382=ORIENTED_EDGE('',*,*,#2601,.F.);
#1383=ORIENTED_EDGE('',*,*,#2539,.F.);
#1384=ORIENTED_EDGE('',*,*,#2920,.T.);
#1385=ORIENTED_EDGE('',*,*,#2527,.F.);
#1386=ORIENTED_EDGE('',*,*,#2921,.F.);
#1387=ORIENTED_EDGE('',*,*,#2541,.T.);
#1388=ORIENTED_EDGE('',*,*,#2598,.T.);
#1389=ORIENTED_EDGE('',*,*,#2922,.F.);
#1390=ORIENTED_EDGE('',*,*,#2542,.F.);
#1391=ORIENTED_EDGE('',*,*,#2921,.T.);
#1392=ORIENTED_EDGE('',*,*,#2531,.T.);
#1393=ORIENTED_EDGE('',*,*,#2897,.T.);
#1394=ORIENTED_EDGE('',*,*,#2504,.F.);
#1395=ORIENTED_EDGE('',*,*,#2600,.F.);
#1396=ORIENTED_EDGE('',*,*,#2576,.T.);
#1397=ORIENTED_EDGE('',*,*,#2919,.T.);
#1398=ORIENTED_EDGE('',*,*,#2519,.F.);
#1399=ORIENTED_EDGE('',*,*,#2900,.F.);
#1400=ORIENTED_EDGE('',*,*,#2902,.F.);
#1401=ORIENTED_EDGE('',*,*,#2543,.F.);
#1402=ORIENTED_EDGE('',*,*,#2922,.T.);
#1403=ORIENTED_EDGE('',*,*,#2530,.T.);
#1404=ORIENTED_EDGE('',*,*,#2912,.F.);
#1405=ORIENTED_EDGE('',*,*,#2549,.T.);
#1406=ORIENTED_EDGE('',*,*,#2923,.F.);
#1407=ORIENTED_EDGE('',*,*,#2875,.T.);
#1408=ORIENTED_EDGE('',*,*,#2924,.T.);
#1409=ORIENTED_EDGE('',*,*,#2925,.T.);
#1410=ORIENTED_EDGE('',*,*,#2926,.T.);
#1411=ORIENTED_EDGE('',*,*,#2545,.T.);
#1412=ORIENTED_EDGE('',*,*,#2927,.F.);
#1413=ORIENTED_EDGE('',*,*,#2928,.T.);
#1414=ORIENTED_EDGE('',*,*,#2929,.T.);
#1415=ORIENTED_EDGE('',*,*,#2887,.T.);
#1416=ORIENTED_EDGE('',*,*,#2930,.T.);
#1417=ORIENTED_EDGE('',*,*,#2553,.T.);
#1418=ORIENTED_EDGE('',*,*,#2931,.F.);
#1419=ORIENTED_EDGE('',*,*,#2879,.T.);
#1420=ORIENTED_EDGE('',*,*,#2932,.T.);
#1421=ORIENTED_EDGE('',*,*,#2933,.T.);
#1422=ORIENTED_EDGE('',*,*,#2934,.T.);
#1423=ORIENTED_EDGE('',*,*,#2510,.F.);
#1424=ORIENTED_EDGE('',*,*,#2546,.T.);
#1425=ORIENTED_EDGE('',*,*,#2926,.F.);
#1426=ORIENTED_EDGE('',*,*,#2935,.F.);
#1427=ORIENTED_EDGE('',*,*,#2936,.T.);
#1428=ORIENTED_EDGE('',*,*,#2547,.F.);
#1429=ORIENTED_EDGE('',*,*,#2936,.F.);
#1430=ORIENTED_EDGE('',*,*,#2937,.T.);
#1431=ORIENTED_EDGE('',*,*,#2938,.T.);
#1432=ORIENTED_EDGE('',*,*,#2939,.T.);
#1433=ORIENTED_EDGE('',*,*,#2877,.T.);
#1434=ORIENTED_EDGE('',*,*,#2940,.T.);
#1435=ORIENTED_EDGE('',*,*,#2548,.T.);
#1436=ORIENTED_EDGE('',*,*,#2940,.F.);
#1437=ORIENTED_EDGE('',*,*,#2876,.F.);
#1438=ORIENTED_EDGE('',*,*,#2923,.T.);
#1439=ORIENTED_EDGE('',*,*,#2941,.T.);
#1440=ORIENTED_EDGE('',*,*,#2937,.F.);
#1441=ORIENTED_EDGE('',*,*,#2935,.T.);
#1442=ORIENTED_EDGE('',*,*,#2925,.F.);
#1443=ORIENTED_EDGE('',*,*,#2552,.T.);
#1444=ORIENTED_EDGE('',*,*,#2942,.F.);
#1445=ORIENTED_EDGE('',*,*,#2880,.F.);
#1446=ORIENTED_EDGE('',*,*,#2931,.T.);
#1447=ORIENTED_EDGE('',*,*,#2550,.F.);
#1448=ORIENTED_EDGE('',*,*,#2934,.F.);
#1449=ORIENTED_EDGE('',*,*,#2943,.T.);
#1450=ORIENTED_EDGE('',*,*,#2944,.T.);
#1451=ORIENTED_EDGE('',*,*,#2551,.F.);
#1452=ORIENTED_EDGE('',*,*,#2944,.F.);
#1453=ORIENTED_EDGE('',*,*,#2945,.T.);
#1454=ORIENTED_EDGE('',*,*,#2946,.T.);
#1455=ORIENTED_EDGE('',*,*,#2947,.T.);
#1456=ORIENTED_EDGE('',*,*,#2881,.T.);
#1457=ORIENTED_EDGE('',*,*,#2942,.T.);
#1458=ORIENTED_EDGE('',*,*,#2948,.T.);
#1459=ORIENTED_EDGE('',*,*,#2945,.F.);
#1460=ORIENTED_EDGE('',*,*,#2943,.F.);
#1461=ORIENTED_EDGE('',*,*,#2933,.F.);
#1462=ORIENTED_EDGE('',*,*,#2554,.F.);
#1463=ORIENTED_EDGE('',*,*,#2930,.F.);
#1464=ORIENTED_EDGE('',*,*,#2886,.T.);
#1465=ORIENTED_EDGE('',*,*,#2949,.T.);
#1466=ORIENTED_EDGE('',*,*,#2555,.F.);
#1467=ORIENTED_EDGE('',*,*,#2949,.F.);
#1468=ORIENTED_EDGE('',*,*,#2885,.T.);
#1469=ORIENTED_EDGE('',*,*,#2950,.F.);
#1470=ORIENTED_EDGE('',*,*,#2951,.T.);
#1471=ORIENTED_EDGE('',*,*,#2952,.T.);
#1472=ORIENTED_EDGE('',*,*,#2883,.T.);
#1473=ORIENTED_EDGE('',*,*,#2953,.F.);
#1474=ORIENTED_EDGE('',*,*,#2954,.T.);
#1475=ORIENTED_EDGE('',*,*,#2955,.T.);
#1476=ORIENTED_EDGE('',*,*,#2956,.T.);
#1477=ORIENTED_EDGE('',*,*,#2957,.T.);
#1478=ORIENTED_EDGE('',*,*,#2556,.T.);
#1479=ORIENTED_EDGE('',*,*,#2957,.F.);
#1480=ORIENTED_EDGE('',*,*,#2958,.F.);
#1481=ORIENTED_EDGE('',*,*,#2927,.T.);
#1482=ORIENTED_EDGE('',*,*,#2959,.T.);
#1483=ORIENTED_EDGE('',*,*,#2928,.F.);
#1484=ORIENTED_EDGE('',*,*,#2958,.T.);
#1485=ORIENTED_EDGE('',*,*,#2956,.F.);
#1486=ORIENTED_EDGE('',*,*,#2960,.T.);
#1487=ORIENTED_EDGE('',*,*,#2961,.T.);
#1488=ORIENTED_EDGE('',*,*,#2962,.T.);
#1489=ORIENTED_EDGE('',*,*,#2938,.F.);
#1490=ORIENTED_EDGE('',*,*,#2963,.T.);
#1491=ORIENTED_EDGE('',*,*,#2964,.T.);
#1492=ORIENTED_EDGE('',*,*,#2965,.F.);
#1493=ORIENTED_EDGE('',*,*,#2939,.F.);
#1494=ORIENTED_EDGE('',*,*,#2966,.F.);
#1495=ORIENTED_EDGE('',*,*,#2967,.T.);
#1496=ORIENTED_EDGE('',*,*,#2932,.F.);
#1497=ORIENTED_EDGE('',*,*,#2968,.F.);
#1498=ORIENTED_EDGE('',*,*,#2969,.F.);
#1499=ORIENTED_EDGE('',*,*,#2929,.F.);
#1500=ORIENTED_EDGE('',*,*,#2970,.T.);
#1501=ORIENTED_EDGE('',*,*,#2971,.T.);
#1502=ORIENTED_EDGE('',*,*,#2924,.F.);
#1503=ORIENTED_EDGE('',*,*,#2972,.T.);
#1504=ORIENTED_EDGE('',*,*,#2973,.T.);
#1505=ORIENTED_EDGE('',*,*,#2974,.F.);
#1506=ORIENTED_EDGE('',*,*,#2946,.F.);
#1507=ORIENTED_EDGE('',*,*,#2968,.T.);
#1508=ORIENTED_EDGE('',*,*,#2882,.T.);
#1509=ORIENTED_EDGE('',*,*,#2975,.T.);
#1510=ORIENTED_EDGE('',*,*,#2976,.F.);
#1511=ORIENTED_EDGE('',*,*,#2977,.F.);
#1512=ORIENTED_EDGE('',*,*,#2978,.T.);
#1513=ORIENTED_EDGE('',*,*,#2888,.T.);
#1514=ORIENTED_EDGE('',*,*,#2969,.T.);
#1515=ORIENTED_EDGE('',*,*,#2978,.F.);
#1516=ORIENTED_EDGE('',*,*,#2979,.F.);
#1517=ORIENTED_EDGE('',*,*,#2950,.T.);
#1518=ORIENTED_EDGE('',*,*,#2884,.T.);
#1519=ORIENTED_EDGE('',*,*,#2952,.F.);
#1520=ORIENTED_EDGE('',*,*,#2980,.F.);
#1521=ORIENTED_EDGE('',*,*,#2953,.T.);
#1522=ORIENTED_EDGE('',*,*,#2959,.F.);
#1523=ORIENTED_EDGE('',*,*,#2955,.F.);
#1524=ORIENTED_EDGE('',*,*,#2981,.T.);
#1525=ORIENTED_EDGE('',*,*,#2982,.T.);
#1526=ORIENTED_EDGE('',*,*,#2970,.F.);
#1527=ORIENTED_EDGE('',*,*,#2971,.F.);
#1528=ORIENTED_EDGE('',*,*,#2982,.F.);
#1529=ORIENTED_EDGE('',*,*,#2983,.T.);
#1530=ORIENTED_EDGE('',*,*,#2984,.T.);
#1531=ORIENTED_EDGE('',*,*,#2960,.F.);
#1532=ORIENTED_EDGE('',*,*,#2941,.F.);
#1533=ORIENTED_EDGE('',*,*,#2961,.F.);
#1534=ORIENTED_EDGE('',*,*,#2984,.F.);
#1535=ORIENTED_EDGE('',*,*,#2985,.T.);
#1536=ORIENTED_EDGE('',*,*,#2986,.T.);
#1537=ORIENTED_EDGE('',*,*,#2962,.F.);
#1538=ORIENTED_EDGE('',*,*,#2986,.F.);
#1539=ORIENTED_EDGE('',*,*,#2987,.T.);
#1540=ORIENTED_EDGE('',*,*,#2988,.T.);
#1541=ORIENTED_EDGE('',*,*,#2963,.F.);
#1542=ORIENTED_EDGE('',*,*,#2964,.F.);
#1543=ORIENTED_EDGE('',*,*,#2988,.F.);
#1544=ORIENTED_EDGE('',*,*,#2989,.T.);
#1545=ORIENTED_EDGE('',*,*,#2990,.T.);
#1546=ORIENTED_EDGE('',*,*,#2966,.T.);
#1547=ORIENTED_EDGE('',*,*,#2878,.T.);
#1548=ORIENTED_EDGE('',*,*,#2965,.T.);
#1549=ORIENTED_EDGE('',*,*,#2990,.F.);
#1550=ORIENTED_EDGE('',*,*,#2991,.F.);
#1551=ORIENTED_EDGE('',*,*,#2992,.T.);
#1552=ORIENTED_EDGE('',*,*,#2967,.F.);
#1553=ORIENTED_EDGE('',*,*,#2992,.F.);
#1554=ORIENTED_EDGE('',*,*,#2993,.T.);
#1555=ORIENTED_EDGE('',*,*,#2994,.T.);
#1556=ORIENTED_EDGE('',*,*,#2972,.F.);
#1557=ORIENTED_EDGE('',*,*,#2948,.F.);
#1558=ORIENTED_EDGE('',*,*,#2973,.F.);
#1559=ORIENTED_EDGE('',*,*,#2994,.F.);
#1560=ORIENTED_EDGE('',*,*,#2995,.T.);
#1561=ORIENTED_EDGE('',*,*,#2996,.T.);
#1562=ORIENTED_EDGE('',*,*,#2997,.T.);
#1563=ORIENTED_EDGE('',*,*,#2974,.T.);
#1564=ORIENTED_EDGE('',*,*,#2996,.F.);
#1565=ORIENTED_EDGE('',*,*,#2998,.F.);
#1566=ORIENTED_EDGE('',*,*,#2999,.T.);
#1567=ORIENTED_EDGE('',*,*,#3000,.F.);
#1568=ORIENTED_EDGE('',*,*,#2999,.F.);
#1569=ORIENTED_EDGE('',*,*,#3001,.T.);
#1570=ORIENTED_EDGE('',*,*,#2976,.T.);
#1571=ORIENTED_EDGE('',*,*,#2977,.T.);
#1572=ORIENTED_EDGE('',*,*,#3001,.F.);
#1573=ORIENTED_EDGE('',*,*,#2998,.T.);
#1574=ORIENTED_EDGE('',*,*,#2995,.F.);
#1575=ORIENTED_EDGE('',*,*,#2993,.F.);
#1576=ORIENTED_EDGE('',*,*,#2991,.T.);
#1577=ORIENTED_EDGE('',*,*,#2989,.F.);
#1578=ORIENTED_EDGE('',*,*,#2987,.F.);
#1579=ORIENTED_EDGE('',*,*,#2985,.F.);
#1580=ORIENTED_EDGE('',*,*,#2983,.F.);
#1581=ORIENTED_EDGE('',*,*,#2981,.F.);
#1582=ORIENTED_EDGE('',*,*,#2954,.F.);
#1583=ORIENTED_EDGE('',*,*,#2980,.T.);
#1584=ORIENTED_EDGE('',*,*,#2951,.F.);
#1585=ORIENTED_EDGE('',*,*,#2979,.T.);
#1586=ORIENTED_EDGE('',*,*,#2997,.F.);
#1587=ORIENTED_EDGE('',*,*,#3000,.T.);
#1588=ORIENTED_EDGE('',*,*,#2975,.F.);
#1589=ORIENTED_EDGE('',*,*,#2947,.F.);
#1590=ORIENTED_EDGE('',*,*,#3002,.T.);
#1591=ORIENTED_EDGE('',*,*,#3003,.T.);
#1592=ORIENTED_EDGE('',*,*,#3004,.T.);
#1593=ORIENTED_EDGE('',*,*,#3005,.F.);
#1594=ORIENTED_EDGE('',*,*,#3006,.F.);
#1595=ORIENTED_EDGE('',*,*,#3007,.F.);
#1596=ORIENTED_EDGE('',*,*,#3008,.T.);
#1597=ORIENTED_EDGE('',*,*,#3009,.F.);
#1598=ORIENTED_EDGE('',*,*,#3010,.T.);
#1599=ORIENTED_EDGE('',*,*,#3011,.T.);
#1600=ORIENTED_EDGE('',*,*,#3012,.T.);
#1601=ORIENTED_EDGE('',*,*,#3013,.T.);
#1602=ORIENTED_EDGE('',*,*,#3014,.T.);
#1603=ORIENTED_EDGE('',*,*,#3015,.T.);
#1604=ORIENTED_EDGE('',*,*,#3016,.F.);
#1605=ORIENTED_EDGE('',*,*,#3017,.T.);
#1606=ORIENTED_EDGE('',*,*,#3018,.T.);
#1607=ORIENTED_EDGE('',*,*,#3019,.F.);
#1608=ORIENTED_EDGE('',*,*,#3020,.T.);
#1609=ORIENTED_EDGE('',*,*,#3005,.T.);
#1610=ORIENTED_EDGE('',*,*,#3021,.F.);
#1611=ORIENTED_EDGE('',*,*,#3020,.F.);
#1612=ORIENTED_EDGE('',*,*,#3022,.T.);
#1613=ORIENTED_EDGE('',*,*,#3002,.F.);
#1614=ORIENTED_EDGE('',*,*,#3022,.F.);
#1615=ORIENTED_EDGE('',*,*,#3019,.T.);
#1616=ORIENTED_EDGE('',*,*,#3023,.T.);
#1617=ORIENTED_EDGE('',*,*,#3024,.F.);
#1618=ORIENTED_EDGE('',*,*,#3025,.T.);
#1619=ORIENTED_EDGE('',*,*,#3023,.F.);
#1620=ORIENTED_EDGE('',*,*,#3018,.F.);
#1621=ORIENTED_EDGE('',*,*,#3026,.T.);
#1622=ORIENTED_EDGE('',*,*,#3027,.T.);
#1623=ORIENTED_EDGE('',*,*,#3028,.T.);
#1624=ORIENTED_EDGE('',*,*,#3029,.T.);
#1625=ORIENTED_EDGE('',*,*,#3026,.F.);
#1626=ORIENTED_EDGE('',*,*,#3017,.F.);
#1627=ORIENTED_EDGE('',*,*,#3030,.T.);
#1628=ORIENTED_EDGE('',*,*,#3031,.F.);
#1629=ORIENTED_EDGE('',*,*,#3030,.F.);
#1630=ORIENTED_EDGE('',*,*,#3016,.T.);
#1631=ORIENTED_EDGE('',*,*,#3032,.T.);
#1632=ORIENTED_EDGE('',*,*,#3033,.F.);
#1633=ORIENTED_EDGE('',*,*,#3034,.F.);
#1634=ORIENTED_EDGE('',*,*,#3035,.T.);
#1635=ORIENTED_EDGE('',*,*,#3032,.F.);
#1636=ORIENTED_EDGE('',*,*,#3015,.F.);
#1637=ORIENTED_EDGE('',*,*,#3036,.T.);
#1638=ORIENTED_EDGE('',*,*,#3037,.T.);
#1639=ORIENTED_EDGE('',*,*,#3038,.T.);
#1640=ORIENTED_EDGE('',*,*,#3036,.F.);
#1641=ORIENTED_EDGE('',*,*,#3014,.F.);
#1642=ORIENTED_EDGE('',*,*,#3039,.T.);
#1643=ORIENTED_EDGE('',*,*,#3040,.T.);
#1644=ORIENTED_EDGE('',*,*,#3039,.F.);
#1645=ORIENTED_EDGE('',*,*,#3013,.F.);
#1646=ORIENTED_EDGE('',*,*,#3041,.T.);
#1647=ORIENTED_EDGE('',*,*,#3042,.T.);
#1648=ORIENTED_EDGE('',*,*,#3043,.T.);
#1649=ORIENTED_EDGE('',*,*,#3044,.T.);
#1650=ORIENTED_EDGE('',*,*,#3041,.F.);
#1651=ORIENTED_EDGE('',*,*,#3012,.F.);
#1652=ORIENTED_EDGE('',*,*,#3045,.T.);
#1653=ORIENTED_EDGE('',*,*,#3046,.T.);
#1654=ORIENTED_EDGE('',*,*,#3047,.T.);
#1655=ORIENTED_EDGE('',*,*,#3045,.F.);
#1656=ORIENTED_EDGE('',*,*,#3011,.F.);
#1657=ORIENTED_EDGE('',*,*,#3048,.T.);
#1658=ORIENTED_EDGE('',*,*,#3049,.F.);
#1659=ORIENTED_EDGE('',*,*,#3050,.F.);
#1660=ORIENTED_EDGE('',*,*,#3009,.T.);
#1661=ORIENTED_EDGE('',*,*,#3051,.T.);
#1662=ORIENTED_EDGE('',*,*,#3052,.F.);
#1663=ORIENTED_EDGE('',*,*,#3053,.F.);
#1664=ORIENTED_EDGE('',*,*,#3007,.T.);
#1665=ORIENTED_EDGE('',*,*,#3054,.T.);
#1666=ORIENTED_EDGE('',*,*,#3055,.F.);
#1667=ORIENTED_EDGE('',*,*,#3056,.F.);
#1668=ORIENTED_EDGE('',*,*,#3054,.F.);
#1669=ORIENTED_EDGE('',*,*,#3006,.T.);
#1670=ORIENTED_EDGE('',*,*,#3021,.T.);
#1671=ORIENTED_EDGE('',*,*,#3004,.F.);
#1672=ORIENTED_EDGE('',*,*,#3057,.F.);
#1673=ORIENTED_EDGE('',*,*,#3029,.F.);
#1674=ORIENTED_EDGE('',*,*,#3058,.T.);
#1675=ORIENTED_EDGE('',*,*,#3024,.T.);
#1676=ORIENTED_EDGE('',*,*,#3025,.F.);
#1677=ORIENTED_EDGE('',*,*,#3031,.T.);
#1678=ORIENTED_EDGE('',*,*,#3059,.T.);
#1679=ORIENTED_EDGE('',*,*,#3042,.F.);
#1680=ORIENTED_EDGE('',*,*,#3047,.F.);
#1681=ORIENTED_EDGE('',*,*,#3060,.T.);
#1682=ORIENTED_EDGE('',*,*,#3055,.T.);
#1683=ORIENTED_EDGE('',*,*,#3056,.T.);
#1684=ORIENTED_EDGE('',*,*,#3061,.T.);
#1685=ORIENTED_EDGE('',*,*,#3027,.F.);
#1686=ORIENTED_EDGE('',*,*,#3038,.F.);
#1687=ORIENTED_EDGE('',*,*,#3062,.T.);
#1688=ORIENTED_EDGE('',*,*,#3033,.T.);
#1689=ORIENTED_EDGE('',*,*,#3035,.F.);
#1690=ORIENTED_EDGE('',*,*,#3044,.F.);
#1691=ORIENTED_EDGE('',*,*,#3063,.T.);
#1692=ORIENTED_EDGE('',*,*,#3037,.F.);
#1693=ORIENTED_EDGE('',*,*,#3040,.F.);
#1694=ORIENTED_EDGE('',*,*,#3046,.F.);
#1695=ORIENTED_EDGE('',*,*,#3064,.T.);
#1696=ORIENTED_EDGE('',*,*,#3065,.F.);
#1697=ORIENTED_EDGE('',*,*,#3066,.T.);
#1698=ORIENTED_EDGE('',*,*,#2754,.F.);
#1699=ORIENTED_EDGE('',*,*,#3067,.F.);
#1700=ORIENTED_EDGE('',*,*,#3065,.T.);
#1701=ORIENTED_EDGE('',*,*,#3068,.T.);
#1702=ORIENTED_EDGE('',*,*,#2755,.T.);
#1703=ORIENTED_EDGE('',*,*,#3068,.F.);
#1704=ORIENTED_EDGE('',*,*,#3064,.F.);
#1705=ORIENTED_EDGE('',*,*,#3048,.F.);
#1706=ORIENTED_EDGE('',*,*,#3010,.F.);
#1707=ORIENTED_EDGE('',*,*,#3050,.T.);
#1708=ORIENTED_EDGE('',*,*,#3069,.F.);
#1709=ORIENTED_EDGE('',*,*,#3051,.F.);
#1710=ORIENTED_EDGE('',*,*,#3008,.F.);
#1711=ORIENTED_EDGE('',*,*,#3053,.T.);
#1712=ORIENTED_EDGE('',*,*,#3070,.F.);
#1713=ORIENTED_EDGE('',*,*,#3071,.T.);
#1714=ORIENTED_EDGE('',*,*,#2756,.T.);
#1715=ORIENTED_EDGE('',*,*,#3071,.F.);
#1716=ORIENTED_EDGE('',*,*,#3072,.F.);
#1717=ORIENTED_EDGE('',*,*,#3073,.T.);
#1718=ORIENTED_EDGE('',*,*,#3028,.F.);
#1719=ORIENTED_EDGE('',*,*,#3074,.T.);
#1720=ORIENTED_EDGE('',*,*,#3075,.T.);
#1721=ORIENTED_EDGE('',*,*,#3076,.T.);
#1722=ORIENTED_EDGE('',*,*,#2759,.T.);
#1723=ORIENTED_EDGE('',*,*,#3077,.F.);
#1724=ORIENTED_EDGE('',*,*,#3078,.F.);
#1725=ORIENTED_EDGE('',*,*,#3003,.F.);
#1726=ORIENTED_EDGE('',*,*,#3058,.F.);
#1727=ORIENTED_EDGE('',*,*,#3076,.F.);
#1728=ORIENTED_EDGE('',*,*,#3079,.T.);
#1729=ORIENTED_EDGE('',*,*,#2760,.T.);
#1730=ORIENTED_EDGE('',*,*,#3079,.F.);
#1731=ORIENTED_EDGE('',*,*,#3075,.F.);
#1732=ORIENTED_EDGE('',*,*,#3080,.T.);
#1733=ORIENTED_EDGE('',*,*,#2758,.F.);
#1734=ORIENTED_EDGE('',*,*,#3081,.F.);
#1735=ORIENTED_EDGE('',*,*,#3082,.T.);
#1736=ORIENTED_EDGE('',*,*,#3077,.T.);
#1737=ORIENTED_EDGE('',*,*,#3043,.F.);
#1738=ORIENTED_EDGE('',*,*,#3083,.T.);
#1739=ORIENTED_EDGE('',*,*,#3084,.F.);
#1740=ORIENTED_EDGE('',*,*,#3085,.T.);
#1741=ORIENTED_EDGE('',*,*,#2762,.F.);
#1742=ORIENTED_EDGE('',*,*,#3086,.F.);
#1743=ORIENTED_EDGE('',*,*,#3087,.T.);
#1744=ORIENTED_EDGE('',*,*,#3088,.T.);
#1745=ORIENTED_EDGE('',*,*,#2763,.T.);
#1746=ORIENTED_EDGE('',*,*,#3088,.F.);
#1747=ORIENTED_EDGE('',*,*,#3089,.F.);
#1748=ORIENTED_EDGE('',*,*,#3062,.F.);
#1749=ORIENTED_EDGE('',*,*,#3063,.F.);
#1750=ORIENTED_EDGE('',*,*,#3085,.F.);
#1751=ORIENTED_EDGE('',*,*,#3090,.T.);
#1752=ORIENTED_EDGE('',*,*,#2764,.F.);
#1753=ORIENTED_EDGE('',*,*,#3090,.F.);
#1754=ORIENTED_EDGE('',*,*,#3084,.T.);
#1755=ORIENTED_EDGE('',*,*,#3091,.T.);
#1756=ORIENTED_EDGE('',*,*,#2761,.F.);
#1757=ORIENTED_EDGE('',*,*,#3080,.F.);
#1758=ORIENTED_EDGE('',*,*,#3074,.F.);
#1759=ORIENTED_EDGE('',*,*,#3061,.F.);
#1760=ORIENTED_EDGE('',*,*,#3092,.F.);
#1761=ORIENTED_EDGE('',*,*,#3081,.T.);
#1762=ORIENTED_EDGE('',*,*,#2757,.F.);
#1763=ORIENTED_EDGE('',*,*,#3073,.F.);
#1764=ORIENTED_EDGE('',*,*,#3093,.F.);
#1765=ORIENTED_EDGE('',*,*,#3060,.F.);
#1766=ORIENTED_EDGE('',*,*,#3066,.F.);
#1767=ORIENTED_EDGE('',*,*,#3067,.T.);
#1768=ORIENTED_EDGE('',*,*,#2753,.F.);
#1769=ORIENTED_EDGE('',*,*,#3091,.F.);
#1770=ORIENTED_EDGE('',*,*,#3083,.F.);
#1771=ORIENTED_EDGE('',*,*,#3059,.F.);
#1772=ORIENTED_EDGE('',*,*,#3094,.F.);
#1773=ORIENTED_EDGE('',*,*,#3086,.T.);
#1774=ORIENTED_EDGE('',*,*,#2730,.T.);
#1775=ORIENTED_EDGE('',*,*,#2751,.T.);
#1776=ORIENTED_EDGE('',*,*,#3095,.T.);
#1777=ORIENTED_EDGE('',*,*,#2713,.F.);
#1778=ORIENTED_EDGE('',*,*,#3096,.F.);
#1779=ORIENTED_EDGE('',*,*,#3097,.F.);
#1780=ORIENTED_EDGE('',*,*,#3098,.T.);
#1781=ORIENTED_EDGE('',*,*,#3099,.T.);
#1782=ORIENTED_EDGE('',*,*,#2718,.T.);
#1783=ORIENTED_EDGE('',*,*,#3100,.F.);
#1784=ORIENTED_EDGE('',*,*,#2733,.F.);
#1785=ORIENTED_EDGE('',*,*,#2315,.T.);
#1786=ORIENTED_EDGE('',*,*,#2708,.T.);
#1787=ORIENTED_EDGE('',*,*,#3096,.T.);
#1788=ORIENTED_EDGE('',*,*,#2712,.F.);
#1789=ORIENTED_EDGE('',*,*,#3101,.F.);
#1790=ORIENTED_EDGE('',*,*,#2752,.T.);
#1791=ORIENTED_EDGE('',*,*,#2711,.T.);
#1792=ORIENTED_EDGE('',*,*,#2578,.F.);
#1793=ORIENTED_EDGE('',*,*,#2749,.F.);
#1794=ORIENTED_EDGE('',*,*,#3101,.T.);
#1795=ORIENTED_EDGE('',*,*,#2710,.F.);
#1796=ORIENTED_EDGE('',*,*,#3102,.F.);
#1797=ORIENTED_EDGE('',*,*,#2748,.T.);
#1798=ORIENTED_EDGE('',*,*,#2584,.T.);
#1799=ORIENTED_EDGE('',*,*,#3102,.T.);
#1800=ORIENTED_EDGE('',*,*,#2709,.F.);
#1801=ORIENTED_EDGE('',*,*,#2582,.F.);
#1802=ORIENTED_EDGE('',*,*,#2747,.T.);
#1803=ORIENTED_EDGE('',*,*,#3103,.F.);
#1804=ORIENTED_EDGE('',*,*,#2734,.T.);
#1805=ORIENTED_EDGE('',*,*,#3100,.T.);
#1806=ORIENTED_EDGE('',*,*,#2721,.F.);
#1807=ORIENTED_EDGE('',*,*,#3104,.T.);
#1808=ORIENTED_EDGE('',*,*,#3105,.T.);
#1809=ORIENTED_EDGE('',*,*,#2729,.F.);
#1810=ORIENTED_EDGE('',*,*,#3106,.F.);
#1811=ORIENTED_EDGE('',*,*,#2737,.T.);
#1812=ORIENTED_EDGE('',*,*,#3103,.T.);
#1813=ORIENTED_EDGE('',*,*,#2720,.T.);
#1814=ORIENTED_EDGE('',*,*,#3107,.F.);
#1815=ORIENTED_EDGE('',*,*,#3108,.F.);
#1816=ORIENTED_EDGE('',*,*,#2735,.F.);
#1817=ORIENTED_EDGE('',*,*,#3109,.F.);
#1818=ORIENTED_EDGE('',*,*,#2738,.T.);
#1819=ORIENTED_EDGE('',*,*,#3106,.T.);
#1820=ORIENTED_EDGE('',*,*,#2728,.F.);
#1821=ORIENTED_EDGE('',*,*,#3109,.T.);
#1822=ORIENTED_EDGE('',*,*,#2727,.T.);
#1823=ORIENTED_EDGE('',*,*,#3110,.F.);
#1824=ORIENTED_EDGE('',*,*,#3111,.F.);
#1825=ORIENTED_EDGE('',*,*,#2739,.F.);
#1826=ORIENTED_EDGE('',*,*,#3112,.T.);
#1827=ORIENTED_EDGE('',*,*,#3113,.T.);
#1828=ORIENTED_EDGE('',*,*,#2725,.F.);
#1829=ORIENTED_EDGE('',*,*,#3114,.F.);
#1830=ORIENTED_EDGE('',*,*,#2741,.T.);
#1831=ORIENTED_EDGE('',*,*,#3115,.F.);
#1832=ORIENTED_EDGE('',*,*,#2742,.T.);
#1833=ORIENTED_EDGE('',*,*,#3114,.T.);
#1834=ORIENTED_EDGE('',*,*,#2724,.F.);
#1835=ORIENTED_EDGE('',*,*,#3115,.T.);
#1836=ORIENTED_EDGE('',*,*,#2723,.T.);
#1837=ORIENTED_EDGE('',*,*,#3116,.F.);
#1838=ORIENTED_EDGE('',*,*,#3117,.F.);
#1839=ORIENTED_EDGE('',*,*,#2743,.F.);
#1840=ORIENTED_EDGE('',*,*,#3118,.T.);
#1841=ORIENTED_EDGE('',*,*,#3119,.T.);
#1842=ORIENTED_EDGE('',*,*,#2716,.F.);
#1843=ORIENTED_EDGE('',*,*,#3120,.F.);
#1844=ORIENTED_EDGE('',*,*,#2745,.T.);
#1845=ORIENTED_EDGE('',*,*,#2595,.F.);
#1846=ORIENTED_EDGE('',*,*,#2746,.T.);
#1847=ORIENTED_EDGE('',*,*,#3120,.T.);
#1848=ORIENTED_EDGE('',*,*,#2715,.F.);
#1849=ORIENTED_EDGE('',*,*,#2580,.T.);
#1850=ORIENTED_EDGE('',*,*,#2714,.F.);
#1851=ORIENTED_EDGE('',*,*,#3095,.F.);
#1852=ORIENTED_EDGE('',*,*,#2750,.T.);
#1853=ORIENTED_EDGE('',*,*,#3121,.F.);
#1854=ORIENTED_EDGE('',*,*,#3104,.F.);
#1855=ORIENTED_EDGE('',*,*,#2736,.T.);
#1856=ORIENTED_EDGE('',*,*,#3108,.T.);
#1857=ORIENTED_EDGE('',*,*,#3122,.F.);
#1858=ORIENTED_EDGE('',*,*,#3112,.F.);
#1859=ORIENTED_EDGE('',*,*,#2740,.T.);
#1860=ORIENTED_EDGE('',*,*,#3111,.T.);
#1861=ORIENTED_EDGE('',*,*,#3123,.F.);
#1862=ORIENTED_EDGE('',*,*,#3118,.F.);
#1863=ORIENTED_EDGE('',*,*,#2744,.T.);
#1864=ORIENTED_EDGE('',*,*,#3117,.T.);
#1865=ORIENTED_EDGE('',*,*,#3124,.F.);
#1866=ORIENTED_EDGE('',*,*,#2590,.F.);
#1867=ORIENTED_EDGE('',*,*,#3125,.T.);
#1868=ORIENTED_EDGE('',*,*,#3123,.T.);
#1869=ORIENTED_EDGE('',*,*,#3126,.T.);
#1870=ORIENTED_EDGE('',*,*,#3122,.T.);
#1871=ORIENTED_EDGE('',*,*,#3127,.T.);
#1872=ORIENTED_EDGE('',*,*,#3121,.T.);
#1873=ORIENTED_EDGE('',*,*,#3128,.T.);
#1874=ORIENTED_EDGE('',*,*,#3098,.F.);
#1875=ORIENTED_EDGE('',*,*,#3128,.F.);
#1876=ORIENTED_EDGE('',*,*,#3107,.T.);
#1877=ORIENTED_EDGE('',*,*,#2719,.T.);
#1878=ORIENTED_EDGE('',*,*,#3099,.F.);
#1879=ORIENTED_EDGE('',*,*,#2707,.F.);
#1880=ORIENTED_EDGE('',*,*,#2591,.F.);
#1881=ORIENTED_EDGE('',*,*,#3124,.T.);
#1882=ORIENTED_EDGE('',*,*,#3097,.T.);
#1883=ORIENTED_EDGE('',*,*,#3127,.F.);
#1884=ORIENTED_EDGE('',*,*,#3110,.T.);
#1885=ORIENTED_EDGE('',*,*,#2726,.T.);
#1886=ORIENTED_EDGE('',*,*,#3105,.F.);
#1887=ORIENTED_EDGE('',*,*,#3126,.F.);
#1888=ORIENTED_EDGE('',*,*,#3116,.T.);
#1889=ORIENTED_EDGE('',*,*,#2722,.T.);
#1890=ORIENTED_EDGE('',*,*,#3113,.F.);
#1891=ORIENTED_EDGE('',*,*,#3119,.F.);
#1892=ORIENTED_EDGE('',*,*,#3125,.F.);
#1893=ORIENTED_EDGE('',*,*,#2589,.T.);
#1894=ORIENTED_EDGE('',*,*,#2717,.T.);
#1895=ORIENTED_EDGE('',*,*,#3070,.T.);
#1896=ORIENTED_EDGE('',*,*,#3052,.T.);
#1897=ORIENTED_EDGE('',*,*,#3093,.T.);
#1898=ORIENTED_EDGE('',*,*,#3072,.T.);
#1899=ORIENTED_EDGE('',*,*,#3069,.T.);
#1900=ORIENTED_EDGE('',*,*,#3049,.T.);
#1901=ORIENTED_EDGE('',*,*,#3092,.T.);
#1902=ORIENTED_EDGE('',*,*,#3057,.T.);
#1903=ORIENTED_EDGE('',*,*,#3078,.T.);
#1904=ORIENTED_EDGE('',*,*,#3082,.F.);
#1905=ORIENTED_EDGE('',*,*,#3094,.T.);
#1906=ORIENTED_EDGE('',*,*,#3034,.T.);
#1907=ORIENTED_EDGE('',*,*,#3089,.T.);
#1908=ORIENTED_EDGE('',*,*,#3087,.F.);
#1909=ORIENTED_EDGE('',*,*,#3129,.F.);
#1910=ORIENTED_EDGE('',*,*,#3130,.T.);
#1911=ORIENTED_EDGE('',*,*,#3131,.F.);
#1912=ORIENTED_EDGE('',*,*,#3132,.F.);
#1913=ORIENTED_EDGE('',*,*,#3133,.F.);
#1914=ORIENTED_EDGE('',*,*,#3134,.T.);
#1915=ORIENTED_EDGE('',*,*,#3135,.F.);
#1916=ORIENTED_EDGE('',*,*,#3136,.F.);
#1917=ORIENTED_EDGE('',*,*,#3137,.F.);
#1918=ORIENTED_EDGE('',*,*,#3138,.F.);
#1919=ORIENTED_EDGE('',*,*,#3139,.F.);
#1920=ORIENTED_EDGE('',*,*,#3140,.F.);
#1921=ORIENTED_EDGE('',*,*,#3141,.F.);
#1922=ORIENTED_EDGE('',*,*,#3142,.F.);
#1923=ORIENTED_EDGE('',*,*,#3143,.T.);
#1924=ORIENTED_EDGE('',*,*,#2327,.F.);
#1925=ORIENTED_EDGE('',*,*,#2670,.F.);
#1926=ORIENTED_EDGE('',*,*,#3144,.T.);
#1927=ORIENTED_EDGE('',*,*,#3145,.T.);
#1928=ORIENTED_EDGE('',*,*,#3146,.T.);
#1929=ORIENTED_EDGE('',*,*,#2334,.F.);
#1930=ORIENTED_EDGE('',*,*,#3147,.F.);
#1931=ORIENTED_EDGE('',*,*,#3148,.T.);
#1932=ORIENTED_EDGE('',*,*,#3149,.T.);
#1933=ORIENTED_EDGE('',*,*,#2330,.F.);
#1934=ORIENTED_EDGE('',*,*,#3150,.F.);
#1935=ORIENTED_EDGE('',*,*,#2346,.T.);
#1936=ORIENTED_EDGE('',*,*,#3151,.F.);
#1937=ORIENTED_EDGE('',*,*,#3152,.F.);
#1938=ORIENTED_EDGE('',*,*,#2673,.T.);
#1939=ORIENTED_EDGE('',*,*,#3153,.T.);
#1940=ORIENTED_EDGE('',*,*,#3154,.T.);
#1941=ORIENTED_EDGE('',*,*,#2341,.F.);
#1942=ORIENTED_EDGE('',*,*,#3155,.F.);
#1943=ORIENTED_EDGE('',*,*,#3152,.T.);
#1944=ORIENTED_EDGE('',*,*,#3156,.T.);
#1945=ORIENTED_EDGE('',*,*,#3153,.F.);
#1946=ORIENTED_EDGE('',*,*,#3157,.F.);
#1947=ORIENTED_EDGE('',*,*,#3148,.F.);
#1948=ORIENTED_EDGE('',*,*,#3158,.F.);
#1949=ORIENTED_EDGE('',*,*,#3145,.F.);
#1950=ORIENTED_EDGE('',*,*,#3159,.F.);
#1951=ORIENTED_EDGE('',*,*,#3144,.F.);
#1952=ORIENTED_EDGE('',*,*,#2669,.T.);
#1953=ORIENTED_EDGE('',*,*,#3159,.T.);
#1954=ORIENTED_EDGE('',*,*,#3160,.F.);
#1955=ORIENTED_EDGE('',*,*,#2432,.F.);
#1956=ORIENTED_EDGE('',*,*,#3161,.T.);
#1957=ORIENTED_EDGE('',*,*,#3158,.T.);
#1958=ORIENTED_EDGE('',*,*,#3162,.F.);
#1959=ORIENTED_EDGE('',*,*,#2436,.F.);
#1960=ORIENTED_EDGE('',*,*,#3163,.T.);
#1961=ORIENTED_EDGE('',*,*,#3157,.T.);
#1962=ORIENTED_EDGE('',*,*,#3164,.F.);
#1963=ORIENTED_EDGE('',*,*,#2440,.F.);
#1964=ORIENTED_EDGE('',*,*,#3165,.T.);
#1965=ORIENTED_EDGE('',*,*,#2585,.F.);
#1966=ORIENTED_EDGE('',*,*,#2422,.F.);
#1967=ORIENTED_EDGE('',*,*,#3166,.T.);
#1968=ORIENTED_EDGE('',*,*,#2322,.T.);
#1969=ORIENTED_EDGE('',*,*,#2671,.T.);
#1970=ORIENTED_EDGE('',*,*,#2325,.T.);
#1971=ORIENTED_EDGE('',*,*,#3167,.F.);
#1972=ORIENTED_EDGE('',*,*,#2430,.F.);
#1973=ORIENTED_EDGE('',*,*,#3161,.F.);
#1974=ORIENTED_EDGE('',*,*,#2431,.F.);
#1975=ORIENTED_EDGE('',*,*,#3167,.T.);
#1976=ORIENTED_EDGE('',*,*,#2328,.T.);
#1977=ORIENTED_EDGE('',*,*,#3143,.F.);
#1978=ORIENTED_EDGE('',*,*,#3168,.F.);
#1979=ORIENTED_EDGE('',*,*,#2433,.T.);
#1980=ORIENTED_EDGE('',*,*,#3160,.T.);
#1981=ORIENTED_EDGE('',*,*,#3147,.T.);
#1982=ORIENTED_EDGE('',*,*,#2337,.F.);
#1983=ORIENTED_EDGE('',*,*,#3168,.T.);
#1984=ORIENTED_EDGE('',*,*,#2336,.T.);
#1985=ORIENTED_EDGE('',*,*,#3169,.F.);
#1986=ORIENTED_EDGE('',*,*,#2434,.F.);
#1987=ORIENTED_EDGE('',*,*,#3163,.F.);
#1988=ORIENTED_EDGE('',*,*,#2435,.F.);
#1989=ORIENTED_EDGE('',*,*,#3169,.T.);
#1990=ORIENTED_EDGE('',*,*,#2335,.T.);
#1991=ORIENTED_EDGE('',*,*,#3146,.F.);
#1992=ORIENTED_EDGE('',*,*,#3170,.F.);
#1993=ORIENTED_EDGE('',*,*,#2437,.T.);
#1994=ORIENTED_EDGE('',*,*,#3162,.T.);
#1995=ORIENTED_EDGE('',*,*,#3150,.T.);
#1996=ORIENTED_EDGE('',*,*,#2333,.F.);
#1997=ORIENTED_EDGE('',*,*,#3170,.T.);
#1998=ORIENTED_EDGE('',*,*,#2332,.T.);
#1999=ORIENTED_EDGE('',*,*,#3171,.F.);
#2000=ORIENTED_EDGE('',*,*,#2438,.F.);
#2001=ORIENTED_EDGE('',*,*,#3172,.F.);
#2002=ORIENTED_EDGE('',*,*,#2441,.T.);
#2003=ORIENTED_EDGE('',*,*,#3164,.T.);
#2004=ORIENTED_EDGE('',*,*,#3155,.T.);
#2005=ORIENTED_EDGE('',*,*,#2340,.F.);
#2006=ORIENTED_EDGE('',*,*,#3165,.F.);
#2007=ORIENTED_EDGE('',*,*,#2439,.F.);
#2008=ORIENTED_EDGE('',*,*,#3171,.T.);
#2009=ORIENTED_EDGE('',*,*,#2331,.T.);
#2010=ORIENTED_EDGE('',*,*,#3149,.F.);
#2011=ORIENTED_EDGE('',*,*,#3172,.T.);
#2012=ORIENTED_EDGE('',*,*,#2339,.T.);
#2013=ORIENTED_EDGE('',*,*,#3173,.F.);
#2014=ORIENTED_EDGE('',*,*,#2442,.F.);
#2015=ORIENTED_EDGE('',*,*,#3174,.F.);
#2016=ORIENTED_EDGE('',*,*,#2424,.F.);
#2017=ORIENTED_EDGE('',*,*,#2588,.T.);
#2018=ORIENTED_EDGE('',*,*,#2317,.T.);
#2019=ORIENTED_EDGE('',*,*,#2319,.T.);
#2020=ORIENTED_EDGE('',*,*,#2587,.F.);
#2021=ORIENTED_EDGE('',*,*,#2425,.F.);
#2022=ORIENTED_EDGE('',*,*,#3174,.T.);
#2023=ORIENTED_EDGE('',*,*,#2320,.F.);
#2024=ORIENTED_EDGE('',*,*,#3175,.F.);
#2025=ORIENTED_EDGE('',*,*,#2419,.T.);
#2026=ORIENTED_EDGE('',*,*,#2586,.T.);
#2027=ORIENTED_EDGE('',*,*,#3176,.F.);
#2028=ORIENTED_EDGE('',*,*,#2420,.F.);
#2029=ORIENTED_EDGE('',*,*,#3175,.T.);
#2030=ORIENTED_EDGE('',*,*,#2324,.T.);
#2031=ORIENTED_EDGE('',*,*,#3151,.T.);
#2032=ORIENTED_EDGE('',*,*,#2345,.F.);
#2033=ORIENTED_EDGE('',*,*,#2385,.F.);
#2034=ORIENTED_EDGE('',*,*,#2443,.T.);
#2035=ORIENTED_EDGE('',*,*,#3173,.T.);
#2036=ORIENTED_EDGE('',*,*,#2338,.F.);
#2037=ORIENTED_EDGE('',*,*,#3154,.F.);
#2038=ORIENTED_EDGE('',*,*,#3156,.F.);
#2039=ORIENTED_EDGE('',*,*,#2421,.F.);
#2040=ORIENTED_EDGE('',*,*,#3176,.T.);
#2041=ORIENTED_EDGE('',*,*,#2323,.T.);
#2042=ORIENTED_EDGE('',*,*,#3166,.F.);
#2043=ORIENTED_EDGE('',*,*,#2410,.T.);
#2044=ORIENTED_EDGE('',*,*,#3177,.F.);
#2045=ORIENTED_EDGE('',*,*,#3129,.T.);
#2046=ORIENTED_EDGE('',*,*,#3178,.T.);
#2047=ORIENTED_EDGE('',*,*,#3179,.T.);
#2048=ORIENTED_EDGE('',*,*,#3180,.T.);
#2049=ORIENTED_EDGE('',*,*,#2406,.T.);
#2050=ORIENTED_EDGE('',*,*,#3181,.F.);
#2051=ORIENTED_EDGE('',*,*,#3182,.T.);
#2052=ORIENTED_EDGE('',*,*,#3183,.T.);
#2053=ORIENTED_EDGE('',*,*,#3141,.T.);
#2054=ORIENTED_EDGE('',*,*,#3184,.T.);
#2055=ORIENTED_EDGE('',*,*,#2414,.T.);
#2056=ORIENTED_EDGE('',*,*,#3185,.F.);
#2057=ORIENTED_EDGE('',*,*,#3133,.T.);
#2058=ORIENTED_EDGE('',*,*,#3186,.T.);
#2059=ORIENTED_EDGE('',*,*,#3187,.T.);
#2060=ORIENTED_EDGE('',*,*,#3188,.T.);
#2061=ORIENTED_EDGE('',*,*,#2329,.F.);
#2062=ORIENTED_EDGE('',*,*,#2407,.T.);
#2063=ORIENTED_EDGE('',*,*,#3180,.F.);
#2064=ORIENTED_EDGE('',*,*,#3189,.F.);
#2065=ORIENTED_EDGE('',*,*,#3190,.T.);
#2066=ORIENTED_EDGE('',*,*,#2408,.F.);
#2067=ORIENTED_EDGE('',*,*,#3190,.F.);
#2068=ORIENTED_EDGE('',*,*,#3191,.T.);
#2069=ORIENTED_EDGE('',*,*,#3192,.T.);
#2070=ORIENTED_EDGE('',*,*,#3193,.T.);
#2071=ORIENTED_EDGE('',*,*,#3131,.T.);
#2072=ORIENTED_EDGE('',*,*,#3194,.T.);
#2073=ORIENTED_EDGE('',*,*,#2409,.T.);
#2074=ORIENTED_EDGE('',*,*,#3194,.F.);
#2075=ORIENTED_EDGE('',*,*,#3130,.F.);
#2076=ORIENTED_EDGE('',*,*,#3177,.T.);
#2077=ORIENTED_EDGE('',*,*,#3195,.T.);
#2078=ORIENTED_EDGE('',*,*,#3191,.F.);
#2079=ORIENTED_EDGE('',*,*,#3189,.T.);
#2080=ORIENTED_EDGE('',*,*,#3179,.F.);
#2081=ORIENTED_EDGE('',*,*,#2413,.T.);
#2082=ORIENTED_EDGE('',*,*,#3196,.F.);
#2083=ORIENTED_EDGE('',*,*,#3134,.F.);
#2084=ORIENTED_EDGE('',*,*,#3185,.T.);
#2085=ORIENTED_EDGE('',*,*,#2411,.F.);
#2086=ORIENTED_EDGE('',*,*,#3188,.F.);
#2087=ORIENTED_EDGE('',*,*,#3197,.T.);
#2088=ORIENTED_EDGE('',*,*,#3198,.T.);
#2089=ORIENTED_EDGE('',*,*,#2412,.F.);
#2090=ORIENTED_EDGE('',*,*,#3198,.F.);
#2091=ORIENTED_EDGE('',*,*,#3199,.T.);
#2092=ORIENTED_EDGE('',*,*,#3200,.T.);
#2093=ORIENTED_EDGE('',*,*,#3201,.T.);
#2094=ORIENTED_EDGE('',*,*,#3135,.T.);
#2095=ORIENTED_EDGE('',*,*,#3196,.T.);
#2096=ORIENTED_EDGE('',*,*,#3202,.T.);
#2097=ORIENTED_EDGE('',*,*,#3199,.F.);
#2098=ORIENTED_EDGE('',*,*,#3197,.F.);
#2099=ORIENTED_EDGE('',*,*,#3187,.F.);
#2100=ORIENTED_EDGE('',*,*,#2415,.F.);
#2101=ORIENTED_EDGE('',*,*,#3184,.F.);
#2102=ORIENTED_EDGE('',*,*,#3140,.T.);
#2103=ORIENTED_EDGE('',*,*,#3203,.T.);
#2104=ORIENTED_EDGE('',*,*,#2416,.F.);
#2105=ORIENTED_EDGE('',*,*,#3203,.F.);
#2106=ORIENTED_EDGE('',*,*,#3139,.T.);
#2107=ORIENTED_EDGE('',*,*,#3204,.F.);
#2108=ORIENTED_EDGE('',*,*,#3205,.T.);
#2109=ORIENTED_EDGE('',*,*,#3206,.T.);
#2110=ORIENTED_EDGE('',*,*,#3137,.T.);
#2111=ORIENTED_EDGE('',*,*,#3207,.F.);
#2112=ORIENTED_EDGE('',*,*,#3208,.T.);
#2113=ORIENTED_EDGE('',*,*,#3209,.T.);
#2114=ORIENTED_EDGE('',*,*,#3210,.T.);
#2115=ORIENTED_EDGE('',*,*,#3211,.T.);
#2116=ORIENTED_EDGE('',*,*,#2417,.T.);
#2117=ORIENTED_EDGE('',*,*,#3211,.F.);
#2118=ORIENTED_EDGE('',*,*,#3212,.F.);
#2119=ORIENTED_EDGE('',*,*,#3181,.T.);
#2120=ORIENTED_EDGE('',*,*,#3213,.T.);
#2121=ORIENTED_EDGE('',*,*,#3182,.F.);
#2122=ORIENTED_EDGE('',*,*,#3212,.T.);
#2123=ORIENTED_EDGE('',*,*,#3210,.F.);
#2124=ORIENTED_EDGE('',*,*,#3214,.T.);
#2125=ORIENTED_EDGE('',*,*,#3215,.T.);
#2126=ORIENTED_EDGE('',*,*,#3216,.T.);
#2127=ORIENTED_EDGE('',*,*,#3192,.F.);
#2128=ORIENTED_EDGE('',*,*,#3217,.T.);
#2129=ORIENTED_EDGE('',*,*,#3218,.T.);
#2130=ORIENTED_EDGE('',*,*,#3219,.F.);
#2131=ORIENTED_EDGE('',*,*,#3193,.F.);
#2132=ORIENTED_EDGE('',*,*,#3220,.F.);
#2133=ORIENTED_EDGE('',*,*,#3221,.T.);
#2134=ORIENTED_EDGE('',*,*,#3186,.F.);
#2135=ORIENTED_EDGE('',*,*,#3222,.F.);
#2136=ORIENTED_EDGE('',*,*,#3223,.F.);
#2137=ORIENTED_EDGE('',*,*,#3183,.F.);
#2138=ORIENTED_EDGE('',*,*,#3224,.T.);
#2139=ORIENTED_EDGE('',*,*,#3225,.T.);
#2140=ORIENTED_EDGE('',*,*,#3178,.F.);
#2141=ORIENTED_EDGE('',*,*,#3226,.T.);
#2142=ORIENTED_EDGE('',*,*,#3227,.T.);
#2143=ORIENTED_EDGE('',*,*,#3228,.F.);
#2144=ORIENTED_EDGE('',*,*,#3200,.F.);
#2145=ORIENTED_EDGE('',*,*,#3222,.T.);
#2146=ORIENTED_EDGE('',*,*,#3136,.T.);
#2147=ORIENTED_EDGE('',*,*,#3229,.T.);
#2148=ORIENTED_EDGE('',*,*,#3230,.F.);
#2149=ORIENTED_EDGE('',*,*,#3231,.F.);
#2150=ORIENTED_EDGE('',*,*,#3232,.T.);
#2151=ORIENTED_EDGE('',*,*,#3142,.T.);
#2152=ORIENTED_EDGE('',*,*,#3223,.T.);
#2153=ORIENTED_EDGE('',*,*,#3232,.F.);
#2154=ORIENTED_EDGE('',*,*,#3233,.F.);
#2155=ORIENTED_EDGE('',*,*,#3204,.T.);
#2156=ORIENTED_EDGE('',*,*,#3138,.T.);
#2157=ORIENTED_EDGE('',*,*,#3206,.F.);
#2158=ORIENTED_EDGE('',*,*,#3234,.F.);
#2159=ORIENTED_EDGE('',*,*,#3207,.T.);
#2160=ORIENTED_EDGE('',*,*,#3213,.F.);
#2161=ORIENTED_EDGE('',*,*,#3209,.F.);
#2162=ORIENTED_EDGE('',*,*,#3235,.T.);
#2163=ORIENTED_EDGE('',*,*,#3236,.T.);
#2164=ORIENTED_EDGE('',*,*,#3224,.F.);
#2165=ORIENTED_EDGE('',*,*,#3225,.F.);
#2166=ORIENTED_EDGE('',*,*,#3236,.F.);
#2167=ORIENTED_EDGE('',*,*,#3237,.T.);
#2168=ORIENTED_EDGE('',*,*,#3238,.T.);
#2169=ORIENTED_EDGE('',*,*,#3214,.F.);
#2170=ORIENTED_EDGE('',*,*,#3195,.F.);
#2171=ORIENTED_EDGE('',*,*,#3215,.F.);
#2172=ORIENTED_EDGE('',*,*,#3238,.F.);
#2173=ORIENTED_EDGE('',*,*,#3239,.T.);
#2174=ORIENTED_EDGE('',*,*,#3240,.T.);
#2175=ORIENTED_EDGE('',*,*,#3216,.F.);
#2176=ORIENTED_EDGE('',*,*,#3240,.F.);
#2177=ORIENTED_EDGE('',*,*,#3241,.T.);
#2178=ORIENTED_EDGE('',*,*,#3242,.T.);
#2179=ORIENTED_EDGE('',*,*,#3217,.F.);
#2180=ORIENTED_EDGE('',*,*,#3218,.F.);
#2181=ORIENTED_EDGE('',*,*,#3242,.F.);
#2182=ORIENTED_EDGE('',*,*,#3243,.T.);
#2183=ORIENTED_EDGE('',*,*,#3244,.T.);
#2184=ORIENTED_EDGE('',*,*,#3220,.T.);
#2185=ORIENTED_EDGE('',*,*,#3132,.T.);
#2186=ORIENTED_EDGE('',*,*,#3219,.T.);
#2187=ORIENTED_EDGE('',*,*,#3244,.F.);
#2188=ORIENTED_EDGE('',*,*,#3245,.F.);
#2189=ORIENTED_EDGE('',*,*,#3246,.T.);
#2190=ORIENTED_EDGE('',*,*,#3221,.F.);
#2191=ORIENTED_EDGE('',*,*,#3246,.F.);
#2192=ORIENTED_EDGE('',*,*,#3247,.T.);
#2193=ORIENTED_EDGE('',*,*,#3248,.T.);
#2194=ORIENTED_EDGE('',*,*,#3226,.F.);
#2195=ORIENTED_EDGE('',*,*,#3202,.F.);
#2196=ORIENTED_EDGE('',*,*,#3227,.F.);
#2197=ORIENTED_EDGE('',*,*,#3248,.F.);
#2198=ORIENTED_EDGE('',*,*,#3249,.T.);
#2199=ORIENTED_EDGE('',*,*,#3250,.T.);
#2200=ORIENTED_EDGE('',*,*,#3251,.T.);
#2201=ORIENTED_EDGE('',*,*,#3228,.T.);
#2202=ORIENTED_EDGE('',*,*,#3250,.F.);
#2203=ORIENTED_EDGE('',*,*,#3252,.F.);
#2204=ORIENTED_EDGE('',*,*,#3253,.T.);
#2205=ORIENTED_EDGE('',*,*,#3254,.F.);
#2206=ORIENTED_EDGE('',*,*,#3253,.F.);
#2207=ORIENTED_EDGE('',*,*,#3255,.T.);
#2208=ORIENTED_EDGE('',*,*,#3230,.T.);
#2209=ORIENTED_EDGE('',*,*,#3231,.T.);
#2210=ORIENTED_EDGE('',*,*,#3255,.F.);
#2211=ORIENTED_EDGE('',*,*,#3252,.T.);
#2212=ORIENTED_EDGE('',*,*,#3249,.F.);
#2213=ORIENTED_EDGE('',*,*,#3247,.F.);
#2214=ORIENTED_EDGE('',*,*,#3245,.T.);
#2215=ORIENTED_EDGE('',*,*,#3243,.F.);
#2216=ORIENTED_EDGE('',*,*,#3241,.F.);
#2217=ORIENTED_EDGE('',*,*,#3239,.F.);
#2218=ORIENTED_EDGE('',*,*,#3237,.F.);
#2219=ORIENTED_EDGE('',*,*,#3235,.F.);
#2220=ORIENTED_EDGE('',*,*,#3208,.F.);
#2221=ORIENTED_EDGE('',*,*,#3234,.T.);
#2222=ORIENTED_EDGE('',*,*,#3205,.F.);
#2223=ORIENTED_EDGE('',*,*,#3233,.T.);
#2224=ORIENTED_EDGE('',*,*,#3251,.F.);
#2225=ORIENTED_EDGE('',*,*,#3254,.T.);
#2226=ORIENTED_EDGE('',*,*,#3229,.F.);
#2227=ORIENTED_EDGE('',*,*,#3201,.F.);
#2228=ORIENTED_EDGE('',*,*,#3256,.T.);
#2229=ORIENTED_EDGE('',*,*,#2771,.T.);
#2230=ORIENTED_EDGE('',*,*,#3257,.F.);
#2231=ORIENTED_EDGE('',*,*,#2784,.F.);
#2232=ORIENTED_EDGE('',*,*,#2706,.T.);
#2233=ORIENTED_EDGE('',*,*,#2313,.F.);
#2234=ORIENTED_EDGE('',*,*,#2732,.F.);
#2235=ORIENTED_EDGE('',*,*,#2488,.T.);
#2236=ORIENTED_EDGE('',*,*,#3257,.T.);
#2237=ORIENTED_EDGE('',*,*,#2496,.T.);
#2238=ORIENTED_EDGE('',*,*,#2501,.F.);
#2239=ORIENTED_EDGE('',*,*,#2494,.F.);
#2240=ORIENTED_EDGE('',*,*,#3256,.F.);
#2241=ORIENTED_EDGE('',*,*,#2486,.F.);
#2242=ORIENTED_EDGE('',*,*,#2536,.T.);
#2243=ORIENTED_EDGE('',*,*,#2311,.T.);
#2244=ORIENTED_EDGE('',*,*,#3258,.T.);
#2245=ORIENTED_EDGE('',*,*,#2772,.T.);
#2246=ORIENTED_EDGE('',*,*,#3259,.F.);
#2247=ORIENTED_EDGE('',*,*,#2783,.F.);
#2248=ORIENTED_EDGE('',*,*,#2502,.T.);
#2249=ORIENTED_EDGE('',*,*,#2699,.F.);
#2250=ORIENTED_EDGE('',*,*,#3258,.F.);
#2251=ORIENTED_EDGE('',*,*,#2690,.F.);
#2252=ORIENTED_EDGE('',*,*,#2558,.F.);
#2253=ORIENTED_EDGE('',*,*,#2599,.T.);
#2254=ORIENTED_EDGE('',*,*,#2500,.F.);
#2255=ORIENTED_EDGE('',*,*,#2309,.F.);
#2256=ORIENTED_EDGE('',*,*,#2535,.T.);
#2257=ORIENTED_EDGE('',*,*,#2484,.T.);
#2258=ORIENTED_EDGE('',*,*,#3259,.T.);
#2259=ORIENTED_EDGE('',*,*,#2492,.T.);
#2260=ORIENTED_EDGE('',*,*,#2782,.T.);
#2261=ORIENTED_EDGE('',*,*,#3260,.T.);
#2262=ORIENTED_EDGE('',*,*,#2773,.F.);
#2263=ORIENTED_EDGE('',*,*,#3261,.F.);
#2264=ORIENTED_EDGE('',*,*,#2643,.T.);
#2265=ORIENTED_EDGE('',*,*,#2403,.F.);
#2266=ORIENTED_EDGE('',*,*,#3260,.F.);
#2267=ORIENTED_EDGE('',*,*,#2396,.F.);
#2268=ORIENTED_EDGE('',*,*,#2680,.F.);
#2269=ORIENTED_EDGE('',*,*,#2389,.T.);
#2270=ORIENTED_EDGE('',*,*,#2376,.F.);
#2271=ORIENTED_EDGE('',*,*,#2652,.F.);
#2272=ORIENTED_EDGE('',*,*,#2464,.T.);
#2273=ORIENTED_EDGE('',*,*,#2661,.T.);
#2274=ORIENTED_EDGE('',*,*,#3261,.T.);
#2275=ORIENTED_EDGE('',*,*,#2677,.T.);
#2276=ORIENTED_EDGE('',*,*,#2781,.T.);
#2277=ORIENTED_EDGE('',*,*,#3262,.T.);
#2278=ORIENTED_EDGE('',*,*,#2774,.F.);
#2279=ORIENTED_EDGE('',*,*,#3263,.F.);
#2280=ORIENTED_EDGE('',*,*,#2343,.F.);
#2281=ORIENTED_EDGE('',*,*,#2399,.F.);
#2282=ORIENTED_EDGE('',*,*,#3262,.F.);
#2283=ORIENTED_EDGE('',*,*,#2391,.F.);
#2284=ORIENTED_EDGE('',*,*,#2426,.T.);
#2285=ORIENTED_EDGE('',*,*,#2383,.T.);
#2286=ORIENTED_EDGE('',*,*,#2642,.T.);
#2287=ORIENTED_EDGE('',*,*,#2387,.F.);
#2288=ORIENTED_EDGE('',*,*,#2679,.F.);
#2289=ORIENTED_EDGE('',*,*,#2394,.T.);
#2290=ORIENTED_EDGE('',*,*,#3263,.T.);
#2291=ORIENTED_EDGE('',*,*,#2401,.T.);
#2292=ORIENTED_EDGE('',*,*,#2770,.F.);
#2293=ORIENTED_EDGE('',*,*,#2780,.F.);
#2294=ORIENTED_EDGE('',*,*,#2769,.F.);
#2295=ORIENTED_EDGE('',*,*,#2779,.F.);
#2296=ORIENTED_EDGE('',*,*,#2768,.F.);
#2297=ORIENTED_EDGE('',*,*,#2778,.F.);
#2298=ORIENTED_EDGE('',*,*,#2767,.F.);
#2299=ORIENTED_EDGE('',*,*,#2777,.F.);
#2300=ORIENTED_EDGE('',*,*,#2766,.T.);
#2301=ORIENTED_EDGE('',*,*,#2776,.F.);
#2302=ORIENTED_EDGE('',*,*,#2765,.T.);
#2303=ORIENTED_EDGE('',*,*,#2775,.F.);
#2304=ORIENTED_EDGE('',*,*,#2705,.T.);
#2305=ORIENTED_EDGE('',*,*,#2731,.T.);
#2306=ORIENTED_EDGE('',*,*,#2316,.T.);
#2307=ORIENTED_EDGE('',*,*,#2405,.T.);
#2308=EDGE_CURVE('',#3264,#3265,#3876,.T.);
#2309=EDGE_CURVE('',#3264,#3266,#3877,.T.);
#2310=EDGE_CURVE('',#3266,#3267,#3878,.T.);
#2311=EDGE_CURVE('',#3265,#3267,#3879,.T.);
#2312=EDGE_CURVE('',#3268,#3269,#3880,.T.);
#2313=EDGE_CURVE('',#3268,#3270,#3881,.T.);
#2314=EDGE_CURVE('',#3270,#3271,#3882,.T.);
#2315=EDGE_CURVE('',#3269,#3271,#3883,.T.);
#2316=EDGE_CURVE('',#3272,#3272,#112,.T.);
#2317=EDGE_CURVE('',#3273,#3274,#3884,.T.);
#2318=EDGE_CURVE('',#3273,#3275,#3885,.T.);
#2319=EDGE_CURVE('',#3274,#3275,#113,.T.);
#2320=EDGE_CURVE('',#3276,#3277,#114,.T.);
#2321=EDGE_CURVE('',#3277,#3278,#3886,.T.);
#2322=EDGE_CURVE('',#3279,#3278,#3887,.T.);
#2323=EDGE_CURVE('',#3280,#3279,#115,.T.);
#2324=EDGE_CURVE('',#3276,#3280,#3888,.T.);
#2325=EDGE_CURVE('',#3281,#3282,#116,.T.);
#2326=EDGE_CURVE('',#3281,#3283,#3889,.T.);
#2327=EDGE_CURVE('',#3283,#3284,#117,.T.);
#2328=EDGE_CURVE('',#3282,#3284,#3890,.T.);
#2329=EDGE_CURVE('',#3285,#3285,#118,.T.);
#2330=EDGE_CURVE('',#3286,#3287,#119,.T.);
#2331=EDGE_CURVE('',#3288,#3287,#3891,.T.);
#2332=EDGE_CURVE('',#3289,#3288,#120,.T.);
#2333=EDGE_CURVE('',#3289,#3286,#3892,.T.);
#2334=EDGE_CURVE('',#3290,#3291,#121,.T.);
#2335=EDGE_CURVE('',#3292,#3291,#3893,.T.);
#2336=EDGE_CURVE('',#3293,#3292,#122,.T.);
#2337=EDGE_CURVE('',#3293,#3290,#3894,.T.);
#2338=EDGE_CURVE('',#3294,#3295,#3895,.T.);
#2339=EDGE_CURVE('',#3296,#3295,#123,.T.);
#2340=EDGE_CURVE('',#3296,#3297,#3896,.T.);
#2341=EDGE_CURVE('',#3297,#3294,#124,.T.);
#2342=EDGE_CURVE('',#3298,#3299,#3897,.T.);
#2343=EDGE_CURVE('',#3298,#3300,#3898,.T.);
#2344=EDGE_CURVE('',#3300,#3301,#3899,.T.);
#2345=EDGE_CURVE('',#3301,#3302,#3900,.T.);
#2346=EDGE_CURVE('',#3303,#3302,#125,.T.);
#2347=EDGE_CURVE('',#3303,#3304,#3901,.T.);
#2348=EDGE_CURVE('',#3305,#3304,#3902,.T.);
#2349=EDGE_CURVE('',#3299,#3305,#3903,.T.);
#2350=EDGE_CURVE('',#3306,#3306,#126,.T.);
#2351=EDGE_CURVE('',#3307,#3308,#127,.T.);
#2352=EDGE_CURVE('',#3309,#3307,#3904,.T.);
#2353=EDGE_CURVE('',#3309,#3310,#128,.T.);
#2354=EDGE_CURVE('',#3310,#3308,#3905,.T.);
#2355=EDGE_CURVE('',#3311,#3312,#129,.T.);
#2356=EDGE_CURVE('',#3313,#3311,#3906,.T.);
#2357=EDGE_CURVE('',#3313,#3314,#130,.T.);
#2358=EDGE_CURVE('',#3314,#3312,#3907,.T.);
#2359=EDGE_CURVE('',#3315,#3316,#3908,.T.);
#2360=EDGE_CURVE('',#3317,#3315,#131,.T.);
#2361=EDGE_CURVE('',#3318,#3317,#3909,.T.);
#2362=EDGE_CURVE('',#3318,#3316,#132,.T.);
#2363=EDGE_CURVE('',#3319,#3320,#133,.T.);
#2364=EDGE_CURVE('',#3321,#3319,#3910,.T.);
#2365=EDGE_CURVE('',#3321,#3322,#134,.T.);
#2366=EDGE_CURVE('',#3322,#3320,#3911,.T.);
#2367=EDGE_CURVE('',#3323,#3324,#3912,.T.);
#2368=EDGE_CURVE('',#3325,#3324,#135,.T.);
#2369=EDGE_CURVE('',#3325,#3326,#3913,.T.);
#2370=EDGE_CURVE('',#3326,#3327,#136,.T.);
#2371=EDGE_CURVE('',#3327,#3323,#3914,.T.);
#2372=EDGE_CURVE('',#3328,#3329,#3915,.T.);
#2373=EDGE_CURVE('',#3329,#3330,#3916,.T.);
#2374=EDGE_CURVE('',#3330,#3328,#137,.T.);
#2375=EDGE_CURVE('',#3331,#3332,#3917,.T.);
#2376=EDGE_CURVE('',#3332,#3333,#3918,.T.);
#2377=EDGE_CURVE('',#3334,#3333,#3919,.T.);
#2378=EDGE_CURVE('',#3334,#3335,#3920,.T.);
#2379=EDGE_CURVE('',#3335,#3336,#3921,.T.);
#2380=EDGE_CURVE('',#3337,#3336,#3922,.T.);
#2381=EDGE_CURVE('',#3337,#3338,#138,.T.);
#2382=EDGE_CURVE('',#3331,#3338,#3923,.T.);
#2383=EDGE_CURVE('',#3339,#3300,#3924,.T.);
#2384=EDGE_CURVE('',#3339,#3340,#3925,.T.);
#2385=EDGE_CURVE('',#3340,#3301,#3926,.T.);
#2386=EDGE_CURVE('',#3341,#3342,#3927,.T.);
#2387=EDGE_CURVE('',#3342,#3343,#3928,.T.);
#2388=EDGE_CURVE('',#3344,#3343,#3929,.T.);
#2389=EDGE_CURVE('',#3341,#3344,#3930,.T.);
#2390=EDGE_CURVE('',#3345,#3346,#3931,.T.);
#2391=EDGE_CURVE('',#3345,#3347,#3932,.T.);
#2392=EDGE_CURVE('',#3347,#3348,#3933,.T.);
#2393=EDGE_CURVE('',#3348,#3346,#3934,.T.);
#2394=EDGE_CURVE('',#3349,#3350,#3935,.T.);
#2395=EDGE_CURVE('',#3351,#3349,#3936,.T.);
#2396=EDGE_CURVE('',#3351,#3352,#3937,.T.);
#2397=EDGE_CURVE('',#3352,#3350,#3938,.T.);
#2398=EDGE_CURVE('',#3353,#3354,#3939,.T.);
#2399=EDGE_CURVE('',#3353,#3298,#3940,.T.);
#2400=EDGE_CURVE('',#3299,#3354,#3941,.T.);
#2401=EDGE_CURVE('',#3355,#3356,#3942,.T.);
#2402=EDGE_CURVE('',#3357,#3355,#3943,.T.);
#2403=EDGE_CURVE('',#3357,#3358,#3944,.T.);
#2404=EDGE_CURVE('',#3358,#3356,#3945,.T.);
#2405=EDGE_CURVE('',#3359,#3359,#139,.T.);
#2406=EDGE_CURVE('',#3360,#3361,#140,.T.);
#2407=EDGE_CURVE('',#3362,#3360,#3946,.T.);
#2408=EDGE_CURVE('',#3362,#3363,#141,.T.);
#2409=EDGE_CURVE('',#3364,#3363,#3947,.T.);
#2410=EDGE_CURVE('',#3365,#3364,#142,.T.);
#2411=EDGE_CURVE('',#3365,#3366,#3948,.T.);
#2412=EDGE_CURVE('',#3366,#3367,#143,.T.);
#2413=EDGE_CURVE('',#3368,#3367,#3949,.T.);
#2414=EDGE_CURVE('',#3369,#3368,#144,.T.);
#2415=EDGE_CURVE('',#3369,#3370,#3950,.T.);
#2416=EDGE_CURVE('',#3370,#3371,#145,.T.);
#2417=EDGE_CURVE('',#3361,#3371,#3951,.T.);
#2418=EDGE_CURVE('',#3372,#3373,#3952,.T.);
#2419=EDGE_CURVE('',#3374,#3372,#146,.T.);
#2420=EDGE_CURVE('',#3374,#3375,#3953,.T.);
#2421=EDGE_CURVE('',#3375,#3376,#147,.T.);
#2422=EDGE_CURVE('',#3376,#3373,#3954,.T.);
#2423=EDGE_CURVE('',#3377,#3378,#3955,.T.);
#2424=EDGE_CURVE('',#3377,#3379,#3956,.T.);
#2425=EDGE_CURVE('',#3379,#3378,#148,.T.);
#2426=EDGE_CURVE('',#3345,#3339,#3957,.T.);
#2427=EDGE_CURVE('',#3346,#3380,#3958,.T.);
#2428=EDGE_CURVE('',#3380,#3381,#3959,.T.);
#2429=EDGE_CURVE('',#3382,#3381,#3960,.T.);
#2430=EDGE_CURVE('',#3382,#3383,#149,.T.);
#2431=EDGE_CURVE('',#3383,#3384,#3961,.T.);
#2432=EDGE_CURVE('',#3384,#3385,#150,.T.);
#2433=EDGE_CURVE('',#3386,#3385,#3962,.T.);
#2434=EDGE_CURVE('',#3386,#3387,#151,.T.);
#2435=EDGE_CURVE('',#3387,#3388,#3963,.T.);
#2436=EDGE_CURVE('',#3388,#3389,#152,.T.);
#2437=EDGE_CURVE('',#3390,#3389,#3964,.T.);
#2438=EDGE_CURVE('',#3390,#3391,#153,.T.);
#2439=EDGE_CURVE('',#3391,#3392,#3965,.T.);
#2440=EDGE_CURVE('',#3392,#3393,#154,.T.);
#2441=EDGE_CURVE('',#3394,#3393,#3966,.T.);
#2442=EDGE_CURVE('',#3394,#3395,#155,.T.);
#2443=EDGE_CURVE('',#3340,#3395,#3967,.T.);
#2444=EDGE_CURVE('',#3396,#3397,#3968,.T.);
#2445=EDGE_CURVE('',#3398,#3396,#3969,.T.);
#2446=EDGE_CURVE('',#3397,#3398,#156,.T.);
#2447=EDGE_CURVE('',#3399,#3400,#157,.T.);
#2448=EDGE_CURVE('',#3401,#3400,#3970,.T.);
#2449=EDGE_CURVE('',#3402,#3401,#3971,.T.);
#2450=EDGE_CURVE('',#3403,#3402,#158,.T.);
#2451=EDGE_CURVE('',#3399,#3403,#3972,.T.);
#2452=EDGE_CURVE('',#3404,#3405,#159,.T.);
#2453=EDGE_CURVE('',#3405,#3406,#3973,.T.);
#2454=EDGE_CURVE('',#3407,#3406,#160,.T.);
#2455=EDGE_CURVE('',#3408,#3407,#3974,.T.);
#2456=EDGE_CURVE('',#3408,#3409,#161,.T.);
#2457=EDGE_CURVE('',#3409,#3410,#3975,.T.);
#2458=EDGE_CURVE('',#3411,#3410,#162,.T.);
#2459=EDGE_CURVE('',#3412,#3411,#3976,.T.);
#2460=EDGE_CURVE('',#3412,#3413,#163,.T.);
#2461=EDGE_CURVE('',#3413,#3414,#3977,.T.);
#2462=EDGE_CURVE('',#3415,#3414,#164,.T.);
#2463=EDGE_CURVE('',#3415,#3404,#3978,.T.);
#2464=EDGE_CURVE('',#3416,#3417,#3979,.T.);
#2465=EDGE_CURVE('',#3418,#3416,#3980,.T.);
#2466=EDGE_CURVE('',#3418,#3419,#3981,.T.);
#2467=EDGE_CURVE('',#3420,#3419,#165,.T.);
#2468=EDGE_CURVE('',#3420,#3421,#3982,.T.);
#2469=EDGE_CURVE('',#3422,#3421,#166,.T.);
#2470=EDGE_CURVE('',#3423,#3422,#3983,.T.);
#2471=EDGE_CURVE('',#3424,#3423,#167,.T.);
#2472=EDGE_CURVE('',#3424,#3425,#3984,.T.);
#2473=EDGE_CURVE('',#3426,#3425,#168,.T.);
#2474=EDGE_CURVE('',#3427,#3426,#3985,.T.);
#2475=EDGE_CURVE('',#3428,#3427,#169,.T.);
#2476=EDGE_CURVE('',#3428,#3429,#3986,.T.);
#2477=EDGE_CURVE('',#3430,#3429,#170,.T.);
#2478=EDGE_CURVE('',#3431,#3430,#3987,.T.);
#2479=EDGE_CURVE('',#3432,#3431,#171,.T.);
#2480=EDGE_CURVE('',#3432,#3433,#3988,.T.);
#2481=EDGE_CURVE('',#3434,#3433,#3989,.T.);
#2482=EDGE_CURVE('',#3435,#3434,#3990,.T.);
#2483=EDGE_CURVE('',#3435,#3417,#3991,.T.);
#2484=EDGE_CURVE('',#3436,#3437,#3992,.T.);
#2485=EDGE_CURVE('',#3436,#3438,#3993,.T.);
#2486=EDGE_CURVE('',#3438,#3439,#3994,.T.);
#2487=EDGE_CURVE('',#3437,#3439,#3995,.T.);
#2488=EDGE_CURVE('',#3440,#3441,#3996,.T.);
#2489=EDGE_CURVE('',#3440,#3442,#3997,.T.);
#2490=EDGE_CURVE('',#3443,#3442,#3998,.T.);
#2491=EDGE_CURVE('',#3441,#3443,#3999,.T.);
#2492=EDGE_CURVE('',#3444,#3445,#4000,.T.);
#2493=EDGE_CURVE('',#3444,#3446,#4001,.T.);
#2494=EDGE_CURVE('',#3446,#3447,#4002,.T.);
#2495=EDGE_CURVE('',#3445,#3447,#4003,.T.);
#2496=EDGE_CURVE('',#3448,#3449,#4004,.T.);
#2497=EDGE_CURVE('',#3448,#3450,#4005,.T.);
#2498=EDGE_CURVE('',#3451,#3450,#4006,.T.);
#2499=EDGE_CURVE('',#3449,#3451,#4007,.T.);
#2500=EDGE_CURVE('',#3266,#3445,#4008,.T.);
#2501=EDGE_CURVE('',#3447,#3267,#4009,.T.);
#2502=EDGE_CURVE('',#3452,#3453,#4010,.T.);
#2503=EDGE_CURVE('',#3454,#3452,#4011,.T.);
#2504=EDGE_CURVE('',#3454,#3455,#4012,.T.);
#2505=EDGE_CURVE('',#3456,#3455,#172,.T.);
#2506=EDGE_CURVE('',#3457,#3456,#4013,.T.);
#2507=EDGE_CURVE('',#3458,#3457,#4014,.T.);
#2508=EDGE_CURVE('',#3458,#3459,#4015,.T.);
#2509=EDGE_CURVE('',#3459,#3453,#4016,.T.);
#2510=EDGE_CURVE('',#3460,#3460,#173,.T.);
#2511=EDGE_CURVE('',#3461,#3462,#174,.T.);
#2512=EDGE_CURVE('',#3463,#3462,#4017,.T.);
#2513=EDGE_CURVE('',#3464,#3463,#175,.T.);
#2514=EDGE_CURVE('',#3464,#3461,#4018,.T.);
#2515=EDGE_CURVE('',#3465,#3466,#176,.T.);
#2516=EDGE_CURVE('',#3467,#3466,#4019,.T.);
#2517=EDGE_CURVE('',#3468,#3467,#177,.T.);
#2518=EDGE_CURVE('',#3468,#3465,#4020,.T.);
#2519=EDGE_CURVE('',#3469,#3470,#4021,.T.);
#2520=EDGE_CURVE('',#3471,#3470,#178,.T.);
#2521=EDGE_CURVE('',#3471,#3472,#4022,.T.);
#2522=EDGE_CURVE('',#3472,#3469,#179,.T.);
#2523=EDGE_CURVE('',#3473,#3474,#180,.T.);
#2524=EDGE_CURVE('',#3475,#3473,#4023,.T.);
#2525=EDGE_CURVE('',#3475,#3476,#181,.T.);
#2526=EDGE_CURVE('',#3474,#3476,#4024,.T.);
#2527=EDGE_CURVE('',#3477,#3478,#182,.T.);
#2528=EDGE_CURVE('',#3479,#3478,#4025,.T.);
#2529=EDGE_CURVE('',#3480,#3479,#4026,.T.);
#2530=EDGE_CURVE('',#3481,#3480,#183,.T.);
#2531=EDGE_CURVE('',#3477,#3481,#4027,.T.);
#2532=EDGE_CURVE('',#3482,#3483,#4028,.T.);
#2533=EDGE_CURVE('',#3484,#3482,#4029,.T.);
#2534=EDGE_CURVE('',#3483,#3484,#184,.T.);
#2535=EDGE_CURVE('',#3264,#3436,#4030,.T.);
#2536=EDGE_CURVE('',#3438,#3265,#4031,.T.);
#2537=EDGE_CURVE('',#3485,#3486,#4032,.T.);
#2538=EDGE_CURVE('',#3486,#3487,#4033,.T.);
#2539=EDGE_CURVE('',#3487,#3485,#185,.T.);
#2540=EDGE_CURVE('',#3488,#3489,#4034,.T.);
#2541=EDGE_CURVE('',#3490,#3489,#186,.T.);
#2542=EDGE_CURVE('',#3490,#3491,#4035,.T.);
#2543=EDGE_CURVE('',#3491,#3492,#187,.T.);
#2544=EDGE_CURVE('',#3492,#3488,#4036,.T.);
#2545=EDGE_CURVE('',#3493,#3494,#188,.T.);
#2546=EDGE_CURVE('',#3495,#3493,#4037,.T.);
#2547=EDGE_CURVE('',#3495,#3496,#189,.T.);
#2548=EDGE_CURVE('',#3497,#3496,#4038,.T.);
#2549=EDGE_CURVE('',#3498,#3497,#190,.T.);
#2550=EDGE_CURVE('',#3498,#3499,#4039,.T.);
#2551=EDGE_CURVE('',#3499,#3500,#191,.T.);
#2552=EDGE_CURVE('',#3501,#3500,#4040,.T.);
#2553=EDGE_CURVE('',#3502,#3501,#192,.T.);
#2554=EDGE_CURVE('',#3502,#3503,#4041,.T.);
#2555=EDGE_CURVE('',#3503,#3504,#193,.T.);
#2556=EDGE_CURVE('',#3494,#3504,#4042,.T.);
#2557=EDGE_CURVE('',#3505,#3506,#4043,.T.);
#2558=EDGE_CURVE('',#3506,#3507,#4044,.T.);
#2559=EDGE_CURVE('',#3508,#3507,#4045,.T.);
#2560=EDGE_CURVE('',#3509,#3508,#4046,.T.);
#2561=EDGE_CURVE('',#3509,#3510,#4047,.T.);
#2562=EDGE_CURVE('',#3510,#3511,#4048,.T.);
#2563=EDGE_CURVE('',#3511,#3512,#194,.T.);
#2564=EDGE_CURVE('',#3512,#3513,#4049,.T.);
#2565=EDGE_CURVE('',#3513,#3514,#195,.T.);
#2566=EDGE_CURVE('',#3515,#3514,#4050,.T.);
#2567=EDGE_CURVE('',#3515,#3516,#196,.T.);
#2568=EDGE_CURVE('',#3516,#3517,#4051,.T.);
#2569=EDGE_CURVE('',#3517,#3518,#197,.T.);
#2570=EDGE_CURVE('',#3519,#3518,#4052,.T.);
#2571=EDGE_CURVE('',#3519,#3520,#198,.T.);
#2572=EDGE_CURVE('',#3520,#3521,#4053,.T.);
#2573=EDGE_CURVE('',#3521,#3522,#199,.T.);
#2574=EDGE_CURVE('',#3523,#3522,#4054,.T.);
#2575=EDGE_CURVE('',#3523,#3524,#200,.T.);
#2576=EDGE_CURVE('',#3505,#3524,#4055,.T.);
#2577=EDGE_CURVE('',#3525,#3526,#4056,.T.);
#2578=EDGE_CURVE('',#3525,#3527,#4057,.T.);
#2579=EDGE_CURVE('',#3527,#3528,#4058,.T.);
#2580=EDGE_CURVE('',#3526,#3528,#4059,.T.);
#2581=EDGE_CURVE('',#3529,#3530,#4060,.T.);
#2582=EDGE_CURVE('',#3529,#3531,#4061,.T.);
#2583=EDGE_CURVE('',#3531,#3532,#4062,.T.);
#2584=EDGE_CURVE('',#3530,#3532,#4063,.T.);
#2585=EDGE_CURVE('',#3373,#3278,#4064,.T.);
#2586=EDGE_CURVE('',#3372,#3277,#4065,.T.);
#2587=EDGE_CURVE('',#3378,#3275,#4066,.T.);
#2588=EDGE_CURVE('',#3377,#3273,#4067,.T.);
#2589=EDGE_CURVE('',#3533,#3534,#4068,.T.);
#2590=EDGE_CURVE('',#3533,#3535,#4069,.T.);
#2591=EDGE_CURVE('',#3535,#3536,#4070,.T.);
#2592=EDGE_CURVE('',#3537,#3536,#4071,.T.);
#2593=EDGE_CURVE('',#3537,#3538,#4072,.T.);
#2594=EDGE_CURVE('',#3538,#3539,#4073,.T.);
#2595=EDGE_CURVE('',#3539,#3540,#4074,.T.);
#2596=EDGE_CURVE('',#3534,#3540,#4075,.T.);
#2597=EDGE_CURVE('',#3488,#3479,#4076,.T.);
#2598=EDGE_CURVE('',#3489,#3478,#4077,.T.);
#2599=EDGE_CURVE('',#3506,#3452,#4078,.T.);
#2600=EDGE_CURVE('',#3505,#3454,#4079,.T.);
#2601=EDGE_CURVE('',#3485,#3484,#4080,.T.);
#2602=EDGE_CURVE('',#3486,#3482,#4081,.T.);
#2603=EDGE_CURVE('',#3511,#3473,#4082,.T.);
#2604=EDGE_CURVE('',#3457,#3510,#4083,.T.);
#2605=EDGE_CURVE('',#3541,#3456,#4084,.T.);
#2606=EDGE_CURVE('',#3542,#3541,#4085,.T.);
#2607=EDGE_CURVE('',#3542,#3475,#4086,.T.);
#2608=EDGE_CURVE('',#3543,#3544,#201,.T.);
#2609=EDGE_CURVE('',#3544,#3545,#4087,.T.);
#2610=EDGE_CURVE('',#3545,#3546,#202,.T.);
#2611=EDGE_CURVE('',#3543,#3546,#4088,.T.);
#2612=EDGE_CURVE('',#3547,#3548,#203,.T.);
#2613=EDGE_CURVE('',#3548,#3549,#4089,.T.);
#2614=EDGE_CURVE('',#3549,#3550,#204,.T.);
#2615=EDGE_CURVE('',#3547,#3550,#4090,.T.);
#2616=EDGE_CURVE('',#3551,#3552,#205,.T.);
#2617=EDGE_CURVE('',#3552,#3551,#4091,.T.);
#2618=EDGE_CURVE('',#3553,#3554,#206,.T.);
#2619=EDGE_CURVE('',#3554,#3555,#4092,.T.);
#2620=EDGE_CURVE('',#3555,#3556,#207,.T.);
#2621=EDGE_CURVE('',#3556,#3553,#4093,.T.);
#2622=EDGE_CURVE('',#3557,#3320,#4094,.T.);
#2623=EDGE_CURVE('',#3558,#3557,#208,.T.);
#2624=EDGE_CURVE('',#3558,#3319,#4095,.T.);
#2625=EDGE_CURVE('',#3559,#3560,#209,.T.);
#2626=EDGE_CURVE('',#3559,#3311,#4096,.T.);
#2627=EDGE_CURVE('',#3560,#3312,#4097,.T.);
#2628=EDGE_CURVE('',#3561,#3562,#210,.T.);
#2629=EDGE_CURVE('',#3561,#3307,#4098,.T.);
#2630=EDGE_CURVE('',#3562,#3308,#4099,.T.);
#2631=EDGE_CURVE('',#3563,#3337,#4100,.T.);
#2632=EDGE_CURVE('',#3563,#3564,#211,.T.);
#2633=EDGE_CURVE('',#3564,#3338,#4101,.T.);
#2634=EDGE_CURVE('',#3565,#3566,#212,.T.);
#2635=EDGE_CURVE('',#3565,#3317,#4102,.T.);
#2636=EDGE_CURVE('',#3566,#3315,#4103,.T.);
#2637=EDGE_CURVE('',#3558,#3563,#4104,.T.);
#2638=EDGE_CURVE('',#3557,#3559,#213,.T.);
#2639=EDGE_CURVE('',#3560,#3561,#214,.T.);
#2640=EDGE_CURVE('',#3562,#3565,#215,.T.);
#2641=EDGE_CURVE('',#3564,#3566,#4105,.T.);
#2642=EDGE_CURVE('',#3356,#3343,#4106,.T.);
#2643=EDGE_CURVE('',#3344,#3358,#4107,.T.);
#2644=EDGE_CURVE('',#3430,#3557,#4108,.T.);
#2645=EDGE_CURVE('',#3429,#3559,#4109,.T.);
#2646=EDGE_CURVE('',#3426,#3560,#4110,.T.);
#2647=EDGE_CURVE('',#3425,#3561,#4111,.T.);
#2648=EDGE_CURVE('',#3422,#3562,#4112,.T.);
#2649=EDGE_CURVE('',#3421,#3565,#4113,.T.);
#2650=EDGE_CURVE('',#3401,#3323,#4114,.T.);
#2651=EDGE_CURVE('',#3400,#3324,#4115,.T.);
#2652=EDGE_CURVE('',#3416,#3332,#4116,.T.);
#2653=EDGE_CURVE('',#3418,#3331,#4117,.T.);
#2654=EDGE_CURVE('',#3396,#3329,#4118,.T.);
#2655=EDGE_CURVE('',#3398,#3328,#4119,.T.);
#2656=EDGE_CURVE('',#3567,#3568,#4120,.T.);
#2657=EDGE_CURVE('',#3567,#3435,#4121,.T.);
#2658=EDGE_CURVE('',#3568,#3434,#4122,.T.);
#2659=EDGE_CURVE('',#3348,#3569,#4123,.T.);
#2660=EDGE_CURVE('',#3569,#3380,#4124,.T.);
#2661=EDGE_CURVE('',#3417,#3570,#4125,.T.);
#2662=EDGE_CURVE('',#3567,#3570,#4126,.T.);
#2663=EDGE_CURVE('',#3334,#3571,#4127,.T.);
#2664=EDGE_CURVE('',#3571,#3572,#4128,.T.);
#2665=EDGE_CURVE('',#3335,#3572,#4129,.T.);
#2666=EDGE_CURVE('',#3336,#3433,#4130,.T.);
#2667=EDGE_CURVE('',#3572,#3568,#4131,.T.);
#2668=EDGE_CURVE('',#3432,#3321,#4132,.T.);
#2669=EDGE_CURVE('',#3573,#3574,#4133,.T.);
#2670=EDGE_CURVE('',#3573,#3283,#4134,.T.);
#2671=EDGE_CURVE('',#3382,#3281,#4135,.T.);
#2672=EDGE_CURVE('',#3304,#3381,#4136,.T.);
#2673=EDGE_CURVE('',#3574,#3303,#4137,.T.);
#2674=EDGE_CURVE('',#3575,#3569,#4138,.T.);
#2675=EDGE_CURVE('',#3305,#3575,#4139,.T.);
#2676=EDGE_CURVE('',#3354,#3575,#4140,.T.);
#2677=EDGE_CURVE('',#3576,#3333,#4141,.T.);
#2678=EDGE_CURVE('',#3571,#3576,#4142,.T.);
#2679=EDGE_CURVE('',#3349,#3342,#4143,.T.);
#2680=EDGE_CURVE('',#3341,#3351,#4144,.T.);
#2681=EDGE_CURVE('',#3572,#3577,#4145,.T.);
#2682=EDGE_CURVE('',#3577,#3578,#4146,.T.);
#2683=EDGE_CURVE('',#3568,#3578,#4147,.T.);
#2684=EDGE_CURVE('',#3575,#3579,#4148,.T.);
#2685=EDGE_CURVE('',#3569,#3580,#4149,.T.);
#2686=EDGE_CURVE('',#3579,#3580,#4150,.T.);
#2687=EDGE_CURVE('',#3578,#3581,#4151,.T.);
#2688=EDGE_CURVE('',#3578,#3509,#4152,.T.);
#2689=EDGE_CURVE('',#3581,#3508,#4153,.T.);
#2690=EDGE_CURVE('',#3507,#3582,#4154,.T.);
#2691=EDGE_CURVE('',#3581,#3582,#4155,.T.);
#2692=EDGE_CURVE('',#3580,#3583,#4156,.T.);
#2693=EDGE_CURVE('',#3580,#3443,#4157,.T.);
#2694=EDGE_CURVE('',#3583,#3442,#4158,.T.);
#2695=EDGE_CURVE('',#3458,#3577,#4159,.T.);
#2696=EDGE_CURVE('',#3577,#3584,#4160,.T.);
#2697=EDGE_CURVE('',#3459,#3584,#4161,.T.);
#2698=EDGE_CURVE('',#3584,#3585,#4162,.T.);
#2699=EDGE_CURVE('',#3585,#3453,#4163,.T.);
#2700=EDGE_CURVE('',#3579,#3450,#4164,.T.);
#2701=EDGE_CURVE('',#3586,#3579,#4165,.T.);
#2702=EDGE_CURVE('',#3586,#3451,#4166,.T.);
#2703=EDGE_CURVE('',#3583,#3538,#4167,.T.);
#2704=EDGE_CURVE('',#3586,#3537,#4168,.T.);
#2705=EDGE_CURVE('',#3587,#3587,#216,.T.);
#2706=EDGE_CURVE('',#3449,#3270,#4169,.T.);
#2707=EDGE_CURVE('',#3536,#3588,#217,.T.);
#2708=EDGE_CURVE('',#3271,#3588,#4170,.T.);
#2709=EDGE_CURVE('',#3531,#3589,#4171,.T.);
#2710=EDGE_CURVE('',#3589,#3532,#218,.T.);
#2711=EDGE_CURVE('',#3590,#3527,#219,.T.);
#2712=EDGE_CURVE('',#3590,#3591,#4172,.T.);
#2713=EDGE_CURVE('',#3591,#3592,#220,.T.);
#2714=EDGE_CURVE('',#3592,#3528,#4173,.T.);
#2715=EDGE_CURVE('',#3540,#3593,#221,.T.);
#2716=EDGE_CURVE('',#3593,#3594,#4174,.T.);
#2717=EDGE_CURVE('',#3534,#3594,#222,.T.);
#2718=EDGE_CURVE('',#3595,#3596,#4175,.T.);
#2719=EDGE_CURVE('',#3597,#3595,#223,.T.);
#2720=EDGE_CURVE('',#3598,#3597,#4176,.T.);
#2721=EDGE_CURVE('',#3598,#3596,#224,.T.);
#2722=EDGE_CURVE('',#3599,#3600,#225,.T.);
#2723=EDGE_CURVE('',#3601,#3599,#4177,.T.);
#2724=EDGE_CURVE('',#3601,#3602,#226,.T.);
#2725=EDGE_CURVE('',#3602,#3600,#4178,.T.);
#2726=EDGE_CURVE('',#3603,#3604,#227,.T.);
#2727=EDGE_CURVE('',#3605,#3603,#4179,.T.);
#2728=EDGE_CURVE('',#3605,#3606,#228,.T.);
#2729=EDGE_CURVE('',#3606,#3604,#4180,.T.);
#2730=EDGE_CURVE('',#3607,#3607,#229,.T.);
#2731=EDGE_CURVE('',#3608,#3608,#230,.T.);
#2732=EDGE_CURVE('',#3440,#3268,#4181,.T.);
#2733=EDGE_CURVE('',#3269,#3609,#4182,.T.);
#2734=EDGE_CURVE('',#3610,#3609,#231,.T.);
#2735=EDGE_CURVE('',#3610,#3611,#4183,.T.);
#2736=EDGE_CURVE('',#3612,#3611,#232,.T.);
#2737=EDGE_CURVE('',#3613,#3612,#4184,.T.);
#2738=EDGE_CURVE('',#3614,#3613,#233,.T.);
#2739=EDGE_CURVE('',#3614,#3615,#4185,.T.);
#2740=EDGE_CURVE('',#3616,#3615,#234,.T.);
#2741=EDGE_CURVE('',#3617,#3616,#4186,.T.);
#2742=EDGE_CURVE('',#3618,#3617,#235,.T.);
#2743=EDGE_CURVE('',#3618,#3619,#4187,.T.);
#2744=EDGE_CURVE('',#3620,#3619,#236,.T.);
#2745=EDGE_CURVE('',#3621,#3620,#4188,.T.);
#2746=EDGE_CURVE('',#3539,#3621,#237,.T.);
#2747=EDGE_CURVE('',#3529,#3622,#4189,.T.);
#2748=EDGE_CURVE('',#3622,#3530,#238,.T.);
#2749=EDGE_CURVE('',#3623,#3525,#239,.T.);
#2750=EDGE_CURVE('',#3624,#3526,#4190,.T.);
#2751=EDGE_CURVE('',#3625,#3624,#240,.T.);
#2752=EDGE_CURVE('',#3623,#3625,#4191,.T.);
#2753=EDGE_CURVE('',#3626,#3627,#241,.T.);
#2754=EDGE_CURVE('',#3627,#3628,#4192,.T.);
#2755=EDGE_CURVE('',#3629,#3628,#242,.T.);
#2756=EDGE_CURVE('',#3630,#3629,#4193,.T.);
#2757=EDGE_CURVE('',#3630,#3631,#243,.T.);
#2758=EDGE_CURVE('',#3631,#3632,#4194,.T.);
#2759=EDGE_CURVE('',#3633,#3632,#244,.T.);
#2760=EDGE_CURVE('',#3634,#3633,#4195,.T.);
#2761=EDGE_CURVE('',#3634,#3635,#245,.T.);
#2762=EDGE_CURVE('',#3635,#3636,#4196,.T.);
#2763=EDGE_CURVE('',#3637,#3636,#246,.T.);
#2764=EDGE_CURVE('',#3637,#3626,#4197,.T.);
#2765=EDGE_CURVE('',#3638,#3638,#247,.T.);
#2766=EDGE_CURVE('',#3639,#3639,#248,.T.);
#2767=EDGE_CURVE('',#3640,#3640,#249,.F.);
#2768=EDGE_CURVE('',#3641,#3641,#250,.F.);
#2769=EDGE_CURVE('',#3642,#3642,#251,.F.);
#2770=EDGE_CURVE('',#3643,#3643,#252,.F.);
#2771=EDGE_CURVE('',#3446,#3448,#4198,.T.);
#2772=EDGE_CURVE('',#3585,#3444,#4199,.T.);
#2773=EDGE_CURVE('',#3576,#3357,#4200,.T.);
#2774=EDGE_CURVE('',#3355,#3353,#4201,.T.);
#2775=EDGE_CURVE('',#3644,#3644,#253,.T.);
#2776=EDGE_CURVE('',#3645,#3645,#254,.T.);
#2777=EDGE_CURVE('',#3646,#3646,#255,.T.);
#2778=EDGE_CURVE('',#3647,#3647,#256,.T.);
#2779=EDGE_CURVE('',#3648,#3648,#257,.T.);
#2780=EDGE_CURVE('',#3649,#3649,#258,.T.);
#2781=EDGE_CURVE('',#3350,#3347,#4202,.T.);
#2782=EDGE_CURVE('',#3570,#3352,#4203,.T.);
#2783=EDGE_CURVE('',#3582,#3437,#4204,.T.);
#2784=EDGE_CURVE('',#3439,#3441,#4205,.T.);
#2785=EDGE_CURVE('',#3402,#3327,#4206,.T.);
#2786=EDGE_CURVE('',#3431,#3322,#4207,.T.);
#2787=EDGE_CURVE('',#3428,#3313,#4208,.T.);
#2788=EDGE_CURVE('',#3427,#3314,#4209,.T.);
#2789=EDGE_CURVE('',#3424,#3309,#4210,.T.);
#2790=EDGE_CURVE('',#3423,#3310,#4211,.T.);
#2791=EDGE_CURVE('',#3420,#3318,#4212,.T.);
#2792=EDGE_CURVE('',#3419,#3316,#4213,.T.);
#2793=EDGE_CURVE('',#3397,#3330,#4214,.T.);
#2794=EDGE_CURVE('',#3399,#3325,#4215,.T.);
#2795=EDGE_CURVE('',#3403,#3326,#4216,.T.);
#2796=EDGE_CURVE('',#3650,#3412,#4217,.T.);
#2797=EDGE_CURVE('',#3651,#3650,#259,.T.);
#2798=EDGE_CURVE('',#3548,#3651,#260,.T.);
#2799=EDGE_CURVE('',#3547,#3409,#4218,.T.);
#2800=EDGE_CURVE('',#3556,#3408,#4219,.T.);
#2801=EDGE_CURVE('',#3652,#3555,#261,.T.);
#2802=EDGE_CURVE('',#3653,#3652,#262,.T.);
#2803=EDGE_CURVE('',#3653,#3405,#4220,.T.);
#2804=EDGE_CURVE('',#3654,#3404,#4221,.T.);
#2805=EDGE_CURVE('',#3655,#3654,#263,.T.);
#2806=EDGE_CURVE('',#3544,#3655,#264,.T.);
#2807=EDGE_CURVE('',#3543,#3413,#4222,.T.);
#2808=EDGE_CURVE('',#3656,#3415,#4223,.T.);
#2809=EDGE_CURVE('',#3656,#3654,#4224,.T.);
#2810=EDGE_CURVE('',#3546,#3414,#4225,.T.);
#2811=EDGE_CURVE('',#3657,#3545,#265,.T.);
#2812=EDGE_CURVE('',#3658,#3657,#266,.T.);
#2813=EDGE_CURVE('',#3656,#3658,#267,.T.);
#2814=EDGE_CURVE('',#3655,#3658,#4226,.T.);
#2815=EDGE_CURVE('',#3550,#3410,#4227,.T.);
#2816=EDGE_CURVE('',#3659,#3411,#4228,.T.);
#2817=EDGE_CURVE('',#3650,#3659,#4229,.T.);
#2818=EDGE_CURVE('',#3660,#3549,#268,.T.);
#2819=EDGE_CURVE('',#3661,#3660,#269,.T.);
#2820=EDGE_CURVE('',#3659,#3661,#270,.T.);
#2821=EDGE_CURVE('',#3651,#3661,#4230,.T.);
#2822=EDGE_CURVE('',#3553,#3407,#4231,.T.);
#2823=EDGE_CURVE('',#3662,#3406,#4232,.T.);
#2824=EDGE_CURVE('',#3663,#3662,#271,.T.);
#2825=EDGE_CURVE('',#3664,#3663,#4233,.T.);
#2826=EDGE_CURVE('',#3665,#3664,#272,.T.);
#2827=EDGE_CURVE('',#3665,#3552,#4234,.T.);
#2828=EDGE_CURVE('',#3666,#3551,#4235,.T.);
#2829=EDGE_CURVE('',#3667,#3666,#273,.T.);
#2830=EDGE_CURVE('',#3667,#3554,#4236,.T.);
#2831=EDGE_CURVE('',#3653,#3662,#4237,.T.);
#2832=EDGE_CURVE('',#3663,#3652,#4238,.T.);
#2833=EDGE_CURVE('',#3658,#3668,#4239,.T.);
#2834=EDGE_CURVE('',#3669,#3657,#4240,.T.);
#2835=EDGE_CURVE('',#3668,#3669,#274,.T.);
#2836=EDGE_CURVE('',#3657,#3670,#4241,.T.);
#2837=EDGE_CURVE('',#3545,#3671,#4242,.T.);
#2838=EDGE_CURVE('',#3670,#3671,#275,.T.);
#2839=EDGE_CURVE('',#3672,#3544,#4243,.T.);
#2840=EDGE_CURVE('',#3673,#3655,#4244,.T.);
#2841=EDGE_CURVE('',#3652,#3673,#4245,.T.);
#2842=EDGE_CURVE('',#3555,#3674,#4246,.T.);
#2843=EDGE_CURVE('',#3674,#3548,#4247,.T.);
#2844=EDGE_CURVE('',#3672,#3651,#4248,.T.);
#2845=EDGE_CURVE('',#3661,#3675,#4249,.T.);
#2846=EDGE_CURVE('',#3660,#3676,#4250,.T.);
#2847=EDGE_CURVE('',#3675,#3676,#276,.T.);
#2848=EDGE_CURVE('',#3677,#3674,#4251,.T.);
#2849=EDGE_CURVE('',#3677,#3678,#4252,.T.);
#2850=EDGE_CURVE('',#3678,#3679,#4253,.T.);
#2851=EDGE_CURVE('',#3549,#3679,#4254,.T.);
#2852=EDGE_CURVE('',#3667,#3677,#4255,.T.);
#2853=EDGE_CURVE('',#3665,#3666,#4256,.T.);
#2854=EDGE_CURVE('',#3680,#3673,#4257,.T.);
#2855=EDGE_CURVE('',#3664,#3680,#4258,.T.);
#2856=EDGE_CURVE('',#3681,#3668,#4259,.T.);
#2857=EDGE_CURVE('',#3680,#3681,#4260,.T.);
#2858=EDGE_CURVE('',#3682,#3669,#4261,.T.);
#2859=EDGE_CURVE('',#3681,#3682,#277,.T.);
#2860=EDGE_CURVE('',#3683,#3670,#4262,.T.);
#2861=EDGE_CURVE('',#3682,#3683,#4263,.T.);
#2862=EDGE_CURVE('',#3684,#3671,#4264,.T.);
#2863=EDGE_CURVE('',#3683,#3684,#278,.T.);
#2864=EDGE_CURVE('',#3685,#3672,#4265,.T.);
#2865=EDGE_CURVE('',#3685,#3684,#4266,.T.);
#2866=EDGE_CURVE('',#3686,#3675,#4267,.T.);
#2867=EDGE_CURVE('',#3685,#3686,#4268,.T.);
#2868=EDGE_CURVE('',#3687,#3676,#4269,.T.);
#2869=EDGE_CURVE('',#3686,#3687,#279,.T.);
#2870=EDGE_CURVE('',#3688,#3660,#4270,.T.);
#2871=EDGE_CURVE('',#3689,#3688,#4271,.T.);
#2872=EDGE_CURVE('',#3689,#3687,#4272,.T.);
#2873=EDGE_CURVE('',#3688,#3679,#280,.T.);
#2874=EDGE_CURVE('',#3689,#3678,#281,.T.);
#2875=EDGE_CURVE('',#3690,#3691,#282,.T.);
#2876=EDGE_CURVE('',#3690,#3692,#4273,.T.);
#2877=EDGE_CURVE('',#3693,#3692,#283,.T.);
#2878=EDGE_CURVE('',#3691,#3693,#4274,.T.);
#2879=EDGE_CURVE('',#3694,#3695,#284,.T.);
#2880=EDGE_CURVE('',#3694,#3696,#4275,.T.);
#2881=EDGE_CURVE('',#3697,#3696,#285,.T.);
#2882=EDGE_CURVE('',#3695,#3697,#4276,.T.);
#2883=EDGE_CURVE('',#3698,#3699,#286,.T.);
#2884=EDGE_CURVE('',#3699,#3698,#4277,.T.);
#2885=EDGE_CURVE('',#3700,#3701,#287,.T.);
#2886=EDGE_CURVE('',#3702,#3700,#4278,.T.);
#2887=EDGE_CURVE('',#3703,#3702,#288,.T.);
#2888=EDGE_CURVE('',#3701,#3703,#4279,.T.);
#2889=EDGE_CURVE('',#3704,#3476,#4280,.T.);
#2890=EDGE_CURVE('',#3542,#3704,#289,.T.);
#2891=EDGE_CURVE('',#3705,#3706,#290,.T.);
#2892=EDGE_CURVE('',#3706,#3466,#4281,.T.);
#2893=EDGE_CURVE('',#3705,#3465,#4282,.T.);
#2894=EDGE_CURVE('',#3707,#3708,#291,.T.);
#2895=EDGE_CURVE('',#3708,#3462,#4283,.T.);
#2896=EDGE_CURVE('',#3707,#3461,#4284,.T.);
#2897=EDGE_CURVE('',#3709,#3455,#4285,.T.);
#2898=EDGE_CURVE('',#3541,#3709,#292,.T.);
#2899=EDGE_CURVE('',#3710,#3711,#293,.T.);
#2900=EDGE_CURVE('',#3711,#3469,#4286,.T.);
#2901=EDGE_CURVE('',#3710,#3472,#4287,.T.);
#2902=EDGE_CURVE('',#3709,#3711,#4288,.T.);
#2903=EDGE_CURVE('',#3708,#3710,#294,.T.);
#2904=EDGE_CURVE('',#3706,#3707,#295,.T.);
#2905=EDGE_CURVE('',#3704,#3705,#296,.T.);
#2906=EDGE_CURVE('',#3514,#3705,#4289,.T.);
#2907=EDGE_CURVE('',#3513,#3704,#4290,.T.);
#2908=EDGE_CURVE('',#3518,#3707,#4291,.T.);
#2909=EDGE_CURVE('',#3517,#3706,#4292,.T.);
#2910=EDGE_CURVE('',#3522,#3710,#4293,.T.);
#2911=EDGE_CURVE('',#3521,#3708,#4294,.T.);
#2912=EDGE_CURVE('',#3492,#3480,#4295,.T.);
#2913=EDGE_CURVE('',#3512,#3474,#4296,.T.);
#2914=EDGE_CURVE('',#3515,#3468,#4297,.T.);
#2915=EDGE_CURVE('',#3516,#3467,#4298,.T.);
#2916=EDGE_CURVE('',#3519,#3464,#4299,.T.);
#2917=EDGE_CURVE('',#3520,#3463,#4300,.T.);
#2918=EDGE_CURVE('',#3523,#3471,#4301,.T.);
#2919=EDGE_CURVE('',#3524,#3470,#4302,.T.);
#2920=EDGE_CURVE('',#3487,#3483,#4303,.T.);
#2921=EDGE_CURVE('',#3490,#3477,#4304,.T.);
#2922=EDGE_CURVE('',#3491,#3481,#4305,.T.);
#2923=EDGE_CURVE('',#3690,#3497,#4306,.T.);
#2924=EDGE_CURVE('',#3691,#3712,#297,.T.);
#2925=EDGE_CURVE('',#3712,#3713,#298,.T.);
#2926=EDGE_CURVE('',#3713,#3493,#4307,.T.);
#2927=EDGE_CURVE('',#3714,#3494,#4308,.T.);
#2928=EDGE_CURVE('',#3714,#3715,#299,.T.);
#2929=EDGE_CURVE('',#3715,#3703,#300,.T.);
#2930=EDGE_CURVE('',#3702,#3502,#4309,.T.);
#2931=EDGE_CURVE('',#3694,#3501,#4310,.T.);
#2932=EDGE_CURVE('',#3695,#3716,#301,.T.);
#2933=EDGE_CURVE('',#3716,#3717,#302,.T.);
#2934=EDGE_CURVE('',#3717,#3498,#4311,.T.);
#2935=EDGE_CURVE('',#3718,#3713,#4312,.T.);
#2936=EDGE_CURVE('',#3718,#3495,#4313,.T.);
#2937=EDGE_CURVE('',#3718,#3719,#303,.T.);
#2938=EDGE_CURVE('',#3719,#3720,#304,.T.);
#2939=EDGE_CURVE('',#3720,#3693,#305,.T.);
#2940=EDGE_CURVE('',#3692,#3496,#4314,.T.);
#2941=EDGE_CURVE('',#3712,#3719,#4315,.T.);
#2942=EDGE_CURVE('',#3696,#3500,#4316,.T.);
#2943=EDGE_CURVE('',#3717,#3721,#4317,.T.);
#2944=EDGE_CURVE('',#3721,#3499,#4318,.T.);
#2945=EDGE_CURVE('',#3721,#3722,#306,.T.);
#2946=EDGE_CURVE('',#3722,#3723,#307,.T.);
#2947=EDGE_CURVE('',#3723,#3697,#308,.T.);
#2948=EDGE_CURVE('',#3716,#3722,#4319,.T.);
#2949=EDGE_CURVE('',#3700,#3503,#4320,.T.);
#2950=EDGE_CURVE('',#3724,#3701,#4321,.T.);
#2951=EDGE_CURVE('',#3724,#3725,#309,.T.);
#2952=EDGE_CURVE('',#3725,#3698,#4322,.T.);
#2953=EDGE_CURVE('',#3726,#3699,#4323,.T.);
#2954=EDGE_CURVE('',#3726,#3727,#310,.T.);
#2955=EDGE_CURVE('',#3727,#3728,#4324,.T.);
#2956=EDGE_CURVE('',#3728,#3729,#311,.T.);
#2957=EDGE_CURVE('',#3729,#3504,#4325,.T.);
#2958=EDGE_CURVE('',#3714,#3729,#4326,.T.);
#2959=EDGE_CURVE('',#3728,#3715,#4327,.T.);
#2960=EDGE_CURVE('',#3719,#3730,#4328,.T.);
#2961=EDGE_CURVE('',#3730,#3731,#312,.T.);
#2962=EDGE_CURVE('',#3731,#3720,#4329,.T.);
#2963=EDGE_CURVE('',#3720,#3732,#4330,.T.);
#2964=EDGE_CURVE('',#3732,#3733,#313,.T.);
#2965=EDGE_CURVE('',#3693,#3733,#4331,.T.);
#2966=EDGE_CURVE('',#3734,#3691,#4332,.T.);
#2967=EDGE_CURVE('',#3734,#3716,#4333,.T.);
#2968=EDGE_CURVE('',#3735,#3695,#4334,.T.);
#2969=EDGE_CURVE('',#3703,#3735,#4335,.T.);
#2970=EDGE_CURVE('',#3715,#3736,#4336,.T.);
#2971=EDGE_CURVE('',#3736,#3712,#4337,.T.);
#2972=EDGE_CURVE('',#3722,#3737,#4338,.T.);
#2973=EDGE_CURVE('',#3737,#3738,#314,.T.);
#2974=EDGE_CURVE('',#3723,#3738,#4339,.T.);
#2975=EDGE_CURVE('',#3697,#3739,#4340,.T.);
#2976=EDGE_CURVE('',#3740,#3739,#4341,.T.);
#2977=EDGE_CURVE('',#3741,#3740,#4342,.T.);
#2978=EDGE_CURVE('',#3741,#3735,#4343,.T.);
#2979=EDGE_CURVE('',#3724,#3741,#4344,.T.);
#2980=EDGE_CURVE('',#3726,#3725,#4345,.T.);
#2981=EDGE_CURVE('',#3727,#3742,#4346,.T.);
#2982=EDGE_CURVE('',#3742,#3736,#4347,.T.);
#2983=EDGE_CURVE('',#3742,#3743,#4348,.T.);
#2984=EDGE_CURVE('',#3743,#3730,#4349,.T.);
#2985=EDGE_CURVE('',#3743,#3744,#315,.T.);
#2986=EDGE_CURVE('',#3744,#3731,#4350,.T.);
#2987=EDGE_CURVE('',#3744,#3745,#4351,.T.);
#2988=EDGE_CURVE('',#3745,#3732,#4352,.T.);
#2989=EDGE_CURVE('',#3745,#3746,#316,.T.);
#2990=EDGE_CURVE('',#3746,#3733,#4353,.T.);
#2991=EDGE_CURVE('',#3747,#3746,#4354,.T.);
#2992=EDGE_CURVE('',#3747,#3734,#4355,.T.);
#2993=EDGE_CURVE('',#3747,#3748,#4356,.T.);
#2994=EDGE_CURVE('',#3748,#3737,#4357,.T.);
#2995=EDGE_CURVE('',#3748,#3749,#317,.T.);
#2996=EDGE_CURVE('',#3749,#3738,#4358,.T.);
#2997=EDGE_CURVE('',#3750,#3723,#4359,.T.);
#2998=EDGE_CURVE('',#3751,#3749,#4360,.T.);
#2999=EDGE_CURVE('',#3751,#3750,#4361,.T.);
#3000=EDGE_CURVE('',#3750,#3739,#318,.T.);
#3001=EDGE_CURVE('',#3751,#3740,#319,.T.);
#3002=EDGE_CURVE('',#3752,#3753,#4362,.T.);
#3003=EDGE_CURVE('',#3753,#3754,#320,.T.);
#3004=EDGE_CURVE('',#3754,#3755,#4363,.T.);
#3005=EDGE_CURVE('',#3752,#3755,#321,.T.);
#3006=EDGE_CURVE('',#3756,#3757,#4364,.T.);
#3007=EDGE_CURVE('',#3758,#3756,#4365,.T.);
#3008=EDGE_CURVE('',#3758,#3759,#322,.T.);
#3009=EDGE_CURVE('',#3760,#3759,#4366,.T.);
#3010=EDGE_CURVE('',#3760,#3761,#323,.T.);
#3011=EDGE_CURVE('',#3761,#3762,#4367,.T.);
#3012=EDGE_CURVE('',#3762,#3763,#4368,.T.);
#3013=EDGE_CURVE('',#3763,#3764,#324,.T.);
#3014=EDGE_CURVE('',#3764,#3765,#4369,.T.);
#3015=EDGE_CURVE('',#3765,#3766,#325,.T.);
#3016=EDGE_CURVE('',#3767,#3766,#4370,.T.);
#3017=EDGE_CURVE('',#3767,#3768,#4371,.T.);
#3018=EDGE_CURVE('',#3768,#3769,#326,.T.);
#3019=EDGE_CURVE('',#3770,#3769,#4372,.T.);
#3020=EDGE_CURVE('',#3770,#3757,#327,.T.);
#3021=EDGE_CURVE('',#3757,#3755,#4373,.T.);
#3022=EDGE_CURVE('',#3770,#3752,#4374,.T.);
#3023=EDGE_CURVE('',#3769,#3771,#4375,.T.);
#3024=EDGE_CURVE('',#3753,#3771,#4376,.T.);
#3025=EDGE_CURVE('',#3772,#3771,#328,.T.);
#3026=EDGE_CURVE('',#3768,#3772,#4377,.T.);
#3027=EDGE_CURVE('',#3773,#3774,#4378,.T.);
#3028=EDGE_CURVE('',#3774,#3775,#4379,.T.);
#3029=EDGE_CURVE('',#3775,#3772,#4380,.T.);
#3030=EDGE_CURVE('',#3767,#3773,#4381,.T.);
#3031=EDGE_CURVE('',#3773,#3776,#4382,.T.);
#3032=EDGE_CURVE('',#3766,#3777,#4383,.T.);
#3033=EDGE_CURVE('',#3778,#3777,#4384,.T.);
#3034=EDGE_CURVE('',#3776,#3778,#4385,.T.);
#3035=EDGE_CURVE('',#3779,#3777,#329,.T.);
#3036=EDGE_CURVE('',#3765,#3779,#4386,.T.);
#3037=EDGE_CURVE('',#3780,#3781,#4387,.T.);
#3038=EDGE_CURVE('',#3781,#3779,#4388,.T.);
#3039=EDGE_CURVE('',#3764,#3780,#4389,.T.);
#3040=EDGE_CURVE('',#3782,#3780,#330,.T.);
#3041=EDGE_CURVE('',#3763,#3782,#4390,.T.);
#3042=EDGE_CURVE('',#3783,#3784,#4391,.T.);
#3043=EDGE_CURVE('',#3784,#3785,#4392,.T.);
#3044=EDGE_CURVE('',#3785,#3782,#4393,.T.);
#3045=EDGE_CURVE('',#3762,#3783,#4394,.T.);
#3046=EDGE_CURVE('',#3786,#3787,#4395,.T.);
#3047=EDGE_CURVE('',#3787,#3783,#4396,.T.);
#3048=EDGE_CURVE('',#3761,#3786,#4397,.T.);
#3049=EDGE_CURVE('',#3788,#3789,#4398,.T.);
#3050=EDGE_CURVE('',#3760,#3788,#4399,.T.);
#3051=EDGE_CURVE('',#3759,#3789,#4400,.T.);
#3052=EDGE_CURVE('',#3790,#3791,#4401,.T.);
#3053=EDGE_CURVE('',#3758,#3790,#4402,.T.);
#3054=EDGE_CURVE('',#3756,#3792,#4403,.T.);
#3055=EDGE_CURVE('',#3791,#3792,#4404,.T.);
#3056=EDGE_CURVE('',#3792,#3793,#4405,.T.);
#3057=EDGE_CURVE('',#3793,#3754,#4406,.T.);
#3058=EDGE_CURVE('',#3775,#3753,#331,.T.);
#3059=EDGE_CURVE('',#3776,#3784,#332,.T.);
#3060=EDGE_CURVE('',#3787,#3791,#333,.T.);
#3061=EDGE_CURVE('',#3793,#3774,#334,.T.);
#3062=EDGE_CURVE('',#3781,#3778,#335,.T.);
#3063=EDGE_CURVE('',#3785,#3781,#336,.T.);
#3064=EDGE_CURVE('',#3786,#3794,#337,.T.);
#3065=EDGE_CURVE('',#3795,#3794,#4407,.T.);
#3066=EDGE_CURVE('',#3795,#3787,#338,.T.);
#3067=EDGE_CURVE('',#3795,#3627,#4408,.T.);
#3068=EDGE_CURVE('',#3794,#3628,#4409,.T.);
#3069=EDGE_CURVE('',#3789,#3788,#339,.T.);
#3070=EDGE_CURVE('',#3796,#3790,#340,.T.);
#3071=EDGE_CURVE('',#3796,#3629,#4410,.T.);
#3072=EDGE_CURVE('',#3797,#3796,#4411,.T.);
#3073=EDGE_CURVE('',#3797,#3630,#4412,.T.);
#3074=EDGE_CURVE('',#3774,#3798,#341,.T.);
#3075=EDGE_CURVE('',#3798,#3799,#4413,.T.);
#3076=EDGE_CURVE('',#3799,#3775,#342,.T.);
#3077=EDGE_CURVE('',#3800,#3632,#4414,.T.);
#3078=EDGE_CURVE('',#3754,#3800,#343,.T.);
#3079=EDGE_CURVE('',#3799,#3633,#4415,.T.);
#3080=EDGE_CURVE('',#3798,#3634,#4416,.T.);
#3081=EDGE_CURVE('',#3801,#3631,#4417,.T.);
#3082=EDGE_CURVE('',#3801,#3800,#4418,.T.);
#3083=EDGE_CURVE('',#3784,#3802,#344,.T.);
#3084=EDGE_CURVE('',#3803,#3802,#4419,.T.);
#3085=EDGE_CURVE('',#3803,#3785,#345,.T.);
#3086=EDGE_CURVE('',#3804,#3635,#4420,.T.);
#3087=EDGE_CURVE('',#3804,#3805,#4421,.T.);
#3088=EDGE_CURVE('',#3805,#3636,#4422,.T.);
#3089=EDGE_CURVE('',#3778,#3805,#346,.T.);
#3090=EDGE_CURVE('',#3803,#3637,#4423,.T.);
#3091=EDGE_CURVE('',#3802,#3626,#4424,.T.);
#3092=EDGE_CURVE('',#3801,#3793,#347,.T.);
#3093=EDGE_CURVE('',#3791,#3797,#348,.T.);
#3094=EDGE_CURVE('',#3804,#3776,#349,.T.);
#3095=EDGE_CURVE('',#3624,#3592,#4425,.T.);
#3096=EDGE_CURVE('',#3625,#3591,#4426,.T.);
#3097=EDGE_CURVE('',#3806,#3588,#4427,.T.);
#3098=EDGE_CURVE('',#3806,#3807,#4428,.T.);
#3099=EDGE_CURVE('',#3807,#3595,#4429,.T.);
#3100=EDGE_CURVE('',#3609,#3596,#4430,.T.);
#3101=EDGE_CURVE('',#3623,#3590,#4431,.T.);
#3102=EDGE_CURVE('',#3622,#3589,#4432,.T.);
#3103=EDGE_CURVE('',#3610,#3598,#4433,.T.);
#3104=EDGE_CURVE('',#3612,#3808,#4434,.T.);
#3105=EDGE_CURVE('',#3808,#3604,#4435,.T.);
#3106=EDGE_CURVE('',#3613,#3606,#4436,.T.);
#3107=EDGE_CURVE('',#3809,#3597,#4437,.T.);
#3108=EDGE_CURVE('',#3611,#3809,#4438,.T.);
#3109=EDGE_CURVE('',#3614,#3605,#4439,.T.);
#3110=EDGE_CURVE('',#3810,#3603,#4440,.T.);
#3111=EDGE_CURVE('',#3615,#3810,#4441,.T.);
#3112=EDGE_CURVE('',#3616,#3811,#4442,.T.);
#3113=EDGE_CURVE('',#3811,#3600,#4443,.T.);
#3114=EDGE_CURVE('',#3617,#3602,#4444,.T.);
#3115=EDGE_CURVE('',#3618,#3601,#4445,.T.);
#3116=EDGE_CURVE('',#3812,#3599,#4446,.T.);
#3117=EDGE_CURVE('',#3619,#3812,#4447,.T.);
#3118=EDGE_CURVE('',#3620,#3813,#4448,.T.);
#3119=EDGE_CURVE('',#3813,#3594,#4449,.T.);
#3120=EDGE_CURVE('',#3621,#3593,#4450,.T.);
#3121=EDGE_CURVE('',#3808,#3809,#350,.T.);
#3122=EDGE_CURVE('',#3811,#3810,#351,.T.);
#3123=EDGE_CURVE('',#3813,#3812,#352,.T.);
#3124=EDGE_CURVE('',#3535,#3806,#353,.T.);
#3125=EDGE_CURVE('',#3533,#3813,#354,.T.);
#3126=EDGE_CURVE('',#3812,#3811,#355,.T.);
#3127=EDGE_CURVE('',#3810,#3808,#356,.T.);
#3128=EDGE_CURVE('',#3809,#3807,#357,.T.);
#3129=EDGE_CURVE('',#3814,#3815,#358,.T.);
#3130=EDGE_CURVE('',#3814,#3816,#4451,.T.);
#3131=EDGE_CURVE('',#3817,#3816,#359,.T.);
#3132=EDGE_CURVE('',#3815,#3817,#4452,.T.);
#3133=EDGE_CURVE('',#3818,#3819,#360,.T.);
#3134=EDGE_CURVE('',#3818,#3820,#4453,.T.);
#3135=EDGE_CURVE('',#3821,#3820,#361,.T.);
#3136=EDGE_CURVE('',#3819,#3821,#4454,.T.);
#3137=EDGE_CURVE('',#3822,#3823,#362,.T.);
#3138=EDGE_CURVE('',#3823,#3822,#4455,.T.);
#3139=EDGE_CURVE('',#3824,#3825,#363,.T.);
#3140=EDGE_CURVE('',#3826,#3824,#4456,.T.);
#3141=EDGE_CURVE('',#3827,#3826,#364,.T.);
#3142=EDGE_CURVE('',#3825,#3827,#4457,.T.);
#3143=EDGE_CURVE('',#3828,#3284,#4458,.T.);
#3144=EDGE_CURVE('',#3573,#3828,#365,.T.);
#3145=EDGE_CURVE('',#3829,#3830,#366,.T.);
#3146=EDGE_CURVE('',#3830,#3291,#4459,.T.);
#3147=EDGE_CURVE('',#3829,#3290,#4460,.T.);
#3148=EDGE_CURVE('',#3831,#3832,#367,.T.);
#3149=EDGE_CURVE('',#3832,#3287,#4461,.T.);
#3150=EDGE_CURVE('',#3831,#3286,#4462,.T.);
#3151=EDGE_CURVE('',#3833,#3302,#4463,.T.);
#3152=EDGE_CURVE('',#3574,#3833,#368,.T.);
#3153=EDGE_CURVE('',#3834,#3835,#369,.T.);
#3154=EDGE_CURVE('',#3835,#3294,#4464,.T.);
#3155=EDGE_CURVE('',#3834,#3297,#4465,.T.);
#3156=EDGE_CURVE('',#3833,#3835,#4466,.T.);
#3157=EDGE_CURVE('',#3832,#3834,#370,.T.);
#3158=EDGE_CURVE('',#3830,#3831,#371,.T.);
#3159=EDGE_CURVE('',#3828,#3829,#372,.T.);
#3160=EDGE_CURVE('',#3385,#3829,#4467,.T.);
#3161=EDGE_CURVE('',#3384,#3828,#4468,.T.);
#3162=EDGE_CURVE('',#3389,#3831,#4469,.T.);
#3163=EDGE_CURVE('',#3388,#3830,#4470,.T.);
#3164=EDGE_CURVE('',#3393,#3834,#4471,.T.);
#3165=EDGE_CURVE('',#3392,#3832,#4472,.T.);
#3166=EDGE_CURVE('',#3376,#3279,#4473,.T.);
#3167=EDGE_CURVE('',#3383,#3282,#4474,.T.);
#3168=EDGE_CURVE('',#3386,#3293,#4475,.T.);
#3169=EDGE_CURVE('',#3387,#3292,#4476,.T.);
#3170=EDGE_CURVE('',#3390,#3289,#4477,.T.);
#3171=EDGE_CURVE('',#3391,#3288,#4478,.T.);
#3172=EDGE_CURVE('',#3394,#3296,#4479,.T.);
#3173=EDGE_CURVE('',#3395,#3295,#4480,.T.);
#3174=EDGE_CURVE('',#3379,#3274,#4481,.T.);
#3175=EDGE_CURVE('',#3374,#3276,#4482,.T.);
#3176=EDGE_CURVE('',#3375,#3280,#4483,.T.);
#3177=EDGE_CURVE('',#3814,#3364,#4484,.T.);
#3178=EDGE_CURVE('',#3815,#3836,#373,.T.);
#3179=EDGE_CURVE('',#3836,#3837,#374,.T.);
#3180=EDGE_CURVE('',#3837,#3360,#4485,.T.);
#3181=EDGE_CURVE('',#3838,#3361,#4486,.T.);
#3182=EDGE_CURVE('',#3838,#3839,#375,.T.);
#3183=EDGE_CURVE('',#3839,#3827,#376,.T.);
#3184=EDGE_CURVE('',#3826,#3369,#4487,.T.);
#3185=EDGE_CURVE('',#3818,#3368,#4488,.T.);
#3186=EDGE_CURVE('',#3819,#3840,#377,.T.);
#3187=EDGE_CURVE('',#3840,#3841,#378,.T.);
#3188=EDGE_CURVE('',#3841,#3365,#4489,.T.);
#3189=EDGE_CURVE('',#3842,#3837,#4490,.T.);
#3190=EDGE_CURVE('',#3842,#3362,#4491,.T.);
#3191=EDGE_CURVE('',#3842,#3843,#379,.T.);
#3192=EDGE_CURVE('',#3843,#3844,#380,.T.);
#3193=EDGE_CURVE('',#3844,#3817,#381,.T.);
#3194=EDGE_CURVE('',#3816,#3363,#4492,.T.);
#3195=EDGE_CURVE('',#3836,#3843,#4493,.T.);
#3196=EDGE_CURVE('',#3820,#3367,#4494,.T.);
#3197=EDGE_CURVE('',#3841,#3845,#4495,.T.);
#3198=EDGE_CURVE('',#3845,#3366,#4496,.T.);
#3199=EDGE_CURVE('',#3845,#3846,#382,.T.);
#3200=EDGE_CURVE('',#3846,#3847,#383,.T.);
#3201=EDGE_CURVE('',#3847,#3821,#384,.T.);
#3202=EDGE_CURVE('',#3840,#3846,#4497,.T.);
#3203=EDGE_CURVE('',#3824,#3370,#4498,.T.);
#3204=EDGE_CURVE('',#3848,#3825,#4499,.T.);
#3205=EDGE_CURVE('',#3848,#3849,#385,.T.);
#3206=EDGE_CURVE('',#3849,#3822,#4500,.T.);
#3207=EDGE_CURVE('',#3850,#3823,#4501,.T.);
#3208=EDGE_CURVE('',#3850,#3851,#386,.T.);
#3209=EDGE_CURVE('',#3851,#3852,#4502,.T.);
#3210=EDGE_CURVE('',#3852,#3853,#387,.T.);
#3211=EDGE_CURVE('',#3853,#3371,#4503,.T.);
#3212=EDGE_CURVE('',#3838,#3853,#4504,.T.);
#3213=EDGE_CURVE('',#3852,#3839,#4505,.T.);
#3214=EDGE_CURVE('',#3843,#3854,#4506,.T.);
#3215=EDGE_CURVE('',#3854,#3855,#388,.T.);
#3216=EDGE_CURVE('',#3855,#3844,#4507,.T.);
#3217=EDGE_CURVE('',#3844,#3856,#4508,.T.);
#3218=EDGE_CURVE('',#3856,#3857,#389,.T.);
#3219=EDGE_CURVE('',#3817,#3857,#4509,.T.);
#3220=EDGE_CURVE('',#3858,#3815,#4510,.T.);
#3221=EDGE_CURVE('',#3858,#3840,#4511,.T.);
#3222=EDGE_CURVE('',#3859,#3819,#4512,.T.);
#3223=EDGE_CURVE('',#3827,#3859,#4513,.T.);
#3224=EDGE_CURVE('',#3839,#3860,#4514,.T.);
#3225=EDGE_CURVE('',#3860,#3836,#4515,.T.);
#3226=EDGE_CURVE('',#3846,#3861,#4516,.T.);
#3227=EDGE_CURVE('',#3861,#3862,#390,.T.);
#3228=EDGE_CURVE('',#3847,#3862,#4517,.T.);
#3229=EDGE_CURVE('',#3821,#3863,#4518,.T.);
#3230=EDGE_CURVE('',#3864,#3863,#4519,.T.);
#3231=EDGE_CURVE('',#3865,#3864,#4520,.T.);
#3232=EDGE_CURVE('',#3865,#3859,#4521,.T.);
#3233=EDGE_CURVE('',#3848,#3865,#4522,.T.);
#3234=EDGE_CURVE('',#3850,#3849,#4523,.T.);
#3235=EDGE_CURVE('',#3851,#3866,#4524,.T.);
#3236=EDGE_CURVE('',#3866,#3860,#4525,.T.);
#3237=EDGE_CURVE('',#3866,#3867,#4526,.T.);
#3238=EDGE_CURVE('',#3867,#3854,#4527,.T.);
#3239=EDGE_CURVE('',#3867,#3868,#391,.T.);
#3240=EDGE_CURVE('',#3868,#3855,#4528,.T.);
#3241=EDGE_CURVE('',#3868,#3869,#4529,.T.);
#3242=EDGE_CURVE('',#3869,#3856,#4530,.T.);
#3243=EDGE_CURVE('',#3869,#3870,#392,.T.);
#3244=EDGE_CURVE('',#3870,#3857,#4531,.T.);
#3245=EDGE_CURVE('',#3871,#3870,#4532,.T.);
#3246=EDGE_CURVE('',#3871,#3858,#4533,.T.);
#3247=EDGE_CURVE('',#3871,#3872,#4534,.T.);
#3248=EDGE_CURVE('',#3872,#3861,#4535,.T.);
#3249=EDGE_CURVE('',#3872,#3873,#393,.T.);
#3250=EDGE_CURVE('',#3873,#3862,#4536,.T.);
#3251=EDGE_CURVE('',#3874,#3847,#4537,.T.);
#3252=EDGE_CURVE('',#3875,#3873,#4538,.T.);
#3253=EDGE_CURVE('',#3875,#3874,#4539,.T.);
#3254=EDGE_CURVE('',#3874,#3863,#394,.T.);
#3255=EDGE_CURVE('',#3875,#3864,#395,.T.);
#3256=EDGE_CURVE('',#3439,#3446,#4540,.T.);
#3257=EDGE_CURVE('',#3441,#3448,#4541,.T.);
#3258=EDGE_CURVE('',#3582,#3585,#4542,.T.);
#3259=EDGE_CURVE('',#3437,#3444,#4543,.T.);
#3260=EDGE_CURVE('',#3352,#3357,#4544,.T.);
#3261=EDGE_CURVE('',#3570,#3576,#4545,.T.);
#3262=EDGE_CURVE('',#3347,#3353,#4546,.T.);
#3263=EDGE_CURVE('',#3350,#3355,#4547,.T.);
#3264=VERTEX_POINT('',#9080);
#3265=VERTEX_POINT('',#9081);
#3266=VERTEX_POINT('',#9083);
#3267=VERTEX_POINT('',#9085);
#3268=VERTEX_POINT('',#9089);
#3269=VERTEX_POINT('',#9090);
#3270=VERTEX_POINT('',#9092);
#3271=VERTEX_POINT('',#9094);
#3272=VERTEX_POINT('',#9098);
#3273=VERTEX_POINT('',#9100);
#3274=VERTEX_POINT('',#9101);
#3275=VERTEX_POINT('',#9103);
#3276=VERTEX_POINT('',#9106);
#3277=VERTEX_POINT('',#9107);
#3278=VERTEX_POINT('',#9109);
#3279=VERTEX_POINT('',#9111);
#3280=VERTEX_POINT('',#9113);
#3281=VERTEX_POINT('',#9116);
#3282=VERTEX_POINT('',#9117);
#3283=VERTEX_POINT('',#9119);
#3284=VERTEX_POINT('',#9121);
#3285=VERTEX_POINT('',#9124);
#3286=VERTEX_POINT('',#9126);
#3287=VERTEX_POINT('',#9127);
#3288=VERTEX_POINT('',#9129);
#3289=VERTEX_POINT('',#9131);
#3290=VERTEX_POINT('',#9134);
#3291=VERTEX_POINT('',#9135);
#3292=VERTEX_POINT('',#9137);
#3293=VERTEX_POINT('',#9139);
#3294=VERTEX_POINT('',#9142);
#3295=VERTEX_POINT('',#9143);
#3296=VERTEX_POINT('',#9145);
#3297=VERTEX_POINT('',#9147);
#3298=VERTEX_POINT('',#9150);
#3299=VERTEX_POINT('',#9151);
#3300=VERTEX_POINT('',#9153);
#3301=VERTEX_POINT('',#9155);
#3302=VERTEX_POINT('',#9157);
#3303=VERTEX_POINT('',#9159);
#3304=VERTEX_POINT('',#9161);
#3305=VERTEX_POINT('',#9163);
#3306=VERTEX_POINT('',#9167);
#3307=VERTEX_POINT('',#9169);
#3308=VERTEX_POINT('',#9170);
#3309=VERTEX_POINT('',#9172);
#3310=VERTEX_POINT('',#9174);
#3311=VERTEX_POINT('',#9177);
#3312=VERTEX_POINT('',#9178);
#3313=VERTEX_POINT('',#9180);
#3314=VERTEX_POINT('',#9182);
#3315=VERTEX_POINT('',#9185);
#3316=VERTEX_POINT('',#9186);
#3317=VERTEX_POINT('',#9188);
#3318=VERTEX_POINT('',#9190);
#3319=VERTEX_POINT('',#9193);
#3320=VERTEX_POINT('',#9194);
#3321=VERTEX_POINT('',#9196);
#3322=VERTEX_POINT('',#9198);
#3323=VERTEX_POINT('',#9201);
#3324=VERTEX_POINT('',#9202);
#3325=VERTEX_POINT('',#9204);
#3326=VERTEX_POINT('',#9206);
#3327=VERTEX_POINT('',#9208);
#3328=VERTEX_POINT('',#9211);
#3329=VERTEX_POINT('',#9212);
#3330=VERTEX_POINT('',#9214);
#3331=VERTEX_POINT('',#9217);
#3332=VERTEX_POINT('',#9218);
#3333=VERTEX_POINT('',#9220);
#3334=VERTEX_POINT('',#9222);
#3335=VERTEX_POINT('',#9224);
#3336=VERTEX_POINT('',#9226);
#3337=VERTEX_POINT('',#9228);
#3338=VERTEX_POINT('',#9230);
#3339=VERTEX_POINT('',#9234);
#3340=VERTEX_POINT('',#9236);
#3341=VERTEX_POINT('',#9240);
#3342=VERTEX_POINT('',#9241);
#3343=VERTEX_POINT('',#9243);
#3344=VERTEX_POINT('',#9245);
#3345=VERTEX_POINT('',#9249);
#3346=VERTEX_POINT('',#9250);
#3347=VERTEX_POINT('',#9252);
#3348=VERTEX_POINT('',#9254);
#3349=VERTEX_POINT('',#9258);
#3350=VERTEX_POINT('',#9259);
#3351=VERTEX_POINT('',#9261);
#3352=VERTEX_POINT('',#9263);
#3353=VERTEX_POINT('',#9267);
#3354=VERTEX_POINT('',#9268);
#3355=VERTEX_POINT('',#9273);
#3356=VERTEX_POINT('',#9274);
#3357=VERTEX_POINT('',#9276);
#3358=VERTEX_POINT('',#9278);
#3359=VERTEX_POINT('',#9282);
#3360=VERTEX_POINT('',#9284);
#3361=VERTEX_POINT('',#9285);
#3362=VERTEX_POINT('',#9287);
#3363=VERTEX_POINT('',#9289);
#3364=VERTEX_POINT('',#9291);
#3365=VERTEX_POINT('',#9293);
#3366=VERTEX_POINT('',#9295);
#3367=VERTEX_POINT('',#9297);
#3368=VERTEX_POINT('',#9299);
#3369=VERTEX_POINT('',#9301);
#3370=VERTEX_POINT('',#9303);
#3371=VERTEX_POINT('',#9305);
#3372=VERTEX_POINT('',#9308);
#3373=VERTEX_POINT('',#9309);
#3374=VERTEX_POINT('',#9311);
#3375=VERTEX_POINT('',#9313);
#3376=VERTEX_POINT('',#9315);
#3377=VERTEX_POINT('',#9318);
#3378=VERTEX_POINT('',#9319);
#3379=VERTEX_POINT('',#9321);
#3380=VERTEX_POINT('',#9325);
#3381=VERTEX_POINT('',#9327);
#3382=VERTEX_POINT('',#9329);
#3383=VERTEX_POINT('',#9331);
#3384=VERTEX_POINT('',#9333);
#3385=VERTEX_POINT('',#9335);
#3386=VERTEX_POINT('',#9337);
#3387=VERTEX_POINT('',#9339);
#3388=VERTEX_POINT('',#9341);
#3389=VERTEX_POINT('',#9343);
#3390=VERTEX_POINT('',#9345);
#3391=VERTEX_POINT('',#9347);
#3392=VERTEX_POINT('',#9349);
#3393=VERTEX_POINT('',#9351);
#3394=VERTEX_POINT('',#9353);
#3395=VERTEX_POINT('',#9355);
#3396=VERTEX_POINT('',#9359);
#3397=VERTEX_POINT('',#9360);
#3398=VERTEX_POINT('',#9362);
#3399=VERTEX_POINT('',#9365);
#3400=VERTEX_POINT('',#9366);
#3401=VERTEX_POINT('',#9368);
#3402=VERTEX_POINT('',#9370);
#3403=VERTEX_POINT('',#9372);
#3404=VERTEX_POINT('',#9375);
#3405=VERTEX_POINT('',#9376);
#3406=VERTEX_POINT('',#9378);
#3407=VERTEX_POINT('',#9380);
#3408=VERTEX_POINT('',#9382);
#3409=VERTEX_POINT('',#9384);
#3410=VERTEX_POINT('',#9386);
#3411=VERTEX_POINT('',#9388);
#3412=VERTEX_POINT('',#9390);
#3413=VERTEX_POINT('',#9392);
#3414=VERTEX_POINT('',#9394);
#3415=VERTEX_POINT('',#9396);
#3416=VERTEX_POINT('',#9399);
#3417=VERTEX_POINT('',#9400);
#3418=VERTEX_POINT('',#9402);
#3419=VERTEX_POINT('',#9404);
#3420=VERTEX_POINT('',#9406);
#3421=VERTEX_POINT('',#9408);
#3422=VERTEX_POINT('',#9410);
#3423=VERTEX_POINT('',#9412);
#3424=VERTEX_POINT('',#9414);
#3425=VERTEX_POINT('',#9416);
#3426=VERTEX_POINT('',#9418);
#3427=VERTEX_POINT('',#9420);
#3428=VERTEX_POINT('',#9422);
#3429=VERTEX_POINT('',#9424);
#3430=VERTEX_POINT('',#9426);
#3431=VERTEX_POINT('',#9428);
#3432=VERTEX_POINT('',#9430);
#3433=VERTEX_POINT('',#9432);
#3434=VERTEX_POINT('',#9434);
#3435=VERTEX_POINT('',#9436);
#3436=VERTEX_POINT('',#9440);
#3437=VERTEX_POINT('',#9441);
#3438=VERTEX_POINT('',#9443);
#3439=VERTEX_POINT('',#9445);
#3440=VERTEX_POINT('',#9449);
#3441=VERTEX_POINT('',#9450);
#3442=VERTEX_POINT('',#9452);
#3443=VERTEX_POINT('',#9454);
#3444=VERTEX_POINT('',#9458);
#3445=VERTEX_POINT('',#9459);
#3446=VERTEX_POINT('',#9461);
#3447=VERTEX_POINT('',#9463);
#3448=VERTEX_POINT('',#9467);
#3449=VERTEX_POINT('',#9468);
#3450=VERTEX_POINT('',#9470);
#3451=VERTEX_POINT('',#9472);
#3452=VERTEX_POINT('',#9479);
#3453=VERTEX_POINT('',#9480);
#3454=VERTEX_POINT('',#9482);
#3455=VERTEX_POINT('',#9484);
#3456=VERTEX_POINT('',#9486);
#3457=VERTEX_POINT('',#9488);
#3458=VERTEX_POINT('',#9490);
#3459=VERTEX_POINT('',#9492);
#3460=VERTEX_POINT('',#9495);
#3461=VERTEX_POINT('',#9497);
#3462=VERTEX_POINT('',#9498);
#3463=VERTEX_POINT('',#9500);
#3464=VERTEX_POINT('',#9502);
#3465=VERTEX_POINT('',#9505);
#3466=VERTEX_POINT('',#9506);
#3467=VERTEX_POINT('',#9508);
#3468=VERTEX_POINT('',#9510);
#3469=VERTEX_POINT('',#9513);
#3470=VERTEX_POINT('',#9514);
#3471=VERTEX_POINT('',#9516);
#3472=VERTEX_POINT('',#9518);
#3473=VERTEX_POINT('',#9521);
#3474=VERTEX_POINT('',#9522);
#3475=VERTEX_POINT('',#9524);
#3476=VERTEX_POINT('',#9526);
#3477=VERTEX_POINT('',#9529);
#3478=VERTEX_POINT('',#9530);
#3479=VERTEX_POINT('',#9532);
#3480=VERTEX_POINT('',#9534);
#3481=VERTEX_POINT('',#9536);
#3482=VERTEX_POINT('',#9539);
#3483=VERTEX_POINT('',#9540);
#3484=VERTEX_POINT('',#9542);
#3485=VERTEX_POINT('',#9549);
#3486=VERTEX_POINT('',#9550);
#3487=VERTEX_POINT('',#9552);
#3488=VERTEX_POINT('',#9555);
#3489=VERTEX_POINT('',#9556);
#3490=VERTEX_POINT('',#9558);
#3491=VERTEX_POINT('',#9560);
#3492=VERTEX_POINT('',#9562);
#3493=VERTEX_POINT('',#9565);
#3494=VERTEX_POINT('',#9566);
#3495=VERTEX_POINT('',#9568);
#3496=VERTEX_POINT('',#9570);
#3497=VERTEX_POINT('',#9572);
#3498=VERTEX_POINT('',#9574);
#3499=VERTEX_POINT('',#9576);
#3500=VERTEX_POINT('',#9578);
#3501=VERTEX_POINT('',#9580);
#3502=VERTEX_POINT('',#9582);
#3503=VERTEX_POINT('',#9584);
#3504=VERTEX_POINT('',#9586);
#3505=VERTEX_POINT('',#9589);
#3506=VERTEX_POINT('',#9590);
#3507=VERTEX_POINT('',#9592);
#3508=VERTEX_POINT('',#9594);
#3509=VERTEX_POINT('',#9596);
#3510=VERTEX_POINT('',#9598);
#3511=VERTEX_POINT('',#9600);
#3512=VERTEX_POINT('',#9602);
#3513=VERTEX_POINT('',#9604);
#3514=VERTEX_POINT('',#9606);
#3515=VERTEX_POINT('',#9608);
#3516=VERTEX_POINT('',#9610);
#3517=VERTEX_POINT('',#9612);
#3518=VERTEX_POINT('',#9614);
#3519=VERTEX_POINT('',#9616);
#3520=VERTEX_POINT('',#9618);
#3521=VERTEX_POINT('',#9620);
#3522=VERTEX_POINT('',#9622);
#3523=VERTEX_POINT('',#9624);
#3524=VERTEX_POINT('',#9626);
#3525=VERTEX_POINT('',#9630);
#3526=VERTEX_POINT('',#9631);
#3527=VERTEX_POINT('',#9633);
#3528=VERTEX_POINT('',#9635);
#3529=VERTEX_POINT('',#9639);
#3530=VERTEX_POINT('',#9640);
#3531=VERTEX_POINT('',#9642);
#3532=VERTEX_POINT('',#9644);
#3533=VERTEX_POINT('',#9654);
#3534=VERTEX_POINT('',#9655);
#3535=VERTEX_POINT('',#9657);
#3536=VERTEX_POINT('',#9659);
#3537=VERTEX_POINT('',#9661);
#3538=VERTEX_POINT('',#9663);
#3539=VERTEX_POINT('',#9665);
#3540=VERTEX_POINT('',#9667);
#3541=VERTEX_POINT('',#9682);
#3542=VERTEX_POINT('',#9684);
#3543=VERTEX_POINT('',#9688);
#3544=VERTEX_POINT('',#9689);
#3545=VERTEX_POINT('',#9691);
#3546=VERTEX_POINT('',#9693);
#3547=VERTEX_POINT('',#9697);
#3548=VERTEX_POINT('',#9698);
#3549=VERTEX_POINT('',#9700);
#3550=VERTEX_POINT('',#9702);
#3551=VERTEX_POINT('',#9706);
#3552=VERTEX_POINT('',#9707);
#3553=VERTEX_POINT('',#9711);
#3554=VERTEX_POINT('',#9712);
#3555=VERTEX_POINT('',#9714);
#3556=VERTEX_POINT('',#9716);
#3557=VERTEX_POINT('',#9720);
#3558=VERTEX_POINT('',#9722);
#3559=VERTEX_POINT('',#9726);
#3560=VERTEX_POINT('',#9727);
#3561=VERTEX_POINT('',#9732);
#3562=VERTEX_POINT('',#9733);
#3563=VERTEX_POINT('',#9738);
#3564=VERTEX_POINT('',#9740);
#3565=VERTEX_POINT('',#9744);
#3566=VERTEX_POINT('',#9745);
#3567=VERTEX_POINT('',#9777);
#3568=VERTEX_POINT('',#9778);
#3569=VERTEX_POINT('',#9783);
#3570=VERTEX_POINT('',#9787);
#3571=VERTEX_POINT('',#9791);
#3572=VERTEX_POINT('',#9793);
#3573=VERTEX_POINT('',#9802);
#3574=VERTEX_POINT('',#9803);
#3575=VERTEX_POINT('',#9810);
#3576=VERTEX_POINT('',#9816);
#3577=VERTEX_POINT('',#9823);
#3578=VERTEX_POINT('',#9825);
#3579=VERTEX_POINT('',#9829);
#3580=VERTEX_POINT('',#9831);
#3581=VERTEX_POINT('',#9835);
#3582=VERTEX_POINT('',#9840);
#3583=VERTEX_POINT('',#9844);
#3584=VERTEX_POINT('',#9851);
#3585=VERTEX_POINT('',#9855);
#3586=VERTEX_POINT('',#9860);
#3587=VERTEX_POINT('',#9867);
#3588=VERTEX_POINT('',#9870);
#3589=VERTEX_POINT('',#9873);
#3590=VERTEX_POINT('',#9876);
#3591=VERTEX_POINT('',#9878);
#3592=VERTEX_POINT('',#9880);
#3593=VERTEX_POINT('',#9883);
#3594=VERTEX_POINT('',#9885);
#3595=VERTEX_POINT('',#9888);
#3596=VERTEX_POINT('',#9889);
#3597=VERTEX_POINT('',#9891);
#3598=VERTEX_POINT('',#9893);
#3599=VERTEX_POINT('',#9896);
#3600=VERTEX_POINT('',#9897);
#3601=VERTEX_POINT('',#9899);
#3602=VERTEX_POINT('',#9901);
#3603=VERTEX_POINT('',#9904);
#3604=VERTEX_POINT('',#9905);
#3605=VERTEX_POINT('',#9907);
#3606=VERTEX_POINT('',#9909);
#3607=VERTEX_POINT('',#9912);
#3608=VERTEX_POINT('',#9915);
#3609=VERTEX_POINT('',#9918);
#3610=VERTEX_POINT('',#9920);
#3611=VERTEX_POINT('',#9922);
#3612=VERTEX_POINT('',#9924);
#3613=VERTEX_POINT('',#9926);
#3614=VERTEX_POINT('',#9928);
#3615=VERTEX_POINT('',#9930);
#3616=VERTEX_POINT('',#9932);
#3617=VERTEX_POINT('',#9934);
#3618=VERTEX_POINT('',#9936);
#3619=VERTEX_POINT('',#9938);
#3620=VERTEX_POINT('',#9940);
#3621=VERTEX_POINT('',#9942);
#3622=VERTEX_POINT('',#9945);
#3623=VERTEX_POINT('',#9948);
#3624=VERTEX_POINT('',#9950);
#3625=VERTEX_POINT('',#9952);
#3626=VERTEX_POINT('',#9955);
#3627=VERTEX_POINT('',#9956);
#3628=VERTEX_POINT('',#9958);
#3629=VERTEX_POINT('',#9960);
#3630=VERTEX_POINT('',#9962);
#3631=VERTEX_POINT('',#9964);
#3632=VERTEX_POINT('',#9966);
#3633=VERTEX_POINT('',#9968);
#3634=VERTEX_POINT('',#9970);
#3635=VERTEX_POINT('',#9972);
#3636=VERTEX_POINT('',#9974);
#3637=VERTEX_POINT('',#9976);
#3638=VERTEX_POINT('',#9980);
#3639=VERTEX_POINT('',#9982);
#3640=VERTEX_POINT('',#9984);
#3641=VERTEX_POINT('',#9986);
#3642=VERTEX_POINT('',#9988);
#3643=VERTEX_POINT('',#9990);
#3644=VERTEX_POINT('',#9997);
#3645=VERTEX_POINT('',#9999);
#3646=VERTEX_POINT('',#10001);
#3647=VERTEX_POINT('',#10003);
#3648=VERTEX_POINT('',#10005);
#3649=VERTEX_POINT('',#10007);
#3650=VERTEX_POINT('',#10042);
#3651=VERTEX_POINT('',#10044);
#3652=VERTEX_POINT('',#10049);
#3653=VERTEX_POINT('',#10051);
#3654=VERTEX_POINT('',#10054);
#3655=VERTEX_POINT('',#10056);
#3656=VERTEX_POINT('',#10061);
#3657=VERTEX_POINT('',#10066);
#3658=VERTEX_POINT('',#10068);
#3659=VERTEX_POINT('',#10077);
#3660=VERTEX_POINT('',#10081);
#3661=VERTEX_POINT('',#10083);
#3662=VERTEX_POINT('',#10091);
#3663=VERTEX_POINT('',#10093);
#3664=VERTEX_POINT('',#10095);
#3665=VERTEX_POINT('',#10097);
#3666=VERTEX_POINT('',#10100);
#3667=VERTEX_POINT('',#10102);
#3668=VERTEX_POINT('',#10110);
#3669=VERTEX_POINT('',#10112);
#3670=VERTEX_POINT('',#10116);
#3671=VERTEX_POINT('',#10118);
#3672=VERTEX_POINT('',#10122);
#3673=VERTEX_POINT('',#10124);
#3674=VERTEX_POINT('',#10127);
#3675=VERTEX_POINT('',#10132);
#3676=VERTEX_POINT('',#10134);
#3677=VERTEX_POINT('',#10138);
#3678=VERTEX_POINT('',#10140);
#3679=VERTEX_POINT('',#10142);
#3680=VERTEX_POINT('',#10150);
#3681=VERTEX_POINT('',#10154);
#3682=VERTEX_POINT('',#10158);
#3683=VERTEX_POINT('',#10162);
#3684=VERTEX_POINT('',#10166);
#3685=VERTEX_POINT('',#10170);
#3686=VERTEX_POINT('',#10174);
#3687=VERTEX_POINT('',#10178);
#3688=VERTEX_POINT('',#10182);
#3689=VERTEX_POINT('',#10184);
#3690=VERTEX_POINT('',#10193);
#3691=VERTEX_POINT('',#10194);
#3692=VERTEX_POINT('',#10196);
#3693=VERTEX_POINT('',#10198);
#3694=VERTEX_POINT('',#10202);
#3695=VERTEX_POINT('',#10203);
#3696=VERTEX_POINT('',#10205);
#3697=VERTEX_POINT('',#10207);
#3698=VERTEX_POINT('',#10211);
#3699=VERTEX_POINT('',#10212);
#3700=VERTEX_POINT('',#10216);
#3701=VERTEX_POINT('',#10217);
#3702=VERTEX_POINT('',#10219);
#3703=VERTEX_POINT('',#10221);
#3704=VERTEX_POINT('',#10225);
#3705=VERTEX_POINT('',#10229);
#3706=VERTEX_POINT('',#10230);
#3707=VERTEX_POINT('',#10235);
#3708=VERTEX_POINT('',#10236);
#3709=VERTEX_POINT('',#10241);
#3710=VERTEX_POINT('',#10245);
#3711=VERTEX_POINT('',#10246);
#3712=VERTEX_POINT('',#10294);
#3713=VERTEX_POINT('',#10296);
#3714=VERTEX_POINT('',#10299);
#3715=VERTEX_POINT('',#10301);
#3716=VERTEX_POINT('',#10306);
#3717=VERTEX_POINT('',#10308);
#3718=VERTEX_POINT('',#10312);
#3719=VERTEX_POINT('',#10316);
#3720=VERTEX_POINT('',#10318);
#3721=VERTEX_POINT('',#10328);
#3722=VERTEX_POINT('',#10332);
#3723=VERTEX_POINT('',#10334);
#3724=VERTEX_POINT('',#10342);
#3725=VERTEX_POINT('',#10344);
#3726=VERTEX_POINT('',#10347);
#3727=VERTEX_POINT('',#10349);
#3728=VERTEX_POINT('',#10351);
#3729=VERTEX_POINT('',#10353);
#3730=VERTEX_POINT('',#10361);
#3731=VERTEX_POINT('',#10363);
#3732=VERTEX_POINT('',#10367);
#3733=VERTEX_POINT('',#10369);
#3734=VERTEX_POINT('',#10373);
#3735=VERTEX_POINT('',#10376);
#3736=VERTEX_POINT('',#10379);
#3737=VERTEX_POINT('',#10383);
#3738=VERTEX_POINT('',#10385);
#3739=VERTEX_POINT('',#10389);
#3740=VERTEX_POINT('',#10391);
#3741=VERTEX_POINT('',#10393);
#3742=VERTEX_POINT('',#10401);
#3743=VERTEX_POINT('',#10405);
#3744=VERTEX_POINT('',#10409);
#3745=VERTEX_POINT('',#10413);
#3746=VERTEX_POINT('',#10417);
#3747=VERTEX_POINT('',#10421);
#3748=VERTEX_POINT('',#10425);
#3749=VERTEX_POINT('',#10429);
#3750=VERTEX_POINT('',#10433);
#3751=VERTEX_POINT('',#10435);
#3752=VERTEX_POINT('',#10444);
#3753=VERTEX_POINT('',#10445);
#3754=VERTEX_POINT('',#10447);
#3755=VERTEX_POINT('',#10449);
#3756=VERTEX_POINT('',#10453);
#3757=VERTEX_POINT('',#10454);
#3758=VERTEX_POINT('',#10456);
#3759=VERTEX_POINT('',#10458);
#3760=VERTEX_POINT('',#10460);
#3761=VERTEX_POINT('',#10462);
#3762=VERTEX_POINT('',#10464);
#3763=VERTEX_POINT('',#10466);
#3764=VERTEX_POINT('',#10468);
#3765=VERTEX_POINT('',#10470);
#3766=VERTEX_POINT('',#10472);
#3767=VERTEX_POINT('',#10474);
#3768=VERTEX_POINT('',#10476);
#3769=VERTEX_POINT('',#10478);
#3770=VERTEX_POINT('',#10480);
#3771=VERTEX_POINT('',#10487);
#3772=VERTEX_POINT('',#10491);
#3773=VERTEX_POINT('',#10495);
#3774=VERTEX_POINT('',#10496);
#3775=VERTEX_POINT('',#10498);
#3776=VERTEX_POINT('',#10503);
#3777=VERTEX_POINT('',#10505);
#3778=VERTEX_POINT('',#10507);
#3779=VERTEX_POINT('',#10511);
#3780=VERTEX_POINT('',#10515);
#3781=VERTEX_POINT('',#10516);
#3782=VERTEX_POINT('',#10521);
#3783=VERTEX_POINT('',#10525);
#3784=VERTEX_POINT('',#10526);
#3785=VERTEX_POINT('',#10528);
#3786=VERTEX_POINT('',#10533);
#3787=VERTEX_POINT('',#10534);
#3788=VERTEX_POINT('',#10539);
#3789=VERTEX_POINT('',#10540);
#3790=VERTEX_POINT('',#10545);
#3791=VERTEX_POINT('',#10546);
#3792=VERTEX_POINT('',#10549);
#3793=VERTEX_POINT('',#10553);
#3794=VERTEX_POINT('',#10567);
#3795=VERTEX_POINT('',#10569);
#3796=VERTEX_POINT('',#10577);
#3797=VERTEX_POINT('',#10581);
#3798=VERTEX_POINT('',#10585);
#3799=VERTEX_POINT('',#10587);
#3800=VERTEX_POINT('',#10591);
#3801=VERTEX_POINT('',#10598);
#3802=VERTEX_POINT('',#10602);
#3803=VERTEX_POINT('',#10604);
#3804=VERTEX_POINT('',#10608);
#3805=VERTEX_POINT('',#10610);
#3806=VERTEX_POINT('',#10626);
#3807=VERTEX_POINT('',#10628);
#3808=VERTEX_POINT('',#10641);
#3809=VERTEX_POINT('',#10646);
#3810=VERTEX_POINT('',#10652);
#3811=VERTEX_POINT('',#10656);
#3812=VERTEX_POINT('',#10663);
#3813=VERTEX_POINT('',#10667);
#3814=VERTEX_POINT('',#10695);
#3815=VERTEX_POINT('',#10696);
#3816=VERTEX_POINT('',#10698);
#3817=VERTEX_POINT('',#10700);
#3818=VERTEX_POINT('',#10704);
#3819=VERTEX_POINT('',#10705);
#3820=VERTEX_POINT('',#10707);
#3821=VERTEX_POINT('',#10709);
#3822=VERTEX_POINT('',#10713);
#3823=VERTEX_POINT('',#10714);
#3824=VERTEX_POINT('',#10718);
#3825=VERTEX_POINT('',#10719);
#3826=VERTEX_POINT('',#10721);
#3827=VERTEX_POINT('',#10723);
#3828=VERTEX_POINT('',#10727);
#3829=VERTEX_POINT('',#10731);
#3830=VERTEX_POINT('',#10732);
#3831=VERTEX_POINT('',#10737);
#3832=VERTEX_POINT('',#10738);
#3833=VERTEX_POINT('',#10743);
#3834=VERTEX_POINT('',#10747);
#3835=VERTEX_POINT('',#10748);
#3836=VERTEX_POINT('',#10796);
#3837=VERTEX_POINT('',#10798);
#3838=VERTEX_POINT('',#10801);
#3839=VERTEX_POINT('',#10803);
#3840=VERTEX_POINT('',#10808);
#3841=VERTEX_POINT('',#10810);
#3842=VERTEX_POINT('',#10814);
#3843=VERTEX_POINT('',#10818);
#3844=VERTEX_POINT('',#10820);
#3845=VERTEX_POINT('',#10830);
#3846=VERTEX_POINT('',#10834);
#3847=VERTEX_POINT('',#10836);
#3848=VERTEX_POINT('',#10844);
#3849=VERTEX_POINT('',#10846);
#3850=VERTEX_POINT('',#10849);
#3851=VERTEX_POINT('',#10851);
#3852=VERTEX_POINT('',#10853);
#3853=VERTEX_POINT('',#10855);
#3854=VERTEX_POINT('',#10863);
#3855=VERTEX_POINT('',#10865);
#3856=VERTEX_POINT('',#10869);
#3857=VERTEX_POINT('',#10871);
#3858=VERTEX_POINT('',#10875);
#3859=VERTEX_POINT('',#10878);
#3860=VERTEX_POINT('',#10881);
#3861=VERTEX_POINT('',#10885);
#3862=VERTEX_POINT('',#10887);
#3863=VERTEX_POINT('',#10891);
#3864=VERTEX_POINT('',#10893);
#3865=VERTEX_POINT('',#10895);
#3866=VERTEX_POINT('',#10903);
#3867=VERTEX_POINT('',#10907);
#3868=VERTEX_POINT('',#10911);
#3869=VERTEX_POINT('',#10915);
#3870=VERTEX_POINT('',#10919);
#3871=VERTEX_POINT('',#10923);
#3872=VERTEX_POINT('',#10927);
#3873=VERTEX_POINT('',#10931);
#3874=VERTEX_POINT('',#10935);
#3875=VERTEX_POINT('',#10937);
#3876=LINE('',#9079,#4548);
#3877=LINE('',#9082,#4549);
#3878=LINE('',#9084,#4550);
#3879=LINE('',#9086,#4551);
#3880=LINE('',#9088,#4552);
#3881=LINE('',#9091,#4553);
#3882=LINE('',#9093,#4554);
#3883=LINE('',#9095,#4555);
#3884=LINE('',#9099,#4556);
#3885=LINE('',#9102,#4557);
#3886=LINE('',#9108,#4558);
#3887=LINE('',#9110,#4559);
#3888=LINE('',#9114,#4560);
#3889=LINE('',#9118,#4561);
#3890=LINE('',#9122,#4562);
#3891=LINE('',#9128,#4563);
#3892=LINE('',#9132,#4564);
#3893=LINE('',#9136,#4565);
#3894=LINE('',#9140,#4566);
#3895=LINE('',#9141,#4567);
#3896=LINE('',#9146,#4568);
#3897=LINE('',#9149,#4569);
#3898=LINE('',#9152,#4570);
#3899=LINE('',#9154,#4571);
#3900=LINE('',#9156,#4572);
#3901=LINE('',#9160,#4573);
#3902=LINE('',#9162,#4574);
#3903=LINE('',#9164,#4575);
#3904=LINE('',#9171,#4576);
#3905=LINE('',#9175,#4577);
#3906=LINE('',#9179,#4578);
#3907=LINE('',#9183,#4579);
#3908=LINE('',#9184,#4580);
#3909=LINE('',#9189,#4581);
#3910=LINE('',#9195,#4582);
#3911=LINE('',#9199,#4583);
#3912=LINE('',#9200,#4584);
#3913=LINE('',#9205,#4585);
#3914=LINE('',#9209,#4586);
#3915=LINE('',#9210,#4587);
#3916=LINE('',#9213,#4588);
#3917=LINE('',#9216,#4589);
#3918=LINE('',#9219,#4590);
#3919=LINE('',#9221,#4591);
#3920=LINE('',#9223,#4592);
#3921=LINE('',#9225,#4593);
#3922=LINE('',#9227,#4594);
#3923=LINE('',#9231,#4595);
#3924=LINE('',#9233,#4596);
#3925=LINE('',#9235,#4597);
#3926=LINE('',#9237,#4598);
#3927=LINE('',#9239,#4599);
#3928=LINE('',#9242,#4600);
#3929=LINE('',#9244,#4601);
#3930=LINE('',#9246,#4602);
#3931=LINE('',#9248,#4603);
#3932=LINE('',#9251,#4604);
#3933=LINE('',#9253,#4605);
#3934=LINE('',#9255,#4606);
#3935=LINE('',#9257,#4607);
#3936=LINE('',#9260,#4608);
#3937=LINE('',#9262,#4609);
#3938=LINE('',#9264,#4610);
#3939=LINE('',#9266,#4611);
#3940=LINE('',#9269,#4612);
#3941=LINE('',#9270,#4613);
#3942=LINE('',#9272,#4614);
#3943=LINE('',#9275,#4615);
#3944=LINE('',#9277,#4616);
#3945=LINE('',#9279,#4617);
#3946=LINE('',#9286,#4618);
#3947=LINE('',#9290,#4619);
#3948=LINE('',#9294,#4620);
#3949=LINE('',#9298,#4621);
#3950=LINE('',#9302,#4622);
#3951=LINE('',#9306,#4623);
#3952=LINE('',#9307,#4624);
#3953=LINE('',#9312,#4625);
#3954=LINE('',#9316,#4626);
#3955=LINE('',#9317,#4627);
#3956=LINE('',#9320,#4628);
#3957=LINE('',#9323,#4629);
#3958=LINE('',#9324,#4630);
#3959=LINE('',#9326,#4631);
#3960=LINE('',#9328,#4632);
#3961=LINE('',#9332,#4633);
#3962=LINE('',#9336,#4634);
#3963=LINE('',#9340,#4635);
#3964=LINE('',#9344,#4636);
#3965=LINE('',#9348,#4637);
#3966=LINE('',#9352,#4638);
#3967=LINE('',#9356,#4639);
#3968=LINE('',#9358,#4640);
#3969=LINE('',#9361,#4641);
#3970=LINE('',#9367,#4642);
#3971=LINE('',#9369,#4643);
#3972=LINE('',#9373,#4644);
#3973=LINE('',#9377,#4645);
#3974=LINE('',#9381,#4646);
#3975=LINE('',#9385,#4647);
#3976=LINE('',#9389,#4648);
#3977=LINE('',#9393,#4649);
#3978=LINE('',#9397,#4650);
#3979=LINE('',#9398,#4651);
#3980=LINE('',#9401,#4652);
#3981=LINE('',#9403,#4653);
#3982=LINE('',#9407,#4654);
#3983=LINE('',#9411,#4655);
#3984=LINE('',#9415,#4656);
#3985=LINE('',#9419,#4657);
#3986=LINE('',#9423,#4658);
#3987=LINE('',#9427,#4659);
#3988=LINE('',#9431,#4660);
#3989=LINE('',#9433,#4661);
#3990=LINE('',#9435,#4662);
#3991=LINE('',#9437,#4663);
#3992=LINE('',#9439,#4664);
#3993=LINE('',#9442,#4665);
#3994=LINE('',#9444,#4666);
#3995=LINE('',#9446,#4667);
#3996=LINE('',#9448,#4668);
#3997=LINE('',#9451,#4669);
#3998=LINE('',#9453,#4670);
#3999=LINE('',#9455,#4671);
#4000=LINE('',#9457,#4672);
#4001=LINE('',#9460,#4673);
#4002=LINE('',#9462,#4674);
#4003=LINE('',#9464,#4675);
#4004=LINE('',#9466,#4676);
#4005=LINE('',#9469,#4677);
#4006=LINE('',#9471,#4678);
#4007=LINE('',#9473,#4679);
#4008=LINE('',#9475,#4680);
#4009=LINE('',#9476,#4681);
#4010=LINE('',#9478,#4682);
#4011=LINE('',#9481,#4683);
#4012=LINE('',#9483,#4684);
#4013=LINE('',#9487,#4685);
#4014=LINE('',#9489,#4686);
#4015=LINE('',#9491,#4687);
#4016=LINE('',#9493,#4688);
#4017=LINE('',#9499,#4689);
#4018=LINE('',#9503,#4690);
#4019=LINE('',#9507,#4691);
#4020=LINE('',#9511,#4692);
#4021=LINE('',#9512,#4693);
#4022=LINE('',#9517,#4694);
#4023=LINE('',#9523,#4695);
#4024=LINE('',#9527,#4696);
#4025=LINE('',#9531,#4697);
#4026=LINE('',#9533,#4698);
#4027=LINE('',#9537,#4699);
#4028=LINE('',#9538,#4700);
#4029=LINE('',#9541,#4701);
#4030=LINE('',#9545,#4702);
#4031=LINE('',#9546,#4703);
#4032=LINE('',#9548,#4704);
#4033=LINE('',#9551,#4705);
#4034=LINE('',#9554,#4706);
#4035=LINE('',#9559,#4707);
#4036=LINE('',#9563,#4708);
#4037=LINE('',#9567,#4709);
#4038=LINE('',#9571,#4710);
#4039=LINE('',#9575,#4711);
#4040=LINE('',#9579,#4712);
#4041=LINE('',#9583,#4713);
#4042=LINE('',#9587,#4714);
#4043=LINE('',#9588,#4715);
#4044=LINE('',#9591,#4716);
#4045=LINE('',#9593,#4717);
#4046=LINE('',#9595,#4718);
#4047=LINE('',#9597,#4719);
#4048=LINE('',#9599,#4720);
#4049=LINE('',#9603,#4721);
#4050=LINE('',#9607,#4722);
#4051=LINE('',#9611,#4723);
#4052=LINE('',#9615,#4724);
#4053=LINE('',#9619,#4725);
#4054=LINE('',#9623,#4726);
#4055=LINE('',#9627,#4727);
#4056=LINE('',#9629,#4728);
#4057=LINE('',#9632,#4729);
#4058=LINE('',#9634,#4730);
#4059=LINE('',#9636,#4731);
#4060=LINE('',#9638,#4732);
#4061=LINE('',#9641,#4733);
#4062=LINE('',#9643,#4734);
#4063=LINE('',#9645,#4735);
#4064=LINE('',#9647,#4736);
#4065=LINE('',#9648,#4737);
#4066=LINE('',#9650,#4738);
#4067=LINE('',#9651,#4739);
#4068=LINE('',#9653,#4740);
#4069=LINE('',#9656,#4741);
#4070=LINE('',#9658,#4742);
#4071=LINE('',#9660,#4743);
#4072=LINE('',#9662,#4744);
#4073=LINE('',#9664,#4745);
#4074=LINE('',#9666,#4746);
#4075=LINE('',#9668,#4747);
#4076=LINE('',#9670,#4748);
#4077=LINE('',#9671,#4749);
#4078=LINE('',#9673,#4750);
#4079=LINE('',#9674,#4751);
#4080=LINE('',#9676,#4752);
#4081=LINE('',#9677,#4753);
#4082=LINE('',#9679,#4754);
#4083=LINE('',#9680,#4755);
#4084=LINE('',#9681,#4756);
#4085=LINE('',#9683,#4757);
#4086=LINE('',#9685,#4758);
#4087=LINE('',#9690,#4759);
#4088=LINE('',#9694,#4760);
#4089=LINE('',#9699,#4761);
#4090=LINE('',#9703,#4762);
#4091=LINE('',#9708,#4763);
#4092=LINE('',#9713,#4764);
#4093=LINE('',#9717,#4765);
#4094=LINE('',#9719,#4766);
#4095=LINE('',#9723,#4767);
#4096=LINE('',#9728,#4768);
#4097=LINE('',#9729,#4769);
#4098=LINE('',#9734,#4770);
#4099=LINE('',#9735,#4771);
#4100=LINE('',#9737,#4772);
#4101=LINE('',#9741,#4773);
#4102=LINE('',#9746,#4774);
#4103=LINE('',#9747,#4775);
#4104=LINE('',#9749,#4776);
#4105=LINE('',#9753,#4777);
#4106=LINE('',#9755,#4778);
#4107=LINE('',#9756,#4779);
#4108=LINE('',#9758,#4780);
#4109=LINE('',#9759,#4781);
#4110=LINE('',#9761,#4782);
#4111=LINE('',#9762,#4783);
#4112=LINE('',#9764,#4784);
#4113=LINE('',#9765,#4785);
#4114=LINE('',#9767,#4786);
#4115=LINE('',#9768,#4787);
#4116=LINE('',#9770,#4788);
#4117=LINE('',#9771,#4789);
#4118=LINE('',#9773,#4790);
#4119=LINE('',#9774,#4791);
#4120=LINE('',#9776,#4792);
#4121=LINE('',#9779,#4793);
#4122=LINE('',#9780,#4794);
#4123=LINE('',#9782,#4795);
#4124=LINE('',#9784,#4796);
#4125=LINE('',#9786,#4797);
#4126=LINE('',#9788,#4798);
#4127=LINE('',#9790,#4799);
#4128=LINE('',#9792,#4800);
#4129=LINE('',#9794,#4801);
#4130=LINE('',#9796,#4802);
#4131=LINE('',#9797,#4803);
#4132=LINE('',#9799,#4804);
#4133=LINE('',#9801,#4805);
#4134=LINE('',#9804,#4806);
#4135=LINE('',#9805,#4807);
#4136=LINE('',#9806,#4808);
#4137=LINE('',#9807,#4809);
#4138=LINE('',#9809,#4810);
#4139=LINE('',#9811,#4811);
#4140=LINE('',#9813,#4812);
#4141=LINE('',#9815,#4813);
#4142=LINE('',#9817,#4814);
#4143=LINE('',#9819,#4815);
#4144=LINE('',#9820,#4816);
#4145=LINE('',#9822,#4817);
#4146=LINE('',#9824,#4818);
#4147=LINE('',#9826,#4819);
#4148=LINE('',#9828,#4820);
#4149=LINE('',#9830,#4821);
#4150=LINE('',#9832,#4822);
#4151=LINE('',#9834,#4823);
#4152=LINE('',#9836,#4824);
#4153=LINE('',#9837,#4825);
#4154=LINE('',#9839,#4826);
#4155=LINE('',#9841,#4827);
#4156=LINE('',#9843,#4828);
#4157=LINE('',#9845,#4829);
#4158=LINE('',#9846,#4830);
#4159=LINE('',#9848,#4831);
#4160=LINE('',#9850,#4832);
#4161=LINE('',#9852,#4833);
#4162=LINE('',#9854,#4834);
#4163=LINE('',#9856,#4835);
#4164=LINE('',#9858,#4836);
#4165=LINE('',#9859,#4837);
#4166=LINE('',#9861,#4838);
#4167=LINE('',#9863,#4839);
#4168=LINE('',#9864,#4840);
#4169=LINE('',#9868,#4841);
#4170=LINE('',#9871,#4842);
#4171=LINE('',#9872,#4843);
#4172=LINE('',#9877,#4844);
#4173=LINE('',#9881,#4845);
#4174=LINE('',#9884,#4846);
#4175=LINE('',#9887,#4847);
#4176=LINE('',#9892,#4848);
#4177=LINE('',#9898,#4849);
#4178=LINE('',#9902,#4850);
#4179=LINE('',#9906,#4851);
#4180=LINE('',#9910,#4852);
#4181=LINE('',#9916,#4853);
#4182=LINE('',#9917,#4854);
#4183=LINE('',#9921,#4855);
#4184=LINE('',#9925,#4856);
#4185=LINE('',#9929,#4857);
#4186=LINE('',#9933,#4858);
#4187=LINE('',#9937,#4859);
#4188=LINE('',#9941,#4860);
#4189=LINE('',#9944,#4861);
#4190=LINE('',#9949,#4862);
#4191=LINE('',#9953,#4863);
#4192=LINE('',#9957,#4864);
#4193=LINE('',#9961,#4865);
#4194=LINE('',#9965,#4866);
#4195=LINE('',#9969,#4867);
#4196=LINE('',#9973,#4868);
#4197=LINE('',#9977,#4869);
#4198=LINE('',#9991,#4870);
#4199=LINE('',#9992,#4871);
#4200=LINE('',#9993,#4872);
#4201=LINE('',#9994,#4873);
#4202=LINE('',#10008,#4874);
#4203=LINE('',#10009,#4875);
#4204=LINE('',#10010,#4876);
#4205=LINE('',#10011,#4877);
#4206=LINE('',#10013,#4878);
#4207=LINE('',#10015,#4879);
#4208=LINE('',#10018,#4880);
#4209=LINE('',#10020,#4881);
#4210=LINE('',#10023,#4882);
#4211=LINE('',#10025,#4883);
#4212=LINE('',#10027,#4884);
#4213=LINE('',#10030,#4885);
#4214=LINE('',#10032,#4886);
#4215=LINE('',#10035,#4887);
#4216=LINE('',#10037,#4888);
#4217=LINE('',#10041,#4889);
#4218=LINE('',#10046,#4890);
#4219=LINE('',#10047,#4891);
#4220=LINE('',#10052,#4892);
#4221=LINE('',#10053,#4893);
#4222=LINE('',#10058,#4894);
#4223=LINE('',#10060,#4895);
#4224=LINE('',#10062,#4896);
#4225=LINE('',#10064,#4897);
#4226=LINE('',#10072,#4898);
#4227=LINE('',#10074,#4899);
#4228=LINE('',#10076,#4900);
#4229=LINE('',#10078,#4901);
#4230=LINE('',#10086,#4902);
#4231=LINE('',#10088,#4903);
#4232=LINE('',#10090,#4904);
#4233=LINE('',#10094,#4905);
#4234=LINE('',#10098,#4906);
#4235=LINE('',#10099,#4907);
#4236=LINE('',#10103,#4908);
#4237=LINE('',#10105,#4909);
#4238=LINE('',#10107,#4910);
#4239=LINE('',#10109,#4911);
#4240=LINE('',#10111,#4912);
#4241=LINE('',#10115,#4913);
#4242=LINE('',#10117,#4914);
#4243=LINE('',#10121,#4915);
#4244=LINE('',#10123,#4916);
#4245=LINE('',#10125,#4917);
#4246=LINE('',#10126,#4918);
#4247=LINE('',#10128,#4919);
#4248=LINE('',#10129,#4920);
#4249=LINE('',#10131,#4921);
#4250=LINE('',#10133,#4922);
#4251=LINE('',#10137,#4923);
#4252=LINE('',#10139,#4924);
#4253=LINE('',#10141,#4925);
#4254=LINE('',#10143,#4926);
#4255=LINE('',#10145,#4927);
#4256=LINE('',#10147,#4928);
#4257=LINE('',#10149,#4929);
#4258=LINE('',#10151,#4930);
#4259=LINE('',#10153,#4931);
#4260=LINE('',#10155,#4932);
#4261=LINE('',#10157,#4933);
#4262=LINE('',#10161,#4934);
#4263=LINE('',#10163,#4935);
#4264=LINE('',#10165,#4936);
#4265=LINE('',#10169,#4937);
#4266=LINE('',#10171,#4938);
#4267=LINE('',#10173,#4939);
#4268=LINE('',#10175,#4940);
#4269=LINE('',#10177,#4941);
#4270=LINE('',#10181,#4942);
#4271=LINE('',#10183,#4943);
#4272=LINE('',#10185,#4944);
#4273=LINE('',#10195,#4945);
#4274=LINE('',#10199,#4946);
#4275=LINE('',#10204,#4947);
#4276=LINE('',#10208,#4948);
#4277=LINE('',#10213,#4949);
#4278=LINE('',#10218,#4950);
#4279=LINE('',#10222,#4951);
#4280=LINE('',#10224,#4952);
#4281=LINE('',#10231,#4953);
#4282=LINE('',#10232,#4954);
#4283=LINE('',#10237,#4955);
#4284=LINE('',#10238,#4956);
#4285=LINE('',#10240,#4957);
#4286=LINE('',#10247,#4958);
#4287=LINE('',#10248,#4959);
#4288=LINE('',#10250,#4960);
#4289=LINE('',#10255,#4961);
#4290=LINE('',#10256,#4962);
#4291=LINE('',#10258,#4963);
#4292=LINE('',#10259,#4964);
#4293=LINE('',#10261,#4965);
#4294=LINE('',#10262,#4966);
#4295=LINE('',#10264,#4967);
#4296=LINE('',#10266,#4968);
#4297=LINE('',#10269,#4969);
#4298=LINE('',#10271,#4970);
#4299=LINE('',#10274,#4971);
#4300=LINE('',#10276,#4972);
#4301=LINE('',#10278,#4973);
#4302=LINE('',#10281,#4974);
#4303=LINE('',#10283,#4975);
#4304=LINE('',#10286,#4976);
#4305=LINE('',#10288,#4977);
#4306=LINE('',#10292,#4978);
#4307=LINE('',#10297,#4979);
#4308=LINE('',#10298,#4980);
#4309=LINE('',#10303,#4981);
#4310=LINE('',#10304,#4982);
#4311=LINE('',#10309,#4983);
#4312=LINE('',#10311,#4984);
#4313=LINE('',#10313,#4985);
#4314=LINE('',#10320,#4986);
#4315=LINE('',#10323,#4987);
#4316=LINE('',#10325,#4988);
#4317=LINE('',#10327,#4989);
#4318=LINE('',#10329,#4990);
#4319=LINE('',#10337,#4991);
#4320=LINE('',#10339,#4992);
#4321=LINE('',#10341,#4993);
#4322=LINE('',#10345,#4994);
#4323=LINE('',#10346,#4995);
#4324=LINE('',#10350,#4996);
#4325=LINE('',#10354,#4997);
#4326=LINE('',#10356,#4998);
#4327=LINE('',#10358,#4999);
#4328=LINE('',#10360,#5000);
#4329=LINE('',#10364,#5001);
#4330=LINE('',#10366,#5002);
#4331=LINE('',#10370,#5003);
#4332=LINE('',#10372,#5004);
#4333=LINE('',#10374,#5005);
#4334=LINE('',#10375,#5006);
#4335=LINE('',#10377,#5007);
#4336=LINE('',#10378,#5008);
#4337=LINE('',#10380,#5009);
#4338=LINE('',#10382,#5010);
#4339=LINE('',#10386,#5011);
#4340=LINE('',#10388,#5012);
#4341=LINE('',#10390,#5013);
#4342=LINE('',#10392,#5014);
#4343=LINE('',#10394,#5015);
#4344=LINE('',#10396,#5016);
#4345=LINE('',#10398,#5017);
#4346=LINE('',#10400,#5018);
#4347=LINE('',#10402,#5019);
#4348=LINE('',#10404,#5020);
#4349=LINE('',#10406,#5021);
#4350=LINE('',#10410,#5022);
#4351=LINE('',#10412,#5023);
#4352=LINE('',#10414,#5024);
#4353=LINE('',#10418,#5025);
#4354=LINE('',#10420,#5026);
#4355=LINE('',#10422,#5027);
#4356=LINE('',#10424,#5028);
#4357=LINE('',#10426,#5029);
#4358=LINE('',#10430,#5030);
#4359=LINE('',#10432,#5031);
#4360=LINE('',#10434,#5032);
#4361=LINE('',#10436,#5033);
#4362=LINE('',#10443,#5034);
#4363=LINE('',#10448,#5035);
#4364=LINE('',#10452,#5036);
#4365=LINE('',#10455,#5037);
#4366=LINE('',#10459,#5038);
#4367=LINE('',#10463,#5039);
#4368=LINE('',#10465,#5040);
#4369=LINE('',#10469,#5041);
#4370=LINE('',#10473,#5042);
#4371=LINE('',#10475,#5043);
#4372=LINE('',#10479,#5044);
#4373=LINE('',#10483,#5045);
#4374=LINE('',#10484,#5046);
#4375=LINE('',#10486,#5047);
#4376=LINE('',#10488,#5048);
#4377=LINE('',#10492,#5049);
#4378=LINE('',#10494,#5050);
#4379=LINE('',#10497,#5051);
#4380=LINE('',#10499,#5052);
#4381=LINE('',#10500,#5053);
#4382=LINE('',#10502,#5054);
#4383=LINE('',#10504,#5055);
#4384=LINE('',#10506,#5056);
#4385=LINE('',#10508,#5057);
#4386=LINE('',#10512,#5058);
#4387=LINE('',#10514,#5059);
#4388=LINE('',#10517,#5060);
#4389=LINE('',#10518,#5061);
#4390=LINE('',#10522,#5062);
#4391=LINE('',#10524,#5063);
#4392=LINE('',#10527,#5064);
#4393=LINE('',#10529,#5065);
#4394=LINE('',#10530,#5066);
#4395=LINE('',#10532,#5067);
#4396=LINE('',#10535,#5068);
#4397=LINE('',#10536,#5069);
#4398=LINE('',#10538,#5070);
#4399=LINE('',#10541,#5071);
#4400=LINE('',#10542,#5072);
#4401=LINE('',#10544,#5073);
#4402=LINE('',#10547,#5074);
#4403=LINE('',#10548,#5075);
#4404=LINE('',#10550,#5076);
#4405=LINE('',#10552,#5077);
#4406=LINE('',#10554,#5078);
#4407=LINE('',#10568,#5079);
#4408=LINE('',#10572,#5080);
#4409=LINE('',#10573,#5081);
#4410=LINE('',#10578,#5082);
#4411=LINE('',#10580,#5083);
#4412=LINE('',#10582,#5084);
#4413=LINE('',#10586,#5085);
#4414=LINE('',#10590,#5086);
#4415=LINE('',#10593,#5087);
#4416=LINE('',#10595,#5088);
#4417=LINE('',#10597,#5089);
#4418=LINE('',#10599,#5090);
#4419=LINE('',#10603,#5091);
#4420=LINE('',#10607,#5092);
#4421=LINE('',#10609,#5093);
#4422=LINE('',#10611,#5094);
#4423=LINE('',#10614,#5095);
#4424=LINE('',#10616,#5096);
#4425=LINE('',#10622,#5097);
#4426=LINE('',#10623,#5098);
#4427=LINE('',#10625,#5099);
#4428=LINE('',#10627,#5100);
#4429=LINE('',#10629,#5101);
#4430=LINE('',#10630,#5102);
#4431=LINE('',#10632,#5103);
#4432=LINE('',#10635,#5104);
#4433=LINE('',#10638,#5105);
#4434=LINE('',#10640,#5106);
#4435=LINE('',#10642,#5107);
#4436=LINE('',#10643,#5108);
#4437=LINE('',#10645,#5109);
#4438=LINE('',#10647,#5110);
#4439=LINE('',#10649,#5111);
#4440=LINE('',#10651,#5112);
#4441=LINE('',#10653,#5113);
#4442=LINE('',#10655,#5114);
#4443=LINE('',#10657,#5115);
#4444=LINE('',#10658,#5116);
#4445=LINE('',#10660,#5117);
#4446=LINE('',#10662,#5118);
#4447=LINE('',#10664,#5119);
#4448=LINE('',#10666,#5120);
#4449=LINE('',#10668,#5121);
#4450=LINE('',#10669,#5122);
#4451=LINE('',#10697,#5123);
#4452=LINE('',#10701,#5124);
#4453=LINE('',#10706,#5125);
#4454=LINE('',#10710,#5126);
#4455=LINE('',#10715,#5127);
#4456=LINE('',#10720,#5128);
#4457=LINE('',#10724,#5129);
#4458=LINE('',#10726,#5130);
#4459=LINE('',#10733,#5131);
#4460=LINE('',#10734,#5132);
#4461=LINE('',#10739,#5133);
#4462=LINE('',#10740,#5134);
#4463=LINE('',#10742,#5135);
#4464=LINE('',#10749,#5136);
#4465=LINE('',#10750,#5137);
#4466=LINE('',#10752,#5138);
#4467=LINE('',#10757,#5139);
#4468=LINE('',#10758,#5140);
#4469=LINE('',#10760,#5141);
#4470=LINE('',#10761,#5142);
#4471=LINE('',#10763,#5143);
#4472=LINE('',#10764,#5144);
#4473=LINE('',#10766,#5145);
#4474=LINE('',#10768,#5146);
#4475=LINE('',#10771,#5147);
#4476=LINE('',#10773,#5148);
#4477=LINE('',#10776,#5149);
#4478=LINE('',#10778,#5150);
#4479=LINE('',#10780,#5151);
#4480=LINE('',#10783,#5152);
#4481=LINE('',#10785,#5153);
#4482=LINE('',#10788,#5154);
#4483=LINE('',#10790,#5155);
#4484=LINE('',#10794,#5156);
#4485=LINE('',#10799,#5157);
#4486=LINE('',#10800,#5158);
#4487=LINE('',#10805,#5159);
#4488=LINE('',#10806,#5160);
#4489=LINE('',#10811,#5161);
#4490=LINE('',#10813,#5162);
#4491=LINE('',#10815,#5163);
#4492=LINE('',#10822,#5164);
#4493=LINE('',#10825,#5165);
#4494=LINE('',#10827,#5166);
#4495=LINE('',#10829,#5167);
#4496=LINE('',#10831,#5168);
#4497=LINE('',#10839,#5169);
#4498=LINE('',#10841,#5170);
#4499=LINE('',#10843,#5171);
#4500=LINE('',#10847,#5172);
#4501=LINE('',#10848,#5173);
#4502=LINE('',#10852,#5174);
#4503=LINE('',#10856,#5175);
#4504=LINE('',#10858,#5176);
#4505=LINE('',#10860,#5177);
#4506=LINE('',#10862,#5178);
#4507=LINE('',#10866,#5179);
#4508=LINE('',#10868,#5180);
#4509=LINE('',#10872,#5181);
#4510=LINE('',#10874,#5182);
#4511=LINE('',#10876,#5183);
#4512=LINE('',#10877,#5184);
#4513=LINE('',#10879,#5185);
#4514=LINE('',#10880,#5186);
#4515=LINE('',#10882,#5187);
#4516=LINE('',#10884,#5188);
#4517=LINE('',#10888,#5189);
#4518=LINE('',#10890,#5190);
#4519=LINE('',#10892,#5191);
#4520=LINE('',#10894,#5192);
#4521=LINE('',#10896,#5193);
#4522=LINE('',#10898,#5194);
#4523=LINE('',#10900,#5195);
#4524=LINE('',#10902,#5196);
#4525=LINE('',#10904,#5197);
#4526=LINE('',#10906,#5198);
#4527=LINE('',#10908,#5199);
#4528=LINE('',#10912,#5200);
#4529=LINE('',#10914,#5201);
#4530=LINE('',#10916,#5202);
#4531=LINE('',#10920,#5203);
#4532=LINE('',#10922,#5204);
#4533=LINE('',#10924,#5205);
#4534=LINE('',#10926,#5206);
#4535=LINE('',#10928,#5207);
#4536=LINE('',#10932,#5208);
#4537=LINE('',#10934,#5209);
#4538=LINE('',#10936,#5210);
#4539=LINE('',#10938,#5211);
#4540=LINE('',#10945,#5212);
#4541=LINE('',#10946,#5213);
#4542=LINE('',#10950,#5214);
#4543=LINE('',#10951,#5215);
#4544=LINE('',#10955,#5216);
#4545=LINE('',#10956,#5217);
#4546=LINE('',#10960,#5218);
#4547=LINE('',#10961,#5219);
#4548=VECTOR('',#7187,1.);
#4549=VECTOR('',#7188,1.);
#4550=VECTOR('',#7189,1.);
#4551=VECTOR('',#7190,1.);
#4552=VECTOR('',#7193,1.);
#4553=VECTOR('',#7194,1.);
#4554=VECTOR('',#7195,1.);
#4555=VECTOR('',#7196,1.);
#4556=VECTOR('',#7201,1.);
#4557=VECTOR('',#7202,1.);
#4558=VECTOR('',#7207,1.);
#4559=VECTOR('',#7208,1.);
#4560=VECTOR('',#7211,1.);
#4561=VECTOR('',#7214,1.);
#4562=VECTOR('',#7217,1.);
#4563=VECTOR('',#7222,1.);
#4564=VECTOR('',#7225,1.);
#4565=VECTOR('',#7228,1.);
#4566=VECTOR('',#7231,1.);
#4567=VECTOR('',#7232,1.);
#4568=VECTOR('',#7235,1.);
#4569=VECTOR('',#7238,1.);
#4570=VECTOR('',#7239,1.);
#4571=VECTOR('',#7240,1.);
#4572=VECTOR('',#7241,1.);
#4573=VECTOR('',#7244,1.);
#4574=VECTOR('',#7245,1.);
#4575=VECTOR('',#7246,1.);
#4576=VECTOR('',#7253,1.);
#4577=VECTOR('',#7256,1.);
#4578=VECTOR('',#7259,1.);
#4579=VECTOR('',#7262,1.);
#4580=VECTOR('',#7263,1.);
#4581=VECTOR('',#7266,1.);
#4582=VECTOR('',#7271,1.);
#4583=VECTOR('',#7274,1.);
#4584=VECTOR('',#7275,1.);
#4585=VECTOR('',#7278,1.);
#4586=VECTOR('',#7281,1.);
#4587=VECTOR('',#7282,1.);
#4588=VECTOR('',#7283,1.);
#4589=VECTOR('',#7286,1.);
#4590=VECTOR('',#7287,1.);
#4591=VECTOR('',#7288,1.);
#4592=VECTOR('',#7289,1.);
#4593=VECTOR('',#7290,1.);
#4594=VECTOR('',#7291,1.);
#4595=VECTOR('',#7294,1.);
#4596=VECTOR('',#7297,1.);
#4597=VECTOR('',#7298,1.);
#4598=VECTOR('',#7299,1.);
#4599=VECTOR('',#7302,1.);
#4600=VECTOR('',#7303,1.);
#4601=VECTOR('',#7304,1.);
#4602=VECTOR('',#7305,1.);
#4603=VECTOR('',#7308,1.);
#4604=VECTOR('',#7309,1.);
#4605=VECTOR('',#7310,1.);
#4606=VECTOR('',#7311,1.);
#4607=VECTOR('',#7314,1.);
#4608=VECTOR('',#7315,1.);
#4609=VECTOR('',#7316,1.);
#4610=VECTOR('',#7317,1.);
#4611=VECTOR('',#7320,1.);
#4612=VECTOR('',#7321,1.);
#4613=VECTOR('',#7322,1.);
#4614=VECTOR('',#7325,1.);
#4615=VECTOR('',#7326,1.);
#4616=VECTOR('',#7327,1.);
#4617=VECTOR('',#7328,1.);
#4618=VECTOR('',#7335,1.);
#4619=VECTOR('',#7338,1.);
#4620=VECTOR('',#7341,1.);
#4621=VECTOR('',#7344,1.);
#4622=VECTOR('',#7347,1.);
#4623=VECTOR('',#7350,1.);
#4624=VECTOR('',#7351,1.);
#4625=VECTOR('',#7354,1.);
#4626=VECTOR('',#7357,1.);
#4627=VECTOR('',#7358,1.);
#4628=VECTOR('',#7359,1.);
#4629=VECTOR('',#7362,1.);
#4630=VECTOR('',#7363,1.);
#4631=VECTOR('',#7364,1.);
#4632=VECTOR('',#7365,1.);
#4633=VECTOR('',#7368,1.);
#4634=VECTOR('',#7371,1.);
#4635=VECTOR('',#7374,1.);
#4636=VECTOR('',#7377,1.);
#4637=VECTOR('',#7380,1.);
#4638=VECTOR('',#7383,1.);
#4639=VECTOR('',#7386,1.);
#4640=VECTOR('',#7389,1.);
#4641=VECTOR('',#7390,1.);
#4642=VECTOR('',#7395,1.);
#4643=VECTOR('',#7396,1.);
#4644=VECTOR('',#7399,1.);
#4645=VECTOR('',#7402,1.);
#4646=VECTOR('',#7405,1.);
#4647=VECTOR('',#7408,1.);
#4648=VECTOR('',#7411,1.);
#4649=VECTOR('',#7414,1.);
#4650=VECTOR('',#7417,1.);
#4651=VECTOR('',#7418,1.);
#4652=VECTOR('',#7419,1.);
#4653=VECTOR('',#7420,1.);
#4654=VECTOR('',#7423,1.);
#4655=VECTOR('',#7426,1.);
#4656=VECTOR('',#7429,1.);
#4657=VECTOR('',#7432,1.);
#4658=VECTOR('',#7435,1.);
#4659=VECTOR('',#7438,1.);
#4660=VECTOR('',#7441,1.);
#4661=VECTOR('',#7442,1.);
#4662=VECTOR('',#7443,1.);
#4663=VECTOR('',#7444,1.);
#4664=VECTOR('',#7447,1.);
#4665=VECTOR('',#7448,1.);
#4666=VECTOR('',#7449,1.);
#4667=VECTOR('',#7450,1.);
#4668=VECTOR('',#7453,1.);
#4669=VECTOR('',#7454,1.);
#4670=VECTOR('',#7455,1.);
#4671=VECTOR('',#7456,1.);
#4672=VECTOR('',#7459,1.);
#4673=VECTOR('',#7460,1.);
#4674=VECTOR('',#7461,1.);
#4675=VECTOR('',#7462,1.);
#4676=VECTOR('',#7465,1.);
#4677=VECTOR('',#7466,1.);
#4678=VECTOR('',#7467,1.);
#4679=VECTOR('',#7468,1.);
#4680=VECTOR('',#7471,1.);
#4681=VECTOR('',#7472,1.);
#4682=VECTOR('',#7475,1.);
#4683=VECTOR('',#7476,1.);
#4684=VECTOR('',#7477,1.);
#4685=VECTOR('',#7480,1.);
#4686=VECTOR('',#7481,1.);
#4687=VECTOR('',#7482,1.);
#4688=VECTOR('',#7483,1.);
#4689=VECTOR('',#7488,1.);
#4690=VECTOR('',#7491,1.);
#4691=VECTOR('',#7494,1.);
#4692=VECTOR('',#7497,1.);
#4693=VECTOR('',#7498,1.);
#4694=VECTOR('',#7501,1.);
#4695=VECTOR('',#7506,1.);
#4696=VECTOR('',#7509,1.);
#4697=VECTOR('',#7512,1.);
#4698=VECTOR('',#7513,1.);
#4699=VECTOR('',#7516,1.);
#4700=VECTOR('',#7517,1.);
#4701=VECTOR('',#7518,1.);
#4702=VECTOR('',#7523,1.);
#4703=VECTOR('',#7524,1.);
#4704=VECTOR('',#7527,1.);
#4705=VECTOR('',#7528,1.);
#4706=VECTOR('',#7531,1.);
#4707=VECTOR('',#7534,1.);
#4708=VECTOR('',#7537,1.);
#4709=VECTOR('',#7540,1.);
#4710=VECTOR('',#7543,1.);
#4711=VECTOR('',#7546,1.);
#4712=VECTOR('',#7549,1.);
#4713=VECTOR('',#7552,1.);
#4714=VECTOR('',#7555,1.);
#4715=VECTOR('',#7556,1.);
#4716=VECTOR('',#7557,1.);
#4717=VECTOR('',#7558,1.);
#4718=VECTOR('',#7559,1.);
#4719=VECTOR('',#7560,1.);
#4720=VECTOR('',#7561,1.);
#4721=VECTOR('',#7564,1.);
#4722=VECTOR('',#7567,1.);
#4723=VECTOR('',#7570,1.);
#4724=VECTOR('',#7573,1.);
#4725=VECTOR('',#7576,1.);
#4726=VECTOR('',#7579,1.);
#4727=VECTOR('',#7582,1.);
#4728=VECTOR('',#7585,1.);
#4729=VECTOR('',#7586,1.);
#4730=VECTOR('',#7587,1.);
#4731=VECTOR('',#7588,1.);
#4732=VECTOR('',#7591,1.);
#4733=VECTOR('',#7592,1.);
#4734=VECTOR('',#7593,1.);
#4735=VECTOR('',#7594,1.);
#4736=VECTOR('',#7597,1.);
#4737=VECTOR('',#7598,1.);
#4738=VECTOR('',#7601,1.);
#4739=VECTOR('',#7602,1.);
#4740=VECTOR('',#7605,1.);
#4741=VECTOR('',#7606,1.);
#4742=VECTOR('',#7607,1.);
#4743=VECTOR('',#7608,1.);
#4744=VECTOR('',#7609,1.);
#4745=VECTOR('',#7610,1.);
#4746=VECTOR('',#7611,1.);
#4747=VECTOR('',#7612,1.);
#4748=VECTOR('',#7615,1.);
#4749=VECTOR('',#7616,1.);
#4750=VECTOR('',#7619,1.);
#4751=VECTOR('',#7620,1.);
#4752=VECTOR('',#7623,1.);
#4753=VECTOR('',#7624,1.);
#4754=VECTOR('',#7627,1.);
#4755=VECTOR('',#7628,1.);
#4756=VECTOR('',#7629,1.);
#4757=VECTOR('',#7630,1.);
#4758=VECTOR('',#7631,1.);
#4759=VECTOR('',#7636,1.);
#4760=VECTOR('',#7639,1.);
#4761=VECTOR('',#7644,1.);
#4762=VECTOR('',#7647,1.);
#4763=VECTOR('',#7652,1.);
#4764=VECTOR('',#7657,1.);
#4765=VECTOR('',#7660,1.);
#4766=VECTOR('',#7663,1.);
#4767=VECTOR('',#7666,1.);
#4768=VECTOR('',#7671,1.);
#4769=VECTOR('',#7672,1.);
#4770=VECTOR('',#7677,1.);
#4771=VECTOR('',#7678,1.);
#4772=VECTOR('',#7681,1.);
#4773=VECTOR('',#7684,1.);
#4774=VECTOR('',#7689,1.);
#4775=VECTOR('',#7690,1.);
#4776=VECTOR('',#7693,1.);
#4777=VECTOR('',#7700,1.);
#4778=VECTOR('',#7703,1.);
#4779=VECTOR('',#7704,1.);
#4780=VECTOR('',#7707,1.);
#4781=VECTOR('',#7708,1.);
#4782=VECTOR('',#7711,1.);
#4783=VECTOR('',#7712,1.);
#4784=VECTOR('',#7715,1.);
#4785=VECTOR('',#7716,1.);
#4786=VECTOR('',#7719,1.);
#4787=VECTOR('',#7720,1.);
#4788=VECTOR('',#7723,1.);
#4789=VECTOR('',#7724,1.);
#4790=VECTOR('',#7727,1.);
#4791=VECTOR('',#7728,1.);
#4792=VECTOR('',#7731,1.);
#4793=VECTOR('',#7732,1.);
#4794=VECTOR('',#7733,1.);
#4795=VECTOR('',#7736,1.);
#4796=VECTOR('',#7737,1.);
#4797=VECTOR('',#7740,1.);
#4798=VECTOR('',#7741,1.);
#4799=VECTOR('',#7744,1.);
#4800=VECTOR('',#7745,1.);
#4801=VECTOR('',#7746,1.);
#4802=VECTOR('',#7749,1.);
#4803=VECTOR('',#7750,1.);
#4804=VECTOR('',#7753,1.);
#4805=VECTOR('',#7756,1.);
#4806=VECTOR('',#7757,1.);
#4807=VECTOR('',#7758,1.);
#4808=VECTOR('',#7759,1.);
#4809=VECTOR('',#7760,1.);
#4810=VECTOR('',#7763,1.);
#4811=VECTOR('',#7764,1.);
#4812=VECTOR('',#7767,1.);
#4813=VECTOR('',#7770,1.);
#4814=VECTOR('',#7771,1.);
#4815=VECTOR('',#7774,1.);
#4816=VECTOR('',#7775,1.);
#4817=VECTOR('',#7778,1.);
#4818=VECTOR('',#7779,1.);
#4819=VECTOR('',#7780,1.);
#4820=VECTOR('',#7783,1.);
#4821=VECTOR('',#7784,1.);
#4822=VECTOR('',#7785,1.);
#4823=VECTOR('',#7788,1.);
#4824=VECTOR('',#7789,1.);
#4825=VECTOR('',#7790,1.);
#4826=VECTOR('',#7793,1.);
#4827=VECTOR('',#7794,1.);
#4828=VECTOR('',#7797,1.);
#4829=VECTOR('',#7798,1.);
#4830=VECTOR('',#7799,1.);
#4831=VECTOR('',#7802,1.);
#4832=VECTOR('',#7805,1.);
#4833=VECTOR('',#7806,1.);
#4834=VECTOR('',#7809,1.);
#4835=VECTOR('',#7810,1.);
#4836=VECTOR('',#7813,1.);
#4837=VECTOR('',#7814,1.);
#4838=VECTOR('',#7815,1.);
#4839=VECTOR('',#7818,1.);
#4840=VECTOR('',#7819,1.);
#4841=VECTOR('',#7824,1.);
#4842=VECTOR('',#7827,1.);
#4843=VECTOR('',#7828,1.);
#4844=VECTOR('',#7833,1.);
#4845=VECTOR('',#7836,1.);
#4846=VECTOR('',#7839,1.);
#4847=VECTOR('',#7842,1.);
#4848=VECTOR('',#7845,1.);
#4849=VECTOR('',#7850,1.);
#4850=VECTOR('',#7853,1.);
#4851=VECTOR('',#7856,1.);
#4852=VECTOR('',#7859,1.);
#4853=VECTOR('',#7866,1.);
#4854=VECTOR('',#7867,1.);
#4855=VECTOR('',#7870,1.);
#4856=VECTOR('',#7873,1.);
#4857=VECTOR('',#7876,1.);
#4858=VECTOR('',#7879,1.);
#4859=VECTOR('',#7882,1.);
#4860=VECTOR('',#7885,1.);
#4861=VECTOR('',#7888,1.);
#4862=VECTOR('',#7893,1.);
#4863=VECTOR('',#7896,1.);
#4864=VECTOR('',#7899,1.);
#4865=VECTOR('',#7902,1.);
#4866=VECTOR('',#7905,1.);
#4867=VECTOR('',#7908,1.);
#4868=VECTOR('',#7911,1.);
#4869=VECTOR('',#7914,1.);
#4870=VECTOR('',#7929,1.);
#4871=VECTOR('',#7930,1.);
#4872=VECTOR('',#7931,1.);
#4873=VECTOR('',#7932,1.);
#4874=VECTOR('',#7947,1.);
#4875=VECTOR('',#7948,1.);
#4876=VECTOR('',#7949,1.);
#4877=VECTOR('',#7950,1.);
#4878=VECTOR('',#7953,1.);
#4879=VECTOR('',#7956,1.);
#4880=VECTOR('',#7961,1.);
#4881=VECTOR('',#7964,1.);
#4882=VECTOR('',#7969,1.);
#4883=VECTOR('',#7972,1.);
#4884=VECTOR('',#7975,1.);
#4885=VECTOR('',#7980,1.);
#4886=VECTOR('',#7983,1.);
#4887=VECTOR('',#7988,1.);
#4888=VECTOR('',#7991,1.);
#4889=VECTOR('',#7998,1.);
#4890=VECTOR('',#8003,1.);
#4891=VECTOR('',#8004,1.);
#4892=VECTOR('',#8009,1.);
#4893=VECTOR('',#8010,1.);
#4894=VECTOR('',#8015,1.);
#4895=VECTOR('',#8018,1.);
#4896=VECTOR('',#8019,1.);
#4897=VECTOR('',#8022,1.);
#4898=VECTOR('',#8033,1.);
#4899=VECTOR('',#8036,1.);
#4900=VECTOR('',#8039,1.);
#4901=VECTOR('',#8040,1.);
#4902=VECTOR('',#8051,1.);
#4903=VECTOR('',#8054,1.);
#4904=VECTOR('',#8057,1.);
#4905=VECTOR('',#8060,1.);
#4906=VECTOR('',#8063,1.);
#4907=VECTOR('',#8064,1.);
#4908=VECTOR('',#8067,1.);
#4909=VECTOR('',#8070,1.);
#4910=VECTOR('',#8073,1.);
#4911=VECTOR('',#8076,1.);
#4912=VECTOR('',#8077,1.);
#4913=VECTOR('',#8082,1.);
#4914=VECTOR('',#8083,1.);
#4915=VECTOR('',#8088,1.);
#4916=VECTOR('',#8089,1.);
#4917=VECTOR('',#8090,1.);
#4918=VECTOR('',#8091,1.);
#4919=VECTOR('',#8092,1.);
#4920=VECTOR('',#8093,1.);
#4921=VECTOR('',#8096,1.);
#4922=VECTOR('',#8097,1.);
#4923=VECTOR('',#8102,1.);
#4924=VECTOR('',#8103,1.);
#4925=VECTOR('',#8104,1.);
#4926=VECTOR('',#8105,1.);
#4927=VECTOR('',#8108,1.);
#4928=VECTOR('',#8111,1.);
#4929=VECTOR('',#8114,1.);
#4930=VECTOR('',#8115,1.);
#4931=VECTOR('',#8118,1.);
#4932=VECTOR('',#8119,1.);
#4933=VECTOR('',#8122,1.);
#4934=VECTOR('',#8127,1.);
#4935=VECTOR('',#8128,1.);
#4936=VECTOR('',#8131,1.);
#4937=VECTOR('',#8136,1.);
#4938=VECTOR('',#8137,1.);
#4939=VECTOR('',#8140,1.);
#4940=VECTOR('',#8141,1.);
#4941=VECTOR('',#8144,1.);
#4942=VECTOR('',#8149,1.);
#4943=VECTOR('',#8150,1.);
#4944=VECTOR('',#8151,1.);
#4945=VECTOR('',#8166,1.);
#4946=VECTOR('',#8169,1.);
#4947=VECTOR('',#8174,1.);
#4948=VECTOR('',#8177,1.);
#4949=VECTOR('',#8182,1.);
#4950=VECTOR('',#8187,1.);
#4951=VECTOR('',#8190,1.);
#4952=VECTOR('',#8193,1.);
#4953=VECTOR('',#8200,1.);
#4954=VECTOR('',#8201,1.);
#4955=VECTOR('',#8206,1.);
#4956=VECTOR('',#8207,1.);
#4957=VECTOR('',#8210,1.);
#4958=VECTOR('',#8217,1.);
#4959=VECTOR('',#8218,1.);
#4960=VECTOR('',#8221,1.);
#4961=VECTOR('',#8230,1.);
#4962=VECTOR('',#8231,1.);
#4963=VECTOR('',#8234,1.);
#4964=VECTOR('',#8235,1.);
#4965=VECTOR('',#8238,1.);
#4966=VECTOR('',#8239,1.);
#4967=VECTOR('',#8242,1.);
#4968=VECTOR('',#8245,1.);
#4969=VECTOR('',#8250,1.);
#4970=VECTOR('',#8253,1.);
#4971=VECTOR('',#8258,1.);
#4972=VECTOR('',#8261,1.);
#4973=VECTOR('',#8264,1.);
#4974=VECTOR('',#8269,1.);
#4975=VECTOR('',#8272,1.);
#4976=VECTOR('',#8277,1.);
#4977=VECTOR('',#8280,1.);
#4978=VECTOR('',#8287,1.);
#4979=VECTOR('',#8292,1.);
#4980=VECTOR('',#8293,1.);
#4981=VECTOR('',#8298,1.);
#4982=VECTOR('',#8299,1.);
#4983=VECTOR('',#8304,1.);
#4984=VECTOR('',#8307,1.);
#4985=VECTOR('',#8308,1.);
#4986=VECTOR('',#8317,1.);
#4987=VECTOR('',#8322,1.);
#4988=VECTOR('',#8325,1.);
#4989=VECTOR('',#8328,1.);
#4990=VECTOR('',#8329,1.);
#4991=VECTOR('',#8340,1.);
#4992=VECTOR('',#8343,1.);
#4993=VECTOR('',#8346,1.);
#4994=VECTOR('',#8349,1.);
#4995=VECTOR('',#8350,1.);
#4996=VECTOR('',#8353,1.);
#4997=VECTOR('',#8356,1.);
#4998=VECTOR('',#8359,1.);
#4999=VECTOR('',#8362,1.);
#5000=VECTOR('',#8365,1.);
#5001=VECTOR('',#8368,1.);
#5002=VECTOR('',#8371,1.);
#5003=VECTOR('',#8374,1.);
#5004=VECTOR('',#8377,1.);
#5005=VECTOR('',#8378,1.);
#5006=VECTOR('',#8379,1.);
#5007=VECTOR('',#8380,1.);
#5008=VECTOR('',#8381,1.);
#5009=VECTOR('',#8382,1.);
#5010=VECTOR('',#8385,1.);
#5011=VECTOR('',#8388,1.);
#5012=VECTOR('',#8391,1.);
#5013=VECTOR('',#8392,1.);
#5014=VECTOR('',#8393,1.);
#5015=VECTOR('',#8394,1.);
#5016=VECTOR('',#8397,1.);
#5017=VECTOR('',#8400,1.);
#5018=VECTOR('',#8403,1.);
#5019=VECTOR('',#8404,1.);
#5020=VECTOR('',#8407,1.);
#5021=VECTOR('',#8408,1.);
#5022=VECTOR('',#8413,1.);
#5023=VECTOR('',#8416,1.);
#5024=VECTOR('',#8417,1.);
#5025=VECTOR('',#8422,1.);
#5026=VECTOR('',#8425,1.);
#5027=VECTOR('',#8426,1.);
#5028=VECTOR('',#8429,1.);
#5029=VECTOR('',#8430,1.);
#5030=VECTOR('',#8435,1.);
#5031=VECTOR('',#8438,1.);
#5032=VECTOR('',#8439,1.);
#5033=VECTOR('',#8440,1.);
#5034=VECTOR('',#8453,1.);
#5035=VECTOR('',#8456,1.);
#5036=VECTOR('',#8461,1.);
#5037=VECTOR('',#8462,1.);
#5038=VECTOR('',#8465,1.);
#5039=VECTOR('',#8468,1.);
#5040=VECTOR('',#8469,1.);
#5041=VECTOR('',#8472,1.);
#5042=VECTOR('',#8475,1.);
#5043=VECTOR('',#8476,1.);
#5044=VECTOR('',#8479,1.);
#5045=VECTOR('',#8484,1.);
#5046=VECTOR('',#8485,1.);
#5047=VECTOR('',#8488,1.);
#5048=VECTOR('',#8489,1.);
#5049=VECTOR('',#8494,1.);
#5050=VECTOR('',#8497,1.);
#5051=VECTOR('',#8498,1.);
#5052=VECTOR('',#8499,1.);
#5053=VECTOR('',#8500,1.);
#5054=VECTOR('',#8503,1.);
#5055=VECTOR('',#8504,1.);
#5056=VECTOR('',#8505,1.);
#5057=VECTOR('',#8506,1.);
#5058=VECTOR('',#8511,1.);
#5059=VECTOR('',#8514,1.);
#5060=VECTOR('',#8515,1.);
#5061=VECTOR('',#8516,1.);
#5062=VECTOR('',#8521,1.);
#5063=VECTOR('',#8524,1.);
#5064=VECTOR('',#8525,1.);
#5065=VECTOR('',#8526,1.);
#5066=VECTOR('',#8527,1.);
#5067=VECTOR('',#8530,1.);
#5068=VECTOR('',#8531,1.);
#5069=VECTOR('',#8532,1.);
#5070=VECTOR('',#8535,1.);
#5071=VECTOR('',#8536,1.);
#5072=VECTOR('',#8537,1.);
#5073=VECTOR('',#8540,1.);
#5074=VECTOR('',#8541,1.);
#5075=VECTOR('',#8542,1.);
#5076=VECTOR('',#8543,1.);
#5077=VECTOR('',#8546,1.);
#5078=VECTOR('',#8547,1.);
#5079=VECTOR('',#8572,1.);
#5080=VECTOR('',#8577,1.);
#5081=VECTOR('',#8578,1.);
#5082=VECTOR('',#8585,1.);
#5083=VECTOR('',#8588,1.);
#5084=VECTOR('',#8589,1.);
#5085=VECTOR('',#8594,1.);
#5086=VECTOR('',#8599,1.);
#5087=VECTOR('',#8602,1.);
#5088=VECTOR('',#8605,1.);
#5089=VECTOR('',#8608,1.);
#5090=VECTOR('',#8609,1.);
#5091=VECTOR('',#8614,1.);
#5092=VECTOR('',#8619,1.);
#5093=VECTOR('',#8620,1.);
#5094=VECTOR('',#8621,1.);
#5095=VECTOR('',#8626,1.);
#5096=VECTOR('',#8629,1.);
#5097=VECTOR('',#8640,1.);
#5098=VECTOR('',#8641,1.);
#5099=VECTOR('',#8644,1.);
#5100=VECTOR('',#8645,1.);
#5101=VECTOR('',#8646,1.);
#5102=VECTOR('',#8647,1.);
#5103=VECTOR('',#8650,1.);
#5104=VECTOR('',#8655,1.);
#5105=VECTOR('',#8660,1.);
#5106=VECTOR('',#8663,1.);
#5107=VECTOR('',#8664,1.);
#5108=VECTOR('',#8665,1.);
#5109=VECTOR('',#8668,1.);
#5110=VECTOR('',#8669,1.);
#5111=VECTOR('',#8672,1.);
#5112=VECTOR('',#8675,1.);
#5113=VECTOR('',#8676,1.);
#5114=VECTOR('',#8679,1.);
#5115=VECTOR('',#8680,1.);
#5116=VECTOR('',#8681,1.);
#5117=VECTOR('',#8684,1.);
#5118=VECTOR('',#8687,1.);
#5119=VECTOR('',#8688,1.);
#5120=VECTOR('',#8691,1.);
#5121=VECTOR('',#8692,1.);
#5122=VECTOR('',#8693,1.);
#5123=VECTOR('',#8744,1.);
#5124=VECTOR('',#8747,1.);
#5125=VECTOR('',#8752,1.);
#5126=VECTOR('',#8755,1.);
#5127=VECTOR('',#8760,1.);
#5128=VECTOR('',#8765,1.);
#5129=VECTOR('',#8768,1.);
#5130=VECTOR('',#8771,1.);
#5131=VECTOR('',#8778,1.);
#5132=VECTOR('',#8779,1.);
#5133=VECTOR('',#8784,1.);
#5134=VECTOR('',#8785,1.);
#5135=VECTOR('',#8788,1.);
#5136=VECTOR('',#8795,1.);
#5137=VECTOR('',#8796,1.);
#5138=VECTOR('',#8799,1.);
#5139=VECTOR('',#8808,1.);
#5140=VECTOR('',#8809,1.);
#5141=VECTOR('',#8812,1.);
#5142=VECTOR('',#8813,1.);
#5143=VECTOR('',#8816,1.);
#5144=VECTOR('',#8817,1.);
#5145=VECTOR('',#8820,1.);
#5146=VECTOR('',#8823,1.);
#5147=VECTOR('',#8828,1.);
#5148=VECTOR('',#8831,1.);
#5149=VECTOR('',#8836,1.);
#5150=VECTOR('',#8839,1.);
#5151=VECTOR('',#8842,1.);
#5152=VECTOR('',#8847,1.);
#5153=VECTOR('',#8850,1.);
#5154=VECTOR('',#8855,1.);
#5155=VECTOR('',#8858,1.);
#5156=VECTOR('',#8865,1.);
#5157=VECTOR('',#8870,1.);
#5158=VECTOR('',#8871,1.);
#5159=VECTOR('',#8876,1.);
#5160=VECTOR('',#8877,1.);
#5161=VECTOR('',#8882,1.);
#5162=VECTOR('',#8885,1.);
#5163=VECTOR('',#8886,1.);
#5164=VECTOR('',#8895,1.);
#5165=VECTOR('',#8900,1.);
#5166=VECTOR('',#8903,1.);
#5167=VECTOR('',#8906,1.);
#5168=VECTOR('',#8907,1.);
#5169=VECTOR('',#8918,1.);
#5170=VECTOR('',#8921,1.);
#5171=VECTOR('',#8924,1.);
#5172=VECTOR('',#8927,1.);
#5173=VECTOR('',#8928,1.);
#5174=VECTOR('',#8931,1.);
#5175=VECTOR('',#8934,1.);
#5176=VECTOR('',#8937,1.);
#5177=VECTOR('',#8940,1.);
#5178=VECTOR('',#8943,1.);
#5179=VECTOR('',#8946,1.);
#5180=VECTOR('',#8949,1.);
#5181=VECTOR('',#8952,1.);
#5182=VECTOR('',#8955,1.);
#5183=VECTOR('',#8956,1.);
#5184=VECTOR('',#8957,1.);
#5185=VECTOR('',#8958,1.);
#5186=VECTOR('',#8959,1.);
#5187=VECTOR('',#8960,1.);
#5188=VECTOR('',#8963,1.);
#5189=VECTOR('',#8966,1.);
#5190=VECTOR('',#8969,1.);
#5191=VECTOR('',#8970,1.);
#5192=VECTOR('',#8971,1.);
#5193=VECTOR('',#8972,1.);
#5194=VECTOR('',#8975,1.);
#5195=VECTOR('',#8978,1.);
#5196=VECTOR('',#8981,1.);
#5197=VECTOR('',#8982,1.);
#5198=VECTOR('',#8985,1.);
#5199=VECTOR('',#8986,1.);
#5200=VECTOR('',#8991,1.);
#5201=VECTOR('',#8994,1.);
#5202=VECTOR('',#8995,1.);
#5203=VECTOR('',#9000,1.);
#5204=VECTOR('',#9003,1.);
#5205=VECTOR('',#9004,1.);
#5206=VECTOR('',#9007,1.);
#5207=VECTOR('',#9008,1.);
#5208=VECTOR('',#9013,1.);
#5209=VECTOR('',#9016,1.);
#5210=VECTOR('',#9017,1.);
#5211=VECTOR('',#9018,1.);
#5212=VECTOR('',#9031,1.);
#5213=VECTOR('',#9032,1.);
#5214=VECTOR('',#9039,1.);
#5215=VECTOR('',#9040,1.);
#5216=VECTOR('',#9047,1.);
#5217=VECTOR('',#9048,1.);
#5218=VECTOR('',#9055,1.);
#5219=VECTOR('',#9056,1.);
#5220=EDGE_LOOP('',(#396,#397,#398,#399));
#5221=EDGE_LOOP('',(#400,#401,#402,#403));
#5222=EDGE_LOOP('',(#404));
#5223=EDGE_LOOP('',(#405,#406,#407));
#5224=EDGE_LOOP('',(#408,#409,#410,#411,#412));
#5225=EDGE_LOOP('',(#413,#414,#415,#416));
#5226=EDGE_LOOP('',(#417));
#5227=EDGE_LOOP('',(#418,#419,#420,#421));
#5228=EDGE_LOOP('',(#422,#423,#424,#425));
#5229=EDGE_LOOP('',(#426,#427,#428,#429));
#5230=EDGE_LOOP('',(#430,#431,#432,#433,#434,#435,#436,#437));
#5231=EDGE_LOOP('',(#438));
#5232=EDGE_LOOP('',(#439,#440,#441,#442));
#5233=EDGE_LOOP('',(#443,#444,#445,#446));
#5234=EDGE_LOOP('',(#447,#448,#449,#450));
#5235=EDGE_LOOP('',(#451,#452,#453,#454));
#5236=EDGE_LOOP('',(#455,#456,#457,#458,#459));
#5237=EDGE_LOOP('',(#460,#461,#462));
#5238=EDGE_LOOP('',(#463,#464,#465,#466,#467,#468,#469,#470));
#5239=EDGE_LOOP('',(#471,#472,#473,#474));
#5240=EDGE_LOOP('',(#475,#476,#477,#478));
#5241=EDGE_LOOP('',(#479,#480,#481,#482));
#5242=EDGE_LOOP('',(#483,#484,#485,#486));
#5243=EDGE_LOOP('',(#487,#488,#489,#490));
#5244=EDGE_LOOP('',(#491,#492,#493,#494));
#5245=EDGE_LOOP('',(#495));
#5246=EDGE_LOOP('',(#496,#497,#498,#499,#500,#501,#502,#503,#504,#505,#506,
#507));
#5247=EDGE_LOOP('',(#508,#509,#510,#511,#512));
#5248=EDGE_LOOP('',(#513,#514,#515));
#5249=EDGE_LOOP('',(#516,#517,#518,#519,#520,#521,#522,#523,#524,#525,#526,
#527,#528,#529,#530,#531,#532,#533,#534,#535));
#5250=EDGE_LOOP('',(#536,#537,#538));
#5251=EDGE_LOOP('',(#539,#540,#541,#542,#543));
#5252=EDGE_LOOP('',(#544,#545,#546,#547,#548,#549,#550,#551,#552,#553,#554,
#555));
#5253=EDGE_LOOP('',(#556,#557,#558,#559,#560,#561,#562,#563,#564,#565,#566,
#567,#568,#569,#570,#571,#572,#573,#574,#575));
#5254=EDGE_LOOP('',(#576,#577,#578,#579));
#5255=EDGE_LOOP('',(#580,#581,#582,#583));
#5256=EDGE_LOOP('',(#584,#585,#586,#587));
#5257=EDGE_LOOP('',(#588,#589,#590,#591));
#5258=EDGE_LOOP('',(#592,#593,#594,#595));
#5259=EDGE_LOOP('',(#596,#597,#598,#599,#600,#601,#602,#603));
#5260=EDGE_LOOP('',(#604));
#5261=EDGE_LOOP('',(#605,#606,#607,#608));
#5262=EDGE_LOOP('',(#609,#610,#611,#612));
#5263=EDGE_LOOP('',(#613,#614,#615,#616));
#5264=EDGE_LOOP('',(#617,#618,#619,#620));
#5265=EDGE_LOOP('',(#621,#622,#623,#624,#625));
#5266=EDGE_LOOP('',(#626,#627,#628));
#5267=EDGE_LOOP('',(#629,#630,#631,#632));
#5268=EDGE_LOOP('',(#633,#634,#635));
#5269=EDGE_LOOP('',(#636,#637,#638,#639,#640));
#5270=EDGE_LOOP('',(#641,#642,#643,#644,#645,#646,#647,#648,#649,#650,#651,
#652));
#5271=EDGE_LOOP('',(#653,#654,#655,#656,#657,#658,#659,#660,#661,#662,#663,
#664,#665,#666,#667,#668,#669,#670,#671,#672));
#5272=EDGE_LOOP('',(#673,#674,#675,#676));
#5273=EDGE_LOOP('',(#677,#678,#679,#680));
#5274=EDGE_LOOP('',(#681,#682,#683,#684));
#5275=EDGE_LOOP('',(#685,#686,#687,#688));
#5276=EDGE_LOOP('',(#689,#690,#691,#692,#693,#694,#695,#696));
#5277=EDGE_LOOP('',(#697,#698,#699,#700));
#5278=EDGE_LOOP('',(#701,#702,#703,#704));
#5279=EDGE_LOOP('',(#705,#706,#707,#708));
#5280=EDGE_LOOP('',(#709,#710,#711,#712,#713,#714,#715,#716));
#5281=EDGE_LOOP('',(#717,#718,#719,#720));
#5282=EDGE_LOOP('',(#721,#722,#723,#724));
#5283=EDGE_LOOP('',(#725,#726));
#5284=EDGE_LOOP('',(#727,#728,#729,#730));
#5285=EDGE_LOOP('',(#731,#732,#733,#734));
#5286=EDGE_LOOP('',(#735,#736,#737,#738));
#5287=EDGE_LOOP('',(#739,#740,#741,#742));
#5288=EDGE_LOOP('',(#743,#744,#745,#746));
#5289=EDGE_LOOP('',(#747,#748,#749,#750));
#5290=EDGE_LOOP('',(#751,#752,#753,#754,#755,#756,#757,#758,#759,#760));
#5291=EDGE_LOOP('',(#761,#762,#763,#764));
#5292=EDGE_LOOP('',(#765,#766,#767,#768));
#5293=EDGE_LOOP('',(#769,#770,#771,#772));
#5294=EDGE_LOOP('',(#773,#774,#775,#776));
#5295=EDGE_LOOP('',(#777,#778,#779,#780));
#5296=EDGE_LOOP('',(#781,#782,#783,#784));
#5297=EDGE_LOOP('',(#785,#786,#787,#788));
#5298=EDGE_LOOP('',(#789,#790,#791,#792));
#5299=EDGE_LOOP('',(#793,#794,#795,#796));
#5300=EDGE_LOOP('',(#797,#798,#799,#800));
#5301=EDGE_LOOP('',(#801,#802,#803,#804));
#5302=EDGE_LOOP('',(#805,#806,#807,#808,#809,#810));
#5303=EDGE_LOOP('',(#811,#812,#813,#814,#815,#816,#817,#818));
#5304=EDGE_LOOP('',(#819,#820,#821,#822,#823,#824,#825,#826));
#5305=EDGE_LOOP('',(#827,#828,#829,#830,#831,#832));
#5306=EDGE_LOOP('',(#833,#834,#835,#836));
#5307=EDGE_LOOP('',(#837,#838,#839,#840));
#5308=EDGE_LOOP('',(#841,#842,#843,#844));
#5309=EDGE_LOOP('',(#845,#846,#847,#848));
#5310=EDGE_LOOP('',(#849,#850,#851,#852));
#5311=EDGE_LOOP('',(#853,#854,#855,#856));
#5312=EDGE_LOOP('',(#857,#858,#859,#860));
#5313=EDGE_LOOP('',(#861,#862,#863,#864));
#5314=EDGE_LOOP('',(#865,#866,#867,#868,#869,#870));
#5315=EDGE_LOOP('',(#871,#872,#873,#874));
#5316=EDGE_LOOP('',(#875,#876,#877,#878));
#5317=EDGE_LOOP('',(#879,#880,#881,#882));
#5318=EDGE_LOOP('',(#883,#884,#885,#886,#887,#888));
#5319=EDGE_LOOP('',(#889));
#5320=EDGE_LOOP('',(#890,#891,#892,#893,#894,#895,#896,#897));
#5321=EDGE_LOOP('',(#898,#899,#900));
#5322=EDGE_LOOP('',(#901,#902,#903,#904,#905));
#5323=EDGE_LOOP('',(#906,#907,#908,#909));
#5324=EDGE_LOOP('',(#910,#911,#912,#913));
#5325=EDGE_LOOP('',(#914,#915,#916,#917));
#5326=EDGE_LOOP('',(#918,#919,#920,#921));
#5327=EDGE_LOOP('',(#922));
#5328=EDGE_LOOP('',(#923));
#5329=EDGE_LOOP('',(#924,#925,#926,#927,#928,#929,#930,#931,#932,#933,#934,
#935,#936,#937,#938,#939,#940,#941,#942,#943));
#5330=EDGE_LOOP('',(#944,#945,#946));
#5331=EDGE_LOOP('',(#947,#948,#949,#950,#951));
#5332=EDGE_LOOP('',(#952,#953,#954,#955,#956,#957,#958,#959,#960,#961,#962,
#963));
#5333=EDGE_LOOP('',(#964));
#5334=EDGE_LOOP('',(#965));
#5335=EDGE_LOOP('',(#966));
#5336=EDGE_LOOP('',(#967));
#5337=EDGE_LOOP('',(#968));
#5338=EDGE_LOOP('',(#969));
#5339=EDGE_LOOP('',(#970,#971,#972,#973,#974,#975,#976,#977,#978,#979,#980,
#981,#982,#983,#984,#985));
#5340=EDGE_LOOP('',(#986));
#5341=EDGE_LOOP('',(#987));
#5342=EDGE_LOOP('',(#988));
#5343=EDGE_LOOP('',(#989));
#5344=EDGE_LOOP('',(#990));
#5345=EDGE_LOOP('',(#991));
#5346=EDGE_LOOP('',(#992,#993,#994,#995,#996,#997,#998,#999,#1000,#1001,
#1002,#1003,#1004,#1005,#1006,#1007));
#5347=EDGE_LOOP('',(#1008,#1009,#1010,#1011));
#5348=EDGE_LOOP('',(#1012,#1013,#1014,#1015));
#5349=EDGE_LOOP('',(#1016,#1017,#1018,#1019,#1020));
#5350=EDGE_LOOP('',(#1021,#1022,#1023,#1024,#1025));
#5351=EDGE_LOOP('',(#1026,#1027,#1028,#1029));
#5352=EDGE_LOOP('',(#1030,#1031,#1032,#1033,#1034));
#5353=EDGE_LOOP('',(#1035,#1036,#1037,#1038,#1039));
#5354=EDGE_LOOP('',(#1040,#1041,#1042,#1043));
#5355=EDGE_LOOP('',(#1044,#1045,#1046,#1047,#1048));
#5356=EDGE_LOOP('',(#1049,#1050,#1051,#1052,#1053));
#5357=EDGE_LOOP('',(#1054,#1055,#1056,#1057));
#5358=EDGE_LOOP('',(#1058,#1059,#1060,#1061));
#5359=EDGE_LOOP('',(#1062,#1063,#1064,#1065));
#5360=EDGE_LOOP('',(#1066,#1067,#1068,#1069));
#5361=EDGE_LOOP('',(#1070,#1071,#1072,#1073));
#5362=EDGE_LOOP('',(#1074,#1075,#1076,#1077,#1078,#1079,#1080,#1081));
#5363=EDGE_LOOP('',(#1082,#1083,#1084,#1085));
#5364=EDGE_LOOP('',(#1086,#1087,#1088,#1089,#1090,#1091,#1092,#1093,#1094,
#1095,#1096,#1097,#1098,#1099,#1100,#1101,#1102,#1103));
#5365=EDGE_LOOP('',(#1104));
#5366=EDGE_LOOP('',(#1105,#1106,#1107,#1108));
#5367=EDGE_LOOP('',(#1109,#1110,#1111,#1112,#1113,#1114,#1115));
#5368=EDGE_LOOP('',(#1116,#1117,#1118,#1119));
#5369=EDGE_LOOP('',(#1120,#1121,#1122,#1123));
#5370=EDGE_LOOP('',(#1124,#1125,#1126,#1127));
#5371=EDGE_LOOP('',(#1128,#1129,#1130,#1131));
#5372=EDGE_LOOP('',(#1132,#1133,#1134,#1135,#1136,#1137,#1138));
#5373=EDGE_LOOP('',(#1139,#1140,#1141,#1142));
#5374=EDGE_LOOP('',(#1143,#1144,#1145,#1146));
#5375=EDGE_LOOP('',(#1147,#1148,#1149,#1150,#1151,#1152,#1153,#1154,#1155,
#1156,#1157,#1158));
#5376=EDGE_LOOP('',(#1159,#1160,#1161,#1162));
#5377=EDGE_LOOP('',(#1163,#1164,#1165,#1166));
#5378=EDGE_LOOP('',(#1167,#1168,#1169,#1170));
#5379=EDGE_LOOP('',(#1171,#1172,#1173,#1174));
#5380=EDGE_LOOP('',(#1175,#1176,#1177,#1178,#1179,#1180,#1181,#1182,#1183));
#5381=EDGE_LOOP('',(#1184,#1185,#1186,#1187));
#5382=EDGE_LOOP('',(#1188,#1189,#1190,#1191,#1192,#1193));
#5383=EDGE_LOOP('',(#1194,#1195,#1196,#1197,#1198));
#5384=EDGE_LOOP('',(#1199,#1200,#1201,#1202));
#5385=EDGE_LOOP('',(#1203,#1204,#1205,#1206,#1207));
#5386=EDGE_LOOP('',(#1208,#1209,#1210,#1211,#1212,#1213));
#5387=EDGE_LOOP('',(#1214,#1215,#1216,#1217));
#5388=EDGE_LOOP('',(#1218,#1219,#1220,#1221,#1222));
#5389=EDGE_LOOP('',(#1223,#1224,#1225,#1226));
#5390=EDGE_LOOP('',(#1227,#1228,#1229,#1230,#1231,#1232));
#5391=EDGE_LOOP('',(#1233,#1234,#1235,#1236,#1237,#1238));
#5392=EDGE_LOOP('',(#1239,#1240,#1241,#1242));
#5393=EDGE_LOOP('',(#1243,#1244,#1245,#1246,#1247));
#5394=EDGE_LOOP('',(#1248,#1249,#1250,#1251));
#5395=EDGE_LOOP('',(#1252,#1253,#1254,#1255,#1256,#1257,#1258,#1259,#1260,
#1261,#1262,#1263,#1264,#1265,#1266));
#5396=EDGE_LOOP('',(#1267,#1268,#1269,#1270));
#5397=EDGE_LOOP('',(#1271,#1272,#1273,#1274));
#5398=EDGE_LOOP('',(#1275,#1276,#1277,#1278));
#5399=EDGE_LOOP('',(#1279,#1280));
#5400=EDGE_LOOP('',(#1281,#1282,#1283,#1284));
#5401=EDGE_LOOP('',(#1285,#1286,#1287,#1288));
#5402=EDGE_LOOP('',(#1289,#1290,#1291,#1292));
#5403=EDGE_LOOP('',(#1293,#1294,#1295,#1296));
#5404=EDGE_LOOP('',(#1297,#1298,#1299,#1300));
#5405=EDGE_LOOP('',(#1301,#1302,#1303,#1304));
#5406=EDGE_LOOP('',(#1305,#1306,#1307,#1308,#1309,#1310,#1311,#1312,#1313,
#1314));
#5407=EDGE_LOOP('',(#1315,#1316,#1317,#1318));
#5408=EDGE_LOOP('',(#1319,#1320,#1321,#1322));
#5409=EDGE_LOOP('',(#1323,#1324,#1325,#1326));
#5410=EDGE_LOOP('',(#1327,#1328,#1329,#1330));
#5411=EDGE_LOOP('',(#1331,#1332,#1333,#1334));
#5412=EDGE_LOOP('',(#1335,#1336,#1337,#1338,#1339));
#5413=EDGE_LOOP('',(#1340,#1341,#1342,#1343,#1344));
#5414=EDGE_LOOP('',(#1345,#1346,#1347,#1348));
#5415=EDGE_LOOP('',(#1349,#1350,#1351,#1352,#1353));
#5416=EDGE_LOOP('',(#1354,#1355,#1356,#1357,#1358));
#5417=EDGE_LOOP('',(#1359,#1360,#1361,#1362));
#5418=EDGE_LOOP('',(#1363,#1364,#1365,#1366,#1367));
#5419=EDGE_LOOP('',(#1368,#1369,#1370,#1371,#1372));
#5420=EDGE_LOOP('',(#1373,#1374,#1375,#1376));
#5421=EDGE_LOOP('',(#1377,#1378,#1379,#1380));
#5422=EDGE_LOOP('',(#1381,#1382,#1383,#1384));
#5423=EDGE_LOOP('',(#1385,#1386,#1387,#1388));
#5424=EDGE_LOOP('',(#1389,#1390,#1391,#1392));
#5425=EDGE_LOOP('',(#1393,#1394,#1395,#1396,#1397,#1398,#1399,#1400));
#5426=EDGE_LOOP('',(#1401,#1402,#1403,#1404));
#5427=EDGE_LOOP('',(#1405,#1406,#1407,#1408,#1409,#1410,#1411,#1412,#1413,
#1414,#1415,#1416,#1417,#1418,#1419,#1420,#1421,#1422));
#5428=EDGE_LOOP('',(#1423));
#5429=EDGE_LOOP('',(#1424,#1425,#1426,#1427));
#5430=EDGE_LOOP('',(#1428,#1429,#1430,#1431,#1432,#1433,#1434));
#5431=EDGE_LOOP('',(#1435,#1436,#1437,#1438));
#5432=EDGE_LOOP('',(#1439,#1440,#1441,#1442));
#5433=EDGE_LOOP('',(#1443,#1444,#1445,#1446));
#5434=EDGE_LOOP('',(#1447,#1448,#1449,#1450));
#5435=EDGE_LOOP('',(#1451,#1452,#1453,#1454,#1455,#1456,#1457));
#5436=EDGE_LOOP('',(#1458,#1459,#1460,#1461));
#5437=EDGE_LOOP('',(#1462,#1463,#1464,#1465));
#5438=EDGE_LOOP('',(#1466,#1467,#1468,#1469,#1470,#1471,#1472,#1473,#1474,
#1475,#1476,#1477));
#5439=EDGE_LOOP('',(#1478,#1479,#1480,#1481));
#5440=EDGE_LOOP('',(#1482,#1483,#1484,#1485));
#5441=EDGE_LOOP('',(#1486,#1487,#1488,#1489));
#5442=EDGE_LOOP('',(#1490,#1491,#1492,#1493));
#5443=EDGE_LOOP('',(#1494,#1495,#1496,#1497,#1498,#1499,#1500,#1501,#1502));
#5444=EDGE_LOOP('',(#1503,#1504,#1505,#1506));
#5445=EDGE_LOOP('',(#1507,#1508,#1509,#1510,#1511,#1512));
#5446=EDGE_LOOP('',(#1513,#1514,#1515,#1516,#1517));
#5447=EDGE_LOOP('',(#1518,#1519,#1520,#1521));
#5448=EDGE_LOOP('',(#1522,#1523,#1524,#1525,#1526));
#5449=EDGE_LOOP('',(#1527,#1528,#1529,#1530,#1531,#1532));
#5450=EDGE_LOOP('',(#1533,#1534,#1535,#1536));
#5451=EDGE_LOOP('',(#1537,#1538,#1539,#1540,#1541));
#5452=EDGE_LOOP('',(#1542,#1543,#1544,#1545));
#5453=EDGE_LOOP('',(#1546,#1547,#1548,#1549,#1550,#1551));
#5454=EDGE_LOOP('',(#1552,#1553,#1554,#1555,#1556,#1557));
#5455=EDGE_LOOP('',(#1558,#1559,#1560,#1561));
#5456=EDGE_LOOP('',(#1562,#1563,#1564,#1565,#1566));
#5457=EDGE_LOOP('',(#1567,#1568,#1569,#1570));
#5458=EDGE_LOOP('',(#1571,#1572,#1573,#1574,#1575,#1576,#1577,#1578,#1579,
#1580,#1581,#1582,#1583,#1584,#1585));
#5459=EDGE_LOOP('',(#1586,#1587,#1588,#1589));
#5460=EDGE_LOOP('',(#1590,#1591,#1592,#1593));
#5461=EDGE_LOOP('',(#1594,#1595,#1596,#1597,#1598,#1599,#1600,#1601,#1602,
#1603,#1604,#1605,#1606,#1607,#1608));
#5462=EDGE_LOOP('',(#1609,#1610,#1611,#1612));
#5463=EDGE_LOOP('',(#1613,#1614,#1615,#1616,#1617));
#5464=EDGE_LOOP('',(#1618,#1619,#1620,#1621));
#5465=EDGE_LOOP('',(#1622,#1623,#1624,#1625,#1626,#1627));
#5466=EDGE_LOOP('',(#1628,#1629,#1630,#1631,#1632,#1633));
#5467=EDGE_LOOP('',(#1634,#1635,#1636,#1637));
#5468=EDGE_LOOP('',(#1638,#1639,#1640,#1641,#1642));
#5469=EDGE_LOOP('',(#1643,#1644,#1645,#1646));
#5470=EDGE_LOOP('',(#1647,#1648,#1649,#1650,#1651,#1652));
#5471=EDGE_LOOP('',(#1653,#1654,#1655,#1656,#1657));
#5472=EDGE_LOOP('',(#1658,#1659,#1660,#1661));
#5473=EDGE_LOOP('',(#1662,#1663,#1664,#1665,#1666));
#5474=EDGE_LOOP('',(#1667,#1668,#1669,#1670,#1671,#1672));
#5475=EDGE_LOOP('',(#1673,#1674,#1675,#1676));
#5476=EDGE_LOOP('',(#1677,#1678,#1679,#1680,#1681,#1682,#1683,#1684,#1685));
#5477=EDGE_LOOP('',(#1686,#1687,#1688,#1689));
#5478=EDGE_LOOP('',(#1690,#1691,#1692,#1693));
#5479=EDGE_LOOP('',(#1694,#1695,#1696,#1697));
#5480=EDGE_LOOP('',(#1698,#1699,#1700,#1701));
#5481=EDGE_LOOP('',(#1702,#1703,#1704,#1705,#1706,#1707,#1708,#1709,#1710,
#1711,#1712,#1713));
#5482=EDGE_LOOP('',(#1714,#1715,#1716,#1717));
#5483=EDGE_LOOP('',(#1718,#1719,#1720,#1721));
#5484=EDGE_LOOP('',(#1722,#1723,#1724,#1725,#1726,#1727,#1728));
#5485=EDGE_LOOP('',(#1729,#1730,#1731,#1732));
#5486=EDGE_LOOP('',(#1733,#1734,#1735,#1736));
#5487=EDGE_LOOP('',(#1737,#1738,#1739,#1740));
#5488=EDGE_LOOP('',(#1741,#1742,#1743,#1744));
#5489=EDGE_LOOP('',(#1745,#1746,#1747,#1748,#1749,#1750,#1751));
#5490=EDGE_LOOP('',(#1752,#1753,#1754,#1755));
#5491=EDGE_LOOP('',(#1756,#1757,#1758,#1759,#1760,#1761,#1762,#1763,#1764,
#1765,#1766,#1767,#1768,#1769,#1770,#1771,#1772,#1773));
#5492=EDGE_LOOP('',(#1774));
#5493=EDGE_LOOP('',(#1775,#1776,#1777,#1778));
#5494=EDGE_LOOP('',(#1779,#1780,#1781,#1782,#1783,#1784,#1785,#1786));
#5495=EDGE_LOOP('',(#1787,#1788,#1789,#1790));
#5496=EDGE_LOOP('',(#1791,#1792,#1793,#1794));
#5497=EDGE_LOOP('',(#1795,#1796,#1797,#1798));
#5498=EDGE_LOOP('',(#1799,#1800,#1801,#1802));
#5499=EDGE_LOOP('',(#1803,#1804,#1805,#1806));
#5500=EDGE_LOOP('',(#1807,#1808,#1809,#1810,#1811));
#5501=EDGE_LOOP('',(#1812,#1813,#1814,#1815,#1816));
#5502=EDGE_LOOP('',(#1817,#1818,#1819,#1820));
#5503=EDGE_LOOP('',(#1821,#1822,#1823,#1824,#1825));
#5504=EDGE_LOOP('',(#1826,#1827,#1828,#1829,#1830));
#5505=EDGE_LOOP('',(#1831,#1832,#1833,#1834));
#5506=EDGE_LOOP('',(#1835,#1836,#1837,#1838,#1839));
#5507=EDGE_LOOP('',(#1840,#1841,#1842,#1843,#1844));
#5508=EDGE_LOOP('',(#1845,#1846,#1847,#1848));
#5509=EDGE_LOOP('',(#1849,#1850,#1851,#1852));
#5510=EDGE_LOOP('',(#1853,#1854,#1855,#1856));
#5511=EDGE_LOOP('',(#1857,#1858,#1859,#1860));
#5512=EDGE_LOOP('',(#1861,#1862,#1863,#1864));
#5513=EDGE_LOOP('',(#1865,#1866,#1867,#1868,#1869,#1870,#1871,#1872,#1873,
#1874));
#5514=EDGE_LOOP('',(#1875,#1876,#1877,#1878));
#5515=EDGE_LOOP('',(#1879,#1880,#1881,#1882));
#5516=EDGE_LOOP('',(#1883,#1884,#1885,#1886));
#5517=EDGE_LOOP('',(#1887,#1888,#1889,#1890));
#5518=EDGE_LOOP('',(#1891,#1892,#1893,#1894));
#5519=EDGE_LOOP('',(#1895,#1896,#1897,#1898));
#5520=EDGE_LOOP('',(#1899,#1900));
#5521=EDGE_LOOP('',(#1901,#1902,#1903,#1904));
#5522=EDGE_LOOP('',(#1905,#1906,#1907,#1908));
#5523=EDGE_LOOP('',(#1909,#1910,#1911,#1912));
#5524=EDGE_LOOP('',(#1913,#1914,#1915,#1916));
#5525=EDGE_LOOP('',(#1917,#1918));
#5526=EDGE_LOOP('',(#1919,#1920,#1921,#1922));
#5527=EDGE_LOOP('',(#1923,#1924,#1925,#1926));
#5528=EDGE_LOOP('',(#1927,#1928,#1929,#1930));
#5529=EDGE_LOOP('',(#1931,#1932,#1933,#1934));
#5530=EDGE_LOOP('',(#1935,#1936,#1937,#1938));
#5531=EDGE_LOOP('',(#1939,#1940,#1941,#1942));
#5532=EDGE_LOOP('',(#1943,#1944,#1945,#1946,#1947,#1948,#1949,#1950,#1951,
#1952));
#5533=EDGE_LOOP('',(#1953,#1954,#1955,#1956));
#5534=EDGE_LOOP('',(#1957,#1958,#1959,#1960));
#5535=EDGE_LOOP('',(#1961,#1962,#1963,#1964));
#5536=EDGE_LOOP('',(#1965,#1966,#1967,#1968));
#5537=EDGE_LOOP('',(#1969,#1970,#1971,#1972));
#5538=EDGE_LOOP('',(#1973,#1974,#1975,#1976,#1977));
#5539=EDGE_LOOP('',(#1978,#1979,#1980,#1981,#1982));
#5540=EDGE_LOOP('',(#1983,#1984,#1985,#1986));
#5541=EDGE_LOOP('',(#1987,#1988,#1989,#1990,#1991));
#5542=EDGE_LOOP('',(#1992,#1993,#1994,#1995,#1996));
#5543=EDGE_LOOP('',(#1997,#1998,#1999,#2000));
#5544=EDGE_LOOP('',(#2001,#2002,#2003,#2004,#2005));
#5545=EDGE_LOOP('',(#2006,#2007,#2008,#2009,#2010));
#5546=EDGE_LOOP('',(#2011,#2012,#2013,#2014));
#5547=EDGE_LOOP('',(#2015,#2016,#2017,#2018));
#5548=EDGE_LOOP('',(#2019,#2020,#2021,#2022));
#5549=EDGE_LOOP('',(#2023,#2024,#2025,#2026));
#5550=EDGE_LOOP('',(#2027,#2028,#2029,#2030));
#5551=EDGE_LOOP('',(#2031,#2032,#2033,#2034,#2035,#2036,#2037,#2038));
#5552=EDGE_LOOP('',(#2039,#2040,#2041,#2042));
#5553=EDGE_LOOP('',(#2043,#2044,#2045,#2046,#2047,#2048,#2049,#2050,#2051,
#2052,#2053,#2054,#2055,#2056,#2057,#2058,#2059,#2060));
#5554=EDGE_LOOP('',(#2061));
#5555=EDGE_LOOP('',(#2062,#2063,#2064,#2065));
#5556=EDGE_LOOP('',(#2066,#2067,#2068,#2069,#2070,#2071,#2072));
#5557=EDGE_LOOP('',(#2073,#2074,#2075,#2076));
#5558=EDGE_LOOP('',(#2077,#2078,#2079,#2080));
#5559=EDGE_LOOP('',(#2081,#2082,#2083,#2084));
#5560=EDGE_LOOP('',(#2085,#2086,#2087,#2088));
#5561=EDGE_LOOP('',(#2089,#2090,#2091,#2092,#2093,#2094,#2095));
#5562=EDGE_LOOP('',(#2096,#2097,#2098,#2099));
#5563=EDGE_LOOP('',(#2100,#2101,#2102,#2103));
#5564=EDGE_LOOP('',(#2104,#2105,#2106,#2107,#2108,#2109,#2110,#2111,#2112,
#2113,#2114,#2115));
#5565=EDGE_LOOP('',(#2116,#2117,#2118,#2119));
#5566=EDGE_LOOP('',(#2120,#2121,#2122,#2123));
#5567=EDGE_LOOP('',(#2124,#2125,#2126,#2127));
#5568=EDGE_LOOP('',(#2128,#2129,#2130,#2131));
#5569=EDGE_LOOP('',(#2132,#2133,#2134,#2135,#2136,#2137,#2138,#2139,#2140));
#5570=EDGE_LOOP('',(#2141,#2142,#2143,#2144));
#5571=EDGE_LOOP('',(#2145,#2146,#2147,#2148,#2149,#2150));
#5572=EDGE_LOOP('',(#2151,#2152,#2153,#2154,#2155));
#5573=EDGE_LOOP('',(#2156,#2157,#2158,#2159));
#5574=EDGE_LOOP('',(#2160,#2161,#2162,#2163,#2164));
#5575=EDGE_LOOP('',(#2165,#2166,#2167,#2168,#2169,#2170));
#5576=EDGE_LOOP('',(#2171,#2172,#2173,#2174));
#5577=EDGE_LOOP('',(#2175,#2176,#2177,#2178,#2179));
#5578=EDGE_LOOP('',(#2180,#2181,#2182,#2183));
#5579=EDGE_LOOP('',(#2184,#2185,#2186,#2187,#2188,#2189));
#5580=EDGE_LOOP('',(#2190,#2191,#2192,#2193,#2194,#2195));
#5581=EDGE_LOOP('',(#2196,#2197,#2198,#2199));
#5582=EDGE_LOOP('',(#2200,#2201,#2202,#2203,#2204));
#5583=EDGE_LOOP('',(#2205,#2206,#2207,#2208));
#5584=EDGE_LOOP('',(#2209,#2210,#2211,#2212,#2213,#2214,#2215,#2216,#2217,
#2218,#2219,#2220,#2221,#2222,#2223));
#5585=EDGE_LOOP('',(#2224,#2225,#2226,#2227));
#5586=EDGE_LOOP('',(#2228,#2229,#2230,#2231));
#5587=EDGE_LOOP('',(#2232,#2233,#2234,#2235,#2236,#2237));
#5588=EDGE_LOOP('',(#2238,#2239,#2240,#2241,#2242,#2243));
#5589=EDGE_LOOP('',(#2244,#2245,#2246,#2247));
#5590=EDGE_LOOP('',(#2248,#2249,#2250,#2251,#2252,#2253));
#5591=EDGE_LOOP('',(#2254,#2255,#2256,#2257,#2258,#2259));
#5592=EDGE_LOOP('',(#2260,#2261,#2262,#2263));
#5593=EDGE_LOOP('',(#2264,#2265,#2266,#2267,#2268,#2269));
#5594=EDGE_LOOP('',(#2270,#2271,#2272,#2273,#2274,#2275));
#5595=EDGE_LOOP('',(#2276,#2277,#2278,#2279));
#5596=EDGE_LOOP('',(#2280,#2281,#2282,#2283,#2284,#2285));
#5597=EDGE_LOOP('',(#2286,#2287,#2288,#2289,#2290,#2291));
#5598=EDGE_LOOP('',(#2292));
#5599=EDGE_LOOP('',(#2293));
#5600=EDGE_LOOP('',(#2294));
#5601=EDGE_LOOP('',(#2295));
#5602=EDGE_LOOP('',(#2296));
#5603=EDGE_LOOP('',(#2297));
#5604=EDGE_LOOP('',(#2298));
#5605=EDGE_LOOP('',(#2299));
#5606=EDGE_LOOP('',(#2300));
#5607=EDGE_LOOP('',(#2301));
#5608=EDGE_LOOP('',(#2302));
#5609=EDGE_LOOP('',(#2303));
#5610=EDGE_LOOP('',(#2304));
#5611=EDGE_LOOP('',(#2305));
#5612=EDGE_LOOP('',(#2306));
#5613=EDGE_LOOP('',(#2307));
#5614=FACE_BOUND('',#5220,.T.);
#5615=FACE_BOUND('',#5221,.T.);
#5616=FACE_BOUND('',#5222,.T.);
#5617=FACE_BOUND('',#5223,.T.);
#5618=FACE_BOUND('',#5224,.T.);
#5619=FACE_BOUND('',#5225,.T.);
#5620=FACE_BOUND('',#5226,.T.);
#5621=FACE_BOUND('',#5227,.T.);
#5622=FACE_BOUND('',#5228,.T.);
#5623=FACE_BOUND('',#5229,.T.);
#5624=FACE_BOUND('',#5230,.T.);
#5625=FACE_BOUND('',#5231,.T.);
#5626=FACE_BOUND('',#5232,.T.);
#5627=FACE_BOUND('',#5233,.T.);
#5628=FACE_BOUND('',#5234,.T.);
#5629=FACE_BOUND('',#5235,.T.);
#5630=FACE_BOUND('',#5236,.T.);
#5631=FACE_BOUND('',#5237,.T.);
#5632=FACE_BOUND('',#5238,.T.);
#5633=FACE_BOUND('',#5239,.T.);
#5634=FACE_BOUND('',#5240,.T.);
#5635=FACE_BOUND('',#5241,.T.);
#5636=FACE_BOUND('',#5242,.T.);
#5637=FACE_BOUND('',#5243,.T.);
#5638=FACE_BOUND('',#5244,.T.);
#5639=FACE_BOUND('',#5245,.T.);
#5640=FACE_BOUND('',#5246,.T.);
#5641=FACE_BOUND('',#5247,.T.);
#5642=FACE_BOUND('',#5248,.T.);
#5643=FACE_BOUND('',#5249,.T.);
#5644=FACE_BOUND('',#5250,.T.);
#5645=FACE_BOUND('',#5251,.T.);
#5646=FACE_BOUND('',#5252,.T.);
#5647=FACE_BOUND('',#5253,.T.);
#5648=FACE_BOUND('',#5254,.T.);
#5649=FACE_BOUND('',#5255,.T.);
#5650=FACE_BOUND('',#5256,.T.);
#5651=FACE_BOUND('',#5257,.T.);
#5652=FACE_BOUND('',#5258,.T.);
#5653=FACE_BOUND('',#5259,.T.);
#5654=FACE_BOUND('',#5260,.T.);
#5655=FACE_BOUND('',#5261,.T.);
#5656=FACE_BOUND('',#5262,.T.);
#5657=FACE_BOUND('',#5263,.T.);
#5658=FACE_BOUND('',#5264,.T.);
#5659=FACE_BOUND('',#5265,.T.);
#5660=FACE_BOUND('',#5266,.T.);
#5661=FACE_BOUND('',#5267,.T.);
#5662=FACE_BOUND('',#5268,.T.);
#5663=FACE_BOUND('',#5269,.T.);
#5664=FACE_BOUND('',#5270,.T.);
#5665=FACE_BOUND('',#5271,.T.);
#5666=FACE_BOUND('',#5272,.T.);
#5667=FACE_BOUND('',#5273,.T.);
#5668=FACE_BOUND('',#5274,.T.);
#5669=FACE_BOUND('',#5275,.T.);
#5670=FACE_BOUND('',#5276,.T.);
#5671=FACE_BOUND('',#5277,.T.);
#5672=FACE_BOUND('',#5278,.T.);
#5673=FACE_BOUND('',#5279,.T.);
#5674=FACE_BOUND('',#5280,.T.);
#5675=FACE_BOUND('',#5281,.T.);
#5676=FACE_BOUND('',#5282,.T.);
#5677=FACE_BOUND('',#5283,.T.);
#5678=FACE_BOUND('',#5284,.T.);
#5679=FACE_BOUND('',#5285,.T.);
#5680=FACE_BOUND('',#5286,.T.);
#5681=FACE_BOUND('',#5287,.T.);
#5682=FACE_BOUND('',#5288,.T.);
#5683=FACE_BOUND('',#5289,.T.);
#5684=FACE_BOUND('',#5290,.T.);
#5685=FACE_BOUND('',#5291,.T.);
#5686=FACE_BOUND('',#5292,.T.);
#5687=FACE_BOUND('',#5293,.T.);
#5688=FACE_BOUND('',#5294,.T.);
#5689=FACE_BOUND('',#5295,.T.);
#5690=FACE_BOUND('',#5296,.T.);
#5691=FACE_BOUND('',#5297,.T.);
#5692=FACE_BOUND('',#5298,.T.);
#5693=FACE_BOUND('',#5299,.T.);
#5694=FACE_BOUND('',#5300,.T.);
#5695=FACE_BOUND('',#5301,.T.);
#5696=FACE_BOUND('',#5302,.T.);
#5697=FACE_BOUND('',#5303,.T.);
#5698=FACE_BOUND('',#5304,.T.);
#5699=FACE_BOUND('',#5305,.T.);
#5700=FACE_BOUND('',#5306,.T.);
#5701=FACE_BOUND('',#5307,.T.);
#5702=FACE_BOUND('',#5308,.T.);
#5703=FACE_BOUND('',#5309,.T.);
#5704=FACE_BOUND('',#5310,.T.);
#5705=FACE_BOUND('',#5311,.T.);
#5706=FACE_BOUND('',#5312,.T.);
#5707=FACE_BOUND('',#5313,.T.);
#5708=FACE_BOUND('',#5314,.T.);
#5709=FACE_BOUND('',#5315,.T.);
#5710=FACE_BOUND('',#5316,.T.);
#5711=FACE_BOUND('',#5317,.T.);
#5712=FACE_BOUND('',#5318,.T.);
#5713=FACE_BOUND('',#5319,.T.);
#5714=FACE_BOUND('',#5320,.T.);
#5715=FACE_BOUND('',#5321,.T.);
#5716=FACE_BOUND('',#5322,.T.);
#5717=FACE_BOUND('',#5323,.T.);
#5718=FACE_BOUND('',#5324,.T.);
#5719=FACE_BOUND('',#5325,.T.);
#5720=FACE_BOUND('',#5326,.T.);
#5721=FACE_BOUND('',#5327,.T.);
#5722=FACE_BOUND('',#5328,.T.);
#5723=FACE_BOUND('',#5329,.T.);
#5724=FACE_BOUND('',#5330,.T.);
#5725=FACE_BOUND('',#5331,.T.);
#5726=FACE_BOUND('',#5332,.T.);
#5727=FACE_BOUND('',#5333,.T.);
#5728=FACE_BOUND('',#5334,.T.);
#5729=FACE_BOUND('',#5335,.T.);
#5730=FACE_BOUND('',#5336,.T.);
#5731=FACE_BOUND('',#5337,.T.);
#5732=FACE_BOUND('',#5338,.T.);
#5733=FACE_BOUND('',#5339,.T.);
#5734=FACE_BOUND('',#5340,.T.);
#5735=FACE_BOUND('',#5341,.T.);
#5736=FACE_BOUND('',#5342,.T.);
#5737=FACE_BOUND('',#5343,.T.);
#5738=FACE_BOUND('',#5344,.T.);
#5739=FACE_BOUND('',#5345,.T.);
#5740=FACE_BOUND('',#5346,.T.);
#5741=FACE_BOUND('',#5347,.T.);
#5742=FACE_BOUND('',#5348,.T.);
#5743=FACE_BOUND('',#5349,.T.);
#5744=FACE_BOUND('',#5350,.T.);
#5745=FACE_BOUND('',#5351,.T.);
#5746=FACE_BOUND('',#5352,.T.);
#5747=FACE_BOUND('',#5353,.T.);
#5748=FACE_BOUND('',#5354,.T.);
#5749=FACE_BOUND('',#5355,.T.);
#5750=FACE_BOUND('',#5356,.T.);
#5751=FACE_BOUND('',#5357,.T.);
#5752=FACE_BOUND('',#5358,.T.);
#5753=FACE_BOUND('',#5359,.T.);
#5754=FACE_BOUND('',#5360,.T.);
#5755=FACE_BOUND('',#5361,.T.);
#5756=FACE_BOUND('',#5362,.T.);
#5757=FACE_BOUND('',#5363,.T.);
#5758=FACE_BOUND('',#5364,.T.);
#5759=FACE_BOUND('',#5365,.T.);
#5760=FACE_BOUND('',#5366,.T.);
#5761=FACE_BOUND('',#5367,.T.);
#5762=FACE_BOUND('',#5368,.T.);
#5763=FACE_BOUND('',#5369,.T.);
#5764=FACE_BOUND('',#5370,.T.);
#5765=FACE_BOUND('',#5371,.T.);
#5766=FACE_BOUND('',#5372,.T.);
#5767=FACE_BOUND('',#5373,.T.);
#5768=FACE_BOUND('',#5374,.T.);
#5769=FACE_BOUND('',#5375,.T.);
#5770=FACE_BOUND('',#5376,.T.);
#5771=FACE_BOUND('',#5377,.T.);
#5772=FACE_BOUND('',#5378,.T.);
#5773=FACE_BOUND('',#5379,.T.);
#5774=FACE_BOUND('',#5380,.T.);
#5775=FACE_BOUND('',#5381,.T.);
#5776=FACE_BOUND('',#5382,.T.);
#5777=FACE_BOUND('',#5383,.T.);
#5778=FACE_BOUND('',#5384,.T.);
#5779=FACE_BOUND('',#5385,.T.);
#5780=FACE_BOUND('',#5386,.T.);
#5781=FACE_BOUND('',#5387,.T.);
#5782=FACE_BOUND('',#5388,.T.);
#5783=FACE_BOUND('',#5389,.T.);
#5784=FACE_BOUND('',#5390,.T.);
#5785=FACE_BOUND('',#5391,.T.);
#5786=FACE_BOUND('',#5392,.T.);
#5787=FACE_BOUND('',#5393,.T.);
#5788=FACE_BOUND('',#5394,.T.);
#5789=FACE_BOUND('',#5395,.T.);
#5790=FACE_BOUND('',#5396,.T.);
#5791=FACE_BOUND('',#5397,.T.);
#5792=FACE_BOUND('',#5398,.T.);
#5793=FACE_BOUND('',#5399,.T.);
#5794=FACE_BOUND('',#5400,.T.);
#5795=FACE_BOUND('',#5401,.T.);
#5796=FACE_BOUND('',#5402,.T.);
#5797=FACE_BOUND('',#5403,.T.);
#5798=FACE_BOUND('',#5404,.T.);
#5799=FACE_BOUND('',#5405,.T.);
#5800=FACE_BOUND('',#5406,.T.);
#5801=FACE_BOUND('',#5407,.T.);
#5802=FACE_BOUND('',#5408,.T.);
#5803=FACE_BOUND('',#5409,.T.);
#5804=FACE_BOUND('',#5410,.T.);
#5805=FACE_BOUND('',#5411,.T.);
#5806=FACE_BOUND('',#5412,.T.);
#5807=FACE_BOUND('',#5413,.T.);
#5808=FACE_BOUND('',#5414,.T.);
#5809=FACE_BOUND('',#5415,.T.);
#5810=FACE_BOUND('',#5416,.T.);
#5811=FACE_BOUND('',#5417,.T.);
#5812=FACE_BOUND('',#5418,.T.);
#5813=FACE_BOUND('',#5419,.T.);
#5814=FACE_BOUND('',#5420,.T.);
#5815=FACE_BOUND('',#5421,.T.);
#5816=FACE_BOUND('',#5422,.T.);
#5817=FACE_BOUND('',#5423,.T.);
#5818=FACE_BOUND('',#5424,.T.);
#5819=FACE_BOUND('',#5425,.T.);
#5820=FACE_BOUND('',#5426,.T.);
#5821=FACE_BOUND('',#5427,.T.);
#5822=FACE_BOUND('',#5428,.T.);
#5823=FACE_BOUND('',#5429,.T.);
#5824=FACE_BOUND('',#5430,.T.);
#5825=FACE_BOUND('',#5431,.T.);
#5826=FACE_BOUND('',#5432,.T.);
#5827=FACE_BOUND('',#5433,.T.);
#5828=FACE_BOUND('',#5434,.T.);
#5829=FACE_BOUND('',#5435,.T.);
#5830=FACE_BOUND('',#5436,.T.);
#5831=FACE_BOUND('',#5437,.T.);
#5832=FACE_BOUND('',#5438,.T.);
#5833=FACE_BOUND('',#5439,.T.);
#5834=FACE_BOUND('',#5440,.T.);
#5835=FACE_BOUND('',#5441,.T.);
#5836=FACE_BOUND('',#5442,.T.);
#5837=FACE_BOUND('',#5443,.T.);
#5838=FACE_BOUND('',#5444,.T.);
#5839=FACE_BOUND('',#5445,.T.);
#5840=FACE_BOUND('',#5446,.T.);
#5841=FACE_BOUND('',#5447,.T.);
#5842=FACE_BOUND('',#5448,.T.);
#5843=FACE_BOUND('',#5449,.T.);
#5844=FACE_BOUND('',#5450,.T.);
#5845=FACE_BOUND('',#5451,.T.);
#5846=FACE_BOUND('',#5452,.T.);
#5847=FACE_BOUND('',#5453,.T.);
#5848=FACE_BOUND('',#5454,.T.);
#5849=FACE_BOUND('',#5455,.T.);
#5850=FACE_BOUND('',#5456,.T.);
#5851=FACE_BOUND('',#5457,.T.);
#5852=FACE_BOUND('',#5458,.T.);
#5853=FACE_BOUND('',#5459,.T.);
#5854=FACE_BOUND('',#5460,.T.);
#5855=FACE_BOUND('',#5461,.T.);
#5856=FACE_BOUND('',#5462,.T.);
#5857=FACE_BOUND('',#5463,.T.);
#5858=FACE_BOUND('',#5464,.T.);
#5859=FACE_BOUND('',#5465,.T.);
#5860=FACE_BOUND('',#5466,.T.);
#5861=FACE_BOUND('',#5467,.T.);
#5862=FACE_BOUND('',#5468,.T.);
#5863=FACE_BOUND('',#5469,.T.);
#5864=FACE_BOUND('',#5470,.T.);
#5865=FACE_BOUND('',#5471,.T.);
#5866=FACE_BOUND('',#5472,.T.);
#5867=FACE_BOUND('',#5473,.T.);
#5868=FACE_BOUND('',#5474,.T.);
#5869=FACE_BOUND('',#5475,.T.);
#5870=FACE_BOUND('',#5476,.T.);
#5871=FACE_BOUND('',#5477,.T.);
#5872=FACE_BOUND('',#5478,.T.);
#5873=FACE_BOUND('',#5479,.T.);
#5874=FACE_BOUND('',#5480,.T.);
#5875=FACE_BOUND('',#5481,.T.);
#5876=FACE_BOUND('',#5482,.T.);
#5877=FACE_BOUND('',#5483,.T.);
#5878=FACE_BOUND('',#5484,.T.);
#5879=FACE_BOUND('',#5485,.T.);
#5880=FACE_BOUND('',#5486,.T.);
#5881=FACE_BOUND('',#5487,.T.);
#5882=FACE_BOUND('',#5488,.T.);
#5883=FACE_BOUND('',#5489,.T.);
#5884=FACE_BOUND('',#5490,.T.);
#5885=FACE_BOUND('',#5491,.T.);
#5886=FACE_BOUND('',#5492,.T.);
#5887=FACE_BOUND('',#5493,.T.);
#5888=FACE_BOUND('',#5494,.T.);
#5889=FACE_BOUND('',#5495,.T.);
#5890=FACE_BOUND('',#5496,.T.);
#5891=FACE_BOUND('',#5497,.T.);
#5892=FACE_BOUND('',#5498,.T.);
#5893=FACE_BOUND('',#5499,.T.);
#5894=FACE_BOUND('',#5500,.T.);
#5895=FACE_BOUND('',#5501,.T.);
#5896=FACE_BOUND('',#5502,.T.);
#5897=FACE_BOUND('',#5503,.T.);
#5898=FACE_BOUND('',#5504,.T.);
#5899=FACE_BOUND('',#5505,.T.);
#5900=FACE_BOUND('',#5506,.T.);
#5901=FACE_BOUND('',#5507,.T.);
#5902=FACE_BOUND('',#5508,.T.);
#5903=FACE_BOUND('',#5509,.T.);
#5904=FACE_BOUND('',#5510,.T.);
#5905=FACE_BOUND('',#5511,.T.);
#5906=FACE_BOUND('',#5512,.T.);
#5907=FACE_BOUND('',#5513,.T.);
#5908=FACE_BOUND('',#5514,.T.);
#5909=FACE_BOUND('',#5515,.T.);
#5910=FACE_BOUND('',#5516,.T.);
#5911=FACE_BOUND('',#5517,.T.);
#5912=FACE_BOUND('',#5518,.T.);
#5913=FACE_BOUND('',#5519,.T.);
#5914=FACE_BOUND('',#5520,.T.);
#5915=FACE_BOUND('',#5521,.T.);
#5916=FACE_BOUND('',#5522,.T.);
#5917=FACE_BOUND('',#5523,.T.);
#5918=FACE_BOUND('',#5524,.T.);
#5919=FACE_BOUND('',#5525,.T.);
#5920=FACE_BOUND('',#5526,.T.);
#5921=FACE_BOUND('',#5527,.T.);
#5922=FACE_BOUND('',#5528,.T.);
#5923=FACE_BOUND('',#5529,.T.);
#5924=FACE_BOUND('',#5530,.T.);
#5925=FACE_BOUND('',#5531,.T.);
#5926=FACE_BOUND('',#5532,.T.);
#5927=FACE_BOUND('',#5533,.T.);
#5928=FACE_BOUND('',#5534,.T.);
#5929=FACE_BOUND('',#5535,.T.);
#5930=FACE_BOUND('',#5536,.T.);
#5931=FACE_BOUND('',#5537,.T.);
#5932=FACE_BOUND('',#5538,.T.);
#5933=FACE_BOUND('',#5539,.T.);
#5934=FACE_BOUND('',#5540,.T.);
#5935=FACE_BOUND('',#5541,.T.);
#5936=FACE_BOUND('',#5542,.T.);
#5937=FACE_BOUND('',#5543,.T.);
#5938=FACE_BOUND('',#5544,.T.);
#5939=FACE_BOUND('',#5545,.T.);
#5940=FACE_BOUND('',#5546,.T.);
#5941=FACE_BOUND('',#5547,.T.);
#5942=FACE_BOUND('',#5548,.T.);
#5943=FACE_BOUND('',#5549,.T.);
#5944=FACE_BOUND('',#5550,.T.);
#5945=FACE_BOUND('',#5551,.T.);
#5946=FACE_BOUND('',#5552,.T.);
#5947=FACE_BOUND('',#5553,.T.);
#5948=FACE_BOUND('',#5554,.T.);
#5949=FACE_BOUND('',#5555,.T.);
#5950=FACE_BOUND('',#5556,.T.);
#5951=FACE_BOUND('',#5557,.T.);
#5952=FACE_BOUND('',#5558,.T.);
#5953=FACE_BOUND('',#5559,.T.);
#5954=FACE_BOUND('',#5560,.T.);
#5955=FACE_BOUND('',#5561,.T.);
#5956=FACE_BOUND('',#5562,.T.);
#5957=FACE_BOUND('',#5563,.T.);
#5958=FACE_BOUND('',#5564,.T.);
#5959=FACE_BOUND('',#5565,.T.);
#5960=FACE_BOUND('',#5566,.T.);
#5961=FACE_BOUND('',#5567,.T.);
#5962=FACE_BOUND('',#5568,.T.);
#5963=FACE_BOUND('',#5569,.T.);
#5964=FACE_BOUND('',#5570,.T.);
#5965=FACE_BOUND('',#5571,.T.);
#5966=FACE_BOUND('',#5572,.T.);
#5967=FACE_BOUND('',#5573,.T.);
#5968=FACE_BOUND('',#5574,.T.);
#5969=FACE_BOUND('',#5575,.T.);
#5970=FACE_BOUND('',#5576,.T.);
#5971=FACE_BOUND('',#5577,.T.);
#5972=FACE_BOUND('',#5578,.T.);
#5973=FACE_BOUND('',#5579,.T.);
#5974=FACE_BOUND('',#5580,.T.);
#5975=FACE_BOUND('',#5581,.T.);
#5976=FACE_BOUND('',#5582,.T.);
#5977=FACE_BOUND('',#5583,.T.);
#5978=FACE_BOUND('',#5584,.T.);
#5979=FACE_BOUND('',#5585,.T.);
#5980=FACE_BOUND('',#5586,.T.);
#5981=FACE_BOUND('',#5587,.T.);
#5982=FACE_BOUND('',#5588,.T.);
#5983=FACE_BOUND('',#5589,.T.);
#5984=FACE_BOUND('',#5590,.T.);
#5985=FACE_BOUND('',#5591,.T.);
#5986=FACE_BOUND('',#5592,.T.);
#5987=FACE_BOUND('',#5593,.T.);
#5988=FACE_BOUND('',#5594,.T.);
#5989=FACE_BOUND('',#5595,.T.);
#5990=FACE_BOUND('',#5596,.T.);
#5991=FACE_BOUND('',#5597,.T.);
#5992=FACE_BOUND('',#5598,.T.);
#5993=FACE_BOUND('',#5599,.T.);
#5994=FACE_BOUND('',#5600,.T.);
#5995=FACE_BOUND('',#5601,.T.);
#5996=FACE_BOUND('',#5602,.T.);
#5997=FACE_BOUND('',#5603,.T.);
#5998=FACE_BOUND('',#5604,.T.);
#5999=FACE_BOUND('',#5605,.T.);
#6000=FACE_BOUND('',#5606,.T.);
#6001=FACE_BOUND('',#5607,.T.);
#6002=FACE_BOUND('',#5608,.T.);
#6003=FACE_BOUND('',#5609,.T.);
#6004=FACE_BOUND('',#5610,.T.);
#6005=FACE_BOUND('',#5611,.T.);
#6006=FACE_BOUND('',#5612,.T.);
#6007=FACE_BOUND('',#5613,.T.);
#6008=PLANE('',#6573);
#6009=PLANE('',#6574);
#6010=PLANE('',#6575);
#6011=PLANE('',#6590);
#6012=PLANE('',#6604);
#6013=PLANE('',#6605);
#6014=PLANE('',#6606);
#6015=PLANE('',#6607);
#6016=PLANE('',#6608);
#6017=PLANE('',#6609);
#6018=PLANE('',#6610);
#6019=PLANE('',#6628);
#6020=PLANE('',#6645);
#6021=PLANE('',#6646);
#6022=PLANE('',#6647);
#6023=PLANE('',#6648);
#6024=PLANE('',#6649);
#6025=PLANE('',#6650);
#6026=PLANE('',#6664);
#6027=PLANE('',#6665);
#6028=PLANE('',#6682);
#6029=PLANE('',#6683);
#6030=PLANE('',#6684);
#6031=PLANE('',#6685);
#6032=PLANE('',#6686);
#6033=PLANE('',#6687);
#6034=PLANE('',#6688);
#6035=PLANE('',#6689);
#6036=PLANE('',#6690);
#6037=PLANE('',#6691);
#6038=PLANE('',#6694);
#6039=PLANE('',#6697);
#6040=PLANE('',#6699);
#6041=PLANE('',#6712);
#6042=PLANE('',#6716);
#6043=PLANE('',#6720);
#6044=PLANE('',#6721);
#6045=PLANE('',#6722);
#6046=PLANE('',#6723);
#6047=PLANE('',#6724);
#6048=PLANE('',#6725);
#6049=PLANE('',#6726);
#6050=PLANE('',#6727);
#6051=PLANE('',#6728);
#6052=PLANE('',#6729);
#6053=PLANE('',#6730);
#6054=PLANE('',#6731);
#6055=PLANE('',#6732);
#6056=PLANE('',#6733);
#6057=PLANE('',#6734);
#6058=PLANE('',#6735);
#6059=PLANE('',#6736);
#6060=PLANE('',#6737);
#6061=PLANE('',#6738);
#6062=PLANE('',#6739);
#6063=PLANE('',#6740);
#6064=PLANE('',#6741);
#6065=PLANE('',#6742);
#6066=PLANE('',#6743);
#6067=PLANE('',#6744);
#6068=PLANE('',#6759);
#6069=PLANE('',#6777);
#6070=PLANE('',#6784);
#6071=PLANE('',#6791);
#6072=PLANE('',#6793);
#6073=PLANE('',#6794);
#6074=PLANE('',#6796);
#6075=PLANE('',#6797);
#6076=PLANE('',#6799);
#6077=PLANE('',#6800);
#6078=PLANE('',#6802);
#6079=PLANE('',#6805);
#6080=PLANE('',#6806);
#6081=PLANE('',#6815);
#6082=PLANE('',#6820);
#6083=PLANE('',#6821);
#6084=PLANE('',#6822);
#6085=PLANE('',#6823);
#6086=PLANE('',#6828);
#6087=PLANE('',#6829);
#6088=PLANE('',#6834);
#6089=PLANE('',#6835);
#6090=PLANE('',#6836);
#6091=PLANE('',#6838);
#6092=PLANE('',#6840);
#6093=PLANE('',#6841);
#6094=PLANE('',#6843);
#6095=PLANE('',#6844);
#6096=PLANE('',#6845);
#6097=PLANE('',#6846);
#6098=PLANE('',#6847);
#6099=PLANE('',#6850);
#6100=PLANE('',#6853);
#6101=PLANE('',#6854);
#6102=PLANE('',#6857);
#6103=PLANE('',#6861);
#6104=PLANE('',#6862);
#6105=PLANE('',#6863);
#6106=PLANE('',#6866);
#6107=PLANE('',#6869);
#6108=PLANE('',#6871);
#6109=PLANE('',#6884);
#6110=PLANE('',#6891);
#6111=PLANE('',#6893);
#6112=PLANE('',#6894);
#6113=PLANE('',#6896);
#6114=PLANE('',#6897);
#6115=PLANE('',#6899);
#6116=PLANE('',#6900);
#6117=PLANE('',#6902);
#6118=PLANE('',#6905);
#6119=PLANE('',#6906);
#6120=PLANE('',#6915);
#6121=PLANE('',#6920);
#6122=PLANE('',#6921);
#6123=PLANE('',#6922);
#6124=PLANE('',#6923);
#6125=PLANE('',#6928);
#6126=PLANE('',#6929);
#6127=PLANE('',#6934);
#6128=PLANE('',#6935);
#6129=PLANE('',#6936);
#6130=PLANE('',#6938);
#6131=PLANE('',#6940);
#6132=PLANE('',#6941);
#6133=PLANE('',#6943);
#6134=PLANE('',#6944);
#6135=PLANE('',#6945);
#6136=PLANE('',#6946);
#6137=PLANE('',#6947);
#6138=PLANE('',#6950);
#6139=PLANE('',#6953);
#6140=PLANE('',#6954);
#6141=PLANE('',#6957);
#6142=PLANE('',#6961);
#6143=PLANE('',#6962);
#6144=PLANE('',#6963);
#6145=PLANE('',#6966);
#6146=PLANE('',#6974);
#6147=PLANE('',#6977);
#6148=PLANE('',#6978);
#6149=PLANE('',#6981);
#6150=PLANE('',#6984);
#6151=PLANE('',#6985);
#6152=PLANE('',#6986);
#6153=PLANE('',#6987);
#6154=PLANE('',#6988);
#6155=PLANE('',#6989);
#6156=PLANE('',#6991);
#6157=PLANE('',#6995);
#6158=PLANE('',#6997);
#6159=PLANE('',#6999);
#6160=PLANE('',#7002);
#6161=PLANE('',#7006);
#6162=PLANE('',#7007);
#6163=PLANE('',#7012);
#6164=PLANE('',#7013);
#6165=PLANE('',#7014);
#6166=PLANE('',#7017);
#6167=PLANE('',#7020);
#6168=PLANE('',#7026);
#6169=PLANE('',#7027);
#6170=PLANE('',#7030);
#6171=PLANE('',#7032);
#6172=PLANE('',#7033);
#6173=PLANE('',#7035);
#6174=PLANE('',#7036);
#6175=PLANE('',#7038);
#6176=PLANE('',#7039);
#6177=PLANE('',#7041);
#6178=PLANE('',#7048);
#6179=PLANE('',#7059);
#6180=PLANE('',#7060);
#6181=PLANE('',#7061);
#6182=PLANE('',#7062);
#6183=PLANE('',#7063);
#6184=PLANE('',#7066);
#6185=PLANE('',#7069);
#6186=PLANE('',#7071);
#6187=PLANE('',#7084);
#6188=PLANE('',#7091);
#6189=PLANE('',#7093);
#6190=PLANE('',#7094);
#6191=PLANE('',#7096);
#6192=PLANE('',#7097);
#6193=PLANE('',#7099);
#6194=PLANE('',#7100);
#6195=PLANE('',#7102);
#6196=PLANE('',#7105);
#6197=PLANE('',#7106);
#6198=PLANE('',#7115);
#6199=PLANE('',#7120);
#6200=PLANE('',#7121);
#6201=PLANE('',#7122);
#6202=PLANE('',#7123);
#6203=PLANE('',#7128);
#6204=PLANE('',#7129);
#6205=PLANE('',#7134);
#6206=PLANE('',#7135);
#6207=PLANE('',#7136);
#6208=PLANE('',#7138);
#6209=PLANE('',#7140);
#6210=PLANE('',#7141);
#6211=PLANE('',#7143);
#6212=PLANE('',#7144);
#6213=PLANE('',#7145);
#6214=PLANE('',#7146);
#6215=PLANE('',#7147);
#6216=PLANE('',#7150);
#6217=PLANE('',#7153);
#6218=PLANE('',#7154);
#6219=PLANE('',#7157);
#6220=PLANE('',#7161);
#6221=PLANE('',#7162);
#6222=PLANE('',#7163);
#6223=PLANE('',#7164);
#6224=PLANE('',#7165);
#6225=PLANE('',#7166);
#6226=PLANE('',#7167);
#6227=PLANE('',#7168);
#6228=PLANE('',#7169);
#6229=PLANE('',#7170);
#6230=PLANE('',#7171);
#6231=PLANE('',#7172);
#6232=PLANE('',#7173);
#6233=PLANE('',#7174);
#6234=ADVANCED_FACE('',(#5614),#6008,.T.);
#6235=ADVANCED_FACE('',(#5615),#6009,.T.);
#6236=ADVANCED_FACE('',(#5616,#5617,#5618,#5619,#5620,#5621,#5622,#5623,
#5624),#6010,.T.);
#6237=ADVANCED_FACE('',(#5625,#5626,#5627,#5628,#5629,#5630,#5631,#5632),
#6011,.T.);
#6238=ADVANCED_FACE('',(#5633),#6012,.F.);
#6239=ADVANCED_FACE('',(#5634),#6013,.F.);
#6240=ADVANCED_FACE('',(#5635),#6014,.T.);
#6241=ADVANCED_FACE('',(#5636),#6015,.T.);
#6242=ADVANCED_FACE('',(#5637),#6016,.T.);
#6243=ADVANCED_FACE('',(#5638),#6017,.T.);
#6244=ADVANCED_FACE('',(#5639,#5640,#5641,#5642,#5643),#6018,.F.);
#6245=ADVANCED_FACE('',(#5644,#5645,#5646,#5647),#6019,.F.);
#6246=ADVANCED_FACE('',(#5648),#6020,.F.);
#6247=ADVANCED_FACE('',(#5649),#6021,.F.);
#6248=ADVANCED_FACE('',(#5650),#6022,.F.);
#6249=ADVANCED_FACE('',(#5651),#6023,.F.);
#6250=ADVANCED_FACE('',(#5652),#6024,.T.);
#6251=ADVANCED_FACE('',(#5653,#5654,#5655,#5656,#5657,#5658,#5659,#5660),
#6025,.T.);
#6252=ADVANCED_FACE('',(#5661),#6026,.F.);
#6253=ADVANCED_FACE('',(#5662,#5663,#5664,#5665),#6027,.F.);
#6254=ADVANCED_FACE('',(#5666),#6028,.T.);
#6255=ADVANCED_FACE('',(#5667),#6029,.T.);
#6256=ADVANCED_FACE('',(#5668),#6030,.F.);
#6257=ADVANCED_FACE('',(#5669),#6031,.F.);
#6258=ADVANCED_FACE('',(#5670),#6032,.F.);
#6259=ADVANCED_FACE('',(#5671),#6033,.T.);
#6260=ADVANCED_FACE('',(#5672),#6034,.T.);
#6261=ADVANCED_FACE('',(#5673),#6035,.T.);
#6262=ADVANCED_FACE('',(#5674),#6036,.T.);
#6263=ADVANCED_FACE('',(#5675),#6037,.T.);
#6264=ADVANCED_FACE('',(#5676),#6038,.T.);
#6265=ADVANCED_FACE('',(#5677),#6039,.T.);
#6266=ADVANCED_FACE('',(#5678),#6040,.T.);
#6267=ADVANCED_FACE('',(#5679),#12,.F.);
#6268=ADVANCED_FACE('',(#5680),#13,.F.);
#6269=ADVANCED_FACE('',(#5681),#14,.F.);
#6270=ADVANCED_FACE('',(#5682),#15,.T.);
#6271=ADVANCED_FACE('',(#5683),#16,.F.);
#6272=ADVANCED_FACE('',(#5684),#6041,.F.);
#6273=ADVANCED_FACE('',(#5685),#6042,.T.);
#6274=ADVANCED_FACE('',(#5686),#17,.T.);
#6275=ADVANCED_FACE('',(#5687),#18,.T.);
#6276=ADVANCED_FACE('',(#5688),#19,.T.);
#6277=ADVANCED_FACE('',(#5689),#6043,.F.);
#6278=ADVANCED_FACE('',(#5690),#6044,.F.);
#6279=ADVANCED_FACE('',(#5691),#6045,.F.);
#6280=ADVANCED_FACE('',(#5692),#6046,.F.);
#6281=ADVANCED_FACE('',(#5693),#6047,.T.);
#6282=ADVANCED_FACE('',(#5694),#6048,.T.);
#6283=ADVANCED_FACE('',(#5695),#6049,.F.);
#6284=ADVANCED_FACE('',(#5696),#6050,.F.);
#6285=ADVANCED_FACE('',(#5697),#6051,.T.);
#6286=ADVANCED_FACE('',(#5698),#6052,.F.);
#6287=ADVANCED_FACE('',(#5699),#6053,.T.);
#6288=ADVANCED_FACE('',(#5700),#6054,.T.);
#6289=ADVANCED_FACE('',(#5701),#6055,.T.);
#6290=ADVANCED_FACE('',(#5702),#6056,.F.);
#6291=ADVANCED_FACE('',(#5703),#6057,.T.);
#6292=ADVANCED_FACE('',(#5704),#6058,.F.);
#6293=ADVANCED_FACE('',(#5705),#6059,.F.);
#6294=ADVANCED_FACE('',(#5706),#6060,.F.);
#6295=ADVANCED_FACE('',(#5707),#6061,.T.);
#6296=ADVANCED_FACE('',(#5708),#6062,.T.);
#6297=ADVANCED_FACE('',(#5709),#6063,.F.);
#6298=ADVANCED_FACE('',(#5710),#6064,.F.);
#6299=ADVANCED_FACE('',(#5711),#6065,.T.);
#6300=ADVANCED_FACE('',(#5712),#6066,.F.);
#6301=ADVANCED_FACE('',(#5713,#5714,#5715,#5716,#5717,#5718,#5719,#5720,
#5721),#6067,.T.);
#6302=ADVANCED_FACE('',(#5722,#5723,#5724,#5725,#5726),#6068,.F.);
#6303=ADVANCED_FACE('',(#5727,#5728,#5729,#5730,#5731,#5732,#5733),#6069,
 .T.);
#6304=ADVANCED_FACE('',(#5734,#5735,#5736,#5737,#5738,#5739,#5740),#6070,
 .F.);
#6305=ADVANCED_FACE('',(#5741),#6071,.T.);
#6306=ADVANCED_FACE('',(#5742),#20,.T.);
#6307=ADVANCED_FACE('',(#5743),#6072,.T.);
#6308=ADVANCED_FACE('',(#5744),#6073,.F.);
#6309=ADVANCED_FACE('',(#5745),#21,.T.);
#6310=ADVANCED_FACE('',(#5746),#6074,.T.);
#6311=ADVANCED_FACE('',(#5747),#6075,.F.);
#6312=ADVANCED_FACE('',(#5748),#22,.T.);
#6313=ADVANCED_FACE('',(#5749),#6076,.F.);
#6314=ADVANCED_FACE('',(#5750),#6077,.T.);
#6315=ADVANCED_FACE('',(#5751),#23,.T.);
#6316=ADVANCED_FACE('',(#5752),#6078,.T.);
#6317=ADVANCED_FACE('',(#5753),#24,.T.);
#6318=ADVANCED_FACE('',(#5754),#25,.F.);
#6319=ADVANCED_FACE('',(#5755),#6079,.T.);
#6320=ADVANCED_FACE('',(#5756),#6080,.F.);
#6321=ADVANCED_FACE('',(#5757),#26,.T.);
#6322=ADVANCED_FACE('',(#5758,#5759),#27,.F.);
#6323=ADVANCED_FACE('',(#5760),#6081,.T.);
#6324=ADVANCED_FACE('',(#5761),#28,.T.);
#6325=ADVANCED_FACE('',(#5762),#6082,.T.);
#6326=ADVANCED_FACE('',(#5763),#6083,.T.);
#6327=ADVANCED_FACE('',(#5764),#6084,.T.);
#6328=ADVANCED_FACE('',(#5765),#6085,.F.);
#6329=ADVANCED_FACE('',(#5766),#29,.T.);
#6330=ADVANCED_FACE('',(#5767),#6086,.T.);
#6331=ADVANCED_FACE('',(#5768),#6087,.F.);
#6332=ADVANCED_FACE('',(#5769),#30,.T.);
#6333=ADVANCED_FACE('',(#5770),#6088,.T.);
#6334=ADVANCED_FACE('',(#5771),#6089,.T.);
#6335=ADVANCED_FACE('',(#5772),#6090,.F.);
#6336=ADVANCED_FACE('',(#5773),#6091,.F.);
#6337=ADVANCED_FACE('',(#5774),#6092,.F.);
#6338=ADVANCED_FACE('',(#5775),#6093,.F.);
#6339=ADVANCED_FACE('',(#5776),#6094,.T.);
#6340=ADVANCED_FACE('',(#5777),#6095,.T.);
#6341=ADVANCED_FACE('',(#5778),#6096,.T.);
#6342=ADVANCED_FACE('',(#5779),#6097,.F.);
#6343=ADVANCED_FACE('',(#5780),#6098,.F.);
#6344=ADVANCED_FACE('',(#5781),#31,.T.);
#6345=ADVANCED_FACE('',(#5782),#6099,.F.);
#6346=ADVANCED_FACE('',(#5783),#32,.T.);
#6347=ADVANCED_FACE('',(#5784),#6100,.T.);
#6348=ADVANCED_FACE('',(#5785),#6101,.F.);
#6349=ADVANCED_FACE('',(#5786),#33,.T.);
#6350=ADVANCED_FACE('',(#5787),#6102,.T.);
#6351=ADVANCED_FACE('',(#5788),#34,.T.);
#6352=ADVANCED_FACE('',(#5789),#6103,.T.);
#6353=ADVANCED_FACE('',(#5790),#6104,.F.);
#6354=ADVANCED_FACE('',(#5791),#6105,.T.);
#6355=ADVANCED_FACE('',(#5792),#6106,.T.);
#6356=ADVANCED_FACE('',(#5793),#6107,.T.);
#6357=ADVANCED_FACE('',(#5794),#6108,.T.);
#6358=ADVANCED_FACE('',(#5795),#35,.F.);
#6359=ADVANCED_FACE('',(#5796),#36,.F.);
#6360=ADVANCED_FACE('',(#5797),#37,.F.);
#6361=ADVANCED_FACE('',(#5798),#38,.T.);
#6362=ADVANCED_FACE('',(#5799),#39,.F.);
#6363=ADVANCED_FACE('',(#5800),#6109,.F.);
#6364=ADVANCED_FACE('',(#5801),#40,.T.);
#6365=ADVANCED_FACE('',(#5802),#41,.T.);
#6366=ADVANCED_FACE('',(#5803),#42,.T.);
#6367=ADVANCED_FACE('',(#5804),#6110,.T.);
#6368=ADVANCED_FACE('',(#5805),#43,.T.);
#6369=ADVANCED_FACE('',(#5806),#6111,.T.);
#6370=ADVANCED_FACE('',(#5807),#6112,.F.);
#6371=ADVANCED_FACE('',(#5808),#44,.T.);
#6372=ADVANCED_FACE('',(#5809),#6113,.T.);
#6373=ADVANCED_FACE('',(#5810),#6114,.F.);
#6374=ADVANCED_FACE('',(#5811),#45,.T.);
#6375=ADVANCED_FACE('',(#5812),#6115,.F.);
#6376=ADVANCED_FACE('',(#5813),#6116,.T.);
#6377=ADVANCED_FACE('',(#5814),#46,.T.);
#6378=ADVANCED_FACE('',(#5815),#6117,.T.);
#6379=ADVANCED_FACE('',(#5816),#47,.T.);
#6380=ADVANCED_FACE('',(#5817),#48,.F.);
#6381=ADVANCED_FACE('',(#5818),#6118,.T.);
#6382=ADVANCED_FACE('',(#5819),#6119,.F.);
#6383=ADVANCED_FACE('',(#5820),#49,.T.);
#6384=ADVANCED_FACE('',(#5821,#5822),#50,.F.);
#6385=ADVANCED_FACE('',(#5823),#6120,.T.);
#6386=ADVANCED_FACE('',(#5824),#51,.T.);
#6387=ADVANCED_FACE('',(#5825),#6121,.T.);
#6388=ADVANCED_FACE('',(#5826),#6122,.T.);
#6389=ADVANCED_FACE('',(#5827),#6123,.T.);
#6390=ADVANCED_FACE('',(#5828),#6124,.F.);
#6391=ADVANCED_FACE('',(#5829),#52,.T.);
#6392=ADVANCED_FACE('',(#5830),#6125,.T.);
#6393=ADVANCED_FACE('',(#5831),#6126,.F.);
#6394=ADVANCED_FACE('',(#5832),#53,.T.);
#6395=ADVANCED_FACE('',(#5833),#6127,.T.);
#6396=ADVANCED_FACE('',(#5834),#6128,.T.);
#6397=ADVANCED_FACE('',(#5835),#6129,.F.);
#6398=ADVANCED_FACE('',(#5836),#6130,.F.);
#6399=ADVANCED_FACE('',(#5837),#6131,.F.);
#6400=ADVANCED_FACE('',(#5838),#6132,.F.);
#6401=ADVANCED_FACE('',(#5839),#6133,.T.);
#6402=ADVANCED_FACE('',(#5840),#6134,.T.);
#6403=ADVANCED_FACE('',(#5841),#6135,.T.);
#6404=ADVANCED_FACE('',(#5842),#6136,.F.);
#6405=ADVANCED_FACE('',(#5843),#6137,.F.);
#6406=ADVANCED_FACE('',(#5844),#54,.T.);
#6407=ADVANCED_FACE('',(#5845),#6138,.F.);
#6408=ADVANCED_FACE('',(#5846),#55,.T.);
#6409=ADVANCED_FACE('',(#5847),#6139,.T.);
#6410=ADVANCED_FACE('',(#5848),#6140,.F.);
#6411=ADVANCED_FACE('',(#5849),#56,.T.);
#6412=ADVANCED_FACE('',(#5850),#6141,.T.);
#6413=ADVANCED_FACE('',(#5851),#57,.T.);
#6414=ADVANCED_FACE('',(#5852),#6142,.T.);
#6415=ADVANCED_FACE('',(#5853),#6143,.F.);
#6416=ADVANCED_FACE('',(#5854),#6144,.F.);
#6417=ADVANCED_FACE('',(#5855),#6145,.T.);
#6418=ADVANCED_FACE('',(#5856),#58,.T.);
#6419=ADVANCED_FACE('',(#5857),#6146,.T.);
#6420=ADVANCED_FACE('',(#5858),#59,.T.);
#6421=ADVANCED_FACE('',(#5859),#6147,.F.);
#6422=ADVANCED_FACE('',(#5860),#6148,.T.);
#6423=ADVANCED_FACE('',(#5861),#60,.T.);
#6424=ADVANCED_FACE('',(#5862),#6149,.F.);
#6425=ADVANCED_FACE('',(#5863),#61,.T.);
#6426=ADVANCED_FACE('',(#5864),#6150,.F.);
#6427=ADVANCED_FACE('',(#5865),#6151,.F.);
#6428=ADVANCED_FACE('',(#5866),#6152,.T.);
#6429=ADVANCED_FACE('',(#5867),#6153,.T.);
#6430=ADVANCED_FACE('',(#5868),#6154,.T.);
#6431=ADVANCED_FACE('',(#5869),#6155,.F.);
#6432=ADVANCED_FACE('',(#5870),#6156,.F.);
#6433=ADVANCED_FACE('',(#5871),#6157,.F.);
#6434=ADVANCED_FACE('',(#5872),#6158,.F.);
#6435=ADVANCED_FACE('',(#5873),#6159,.T.);
#6436=ADVANCED_FACE('',(#5874),#6160,.T.);
#6437=ADVANCED_FACE('',(#5875),#62,.T.);
#6438=ADVANCED_FACE('',(#5876),#6161,.F.);
#6439=ADVANCED_FACE('',(#5877),#6162,.T.);
#6440=ADVANCED_FACE('',(#5878),#63,.T.);
#6441=ADVANCED_FACE('',(#5879),#6163,.F.);
#6442=ADVANCED_FACE('',(#5880),#6164,.T.);
#6443=ADVANCED_FACE('',(#5881),#6165,.T.);
#6444=ADVANCED_FACE('',(#5882),#6166,.T.);
#6445=ADVANCED_FACE('',(#5883),#64,.T.);
#6446=ADVANCED_FACE('',(#5884),#6167,.T.);
#6447=ADVANCED_FACE('',(#5885,#5886),#65,.F.);
#6448=ADVANCED_FACE('',(#5887),#66,.T.);
#6449=ADVANCED_FACE('',(#5888),#6168,.F.);
#6450=ADVANCED_FACE('',(#5889),#6169,.T.);
#6451=ADVANCED_FACE('',(#5890),#67,.F.);
#6452=ADVANCED_FACE('',(#5891),#68,.T.);
#6453=ADVANCED_FACE('',(#5892),#6170,.T.);
#6454=ADVANCED_FACE('',(#5893),#69,.T.);
#6455=ADVANCED_FACE('',(#5894),#6171,.T.);
#6456=ADVANCED_FACE('',(#5895),#6172,.F.);
#6457=ADVANCED_FACE('',(#5896),#70,.T.);
#6458=ADVANCED_FACE('',(#5897),#6173,.F.);
#6459=ADVANCED_FACE('',(#5898),#6174,.T.);
#6460=ADVANCED_FACE('',(#5899),#71,.T.);
#6461=ADVANCED_FACE('',(#5900),#6175,.F.);
#6462=ADVANCED_FACE('',(#5901),#6176,.T.);
#6463=ADVANCED_FACE('',(#5902),#72,.T.);
#6464=ADVANCED_FACE('',(#5903),#6177,.T.);
#6465=ADVANCED_FACE('',(#5904),#73,.T.);
#6466=ADVANCED_FACE('',(#5905),#74,.T.);
#6467=ADVANCED_FACE('',(#5906),#75,.T.);
#6468=ADVANCED_FACE('',(#5907),#6178,.F.);
#6469=ADVANCED_FACE('',(#5908),#76,.F.);
#6470=ADVANCED_FACE('',(#5909),#77,.T.);
#6471=ADVANCED_FACE('',(#5910),#78,.F.);
#6472=ADVANCED_FACE('',(#5911),#79,.F.);
#6473=ADVANCED_FACE('',(#5912),#80,.F.);
#6474=ADVANCED_FACE('',(#5913),#6179,.T.);
#6475=ADVANCED_FACE('',(#5914),#6180,.T.);
#6476=ADVANCED_FACE('',(#5915),#6181,.T.);
#6477=ADVANCED_FACE('',(#5916),#6182,.T.);
#6478=ADVANCED_FACE('',(#5917),#6183,.T.);
#6479=ADVANCED_FACE('',(#5918),#6184,.T.);
#6480=ADVANCED_FACE('',(#5919),#6185,.T.);
#6481=ADVANCED_FACE('',(#5920),#6186,.T.);
#6482=ADVANCED_FACE('',(#5921),#81,.F.);
#6483=ADVANCED_FACE('',(#5922),#82,.F.);
#6484=ADVANCED_FACE('',(#5923),#83,.F.);
#6485=ADVANCED_FACE('',(#5924),#84,.T.);
#6486=ADVANCED_FACE('',(#5925),#85,.F.);
#6487=ADVANCED_FACE('',(#5926),#6187,.F.);
#6488=ADVANCED_FACE('',(#5927),#86,.T.);
#6489=ADVANCED_FACE('',(#5928),#87,.T.);
#6490=ADVANCED_FACE('',(#5929),#88,.T.);
#6491=ADVANCED_FACE('',(#5930),#6188,.T.);
#6492=ADVANCED_FACE('',(#5931),#89,.T.);
#6493=ADVANCED_FACE('',(#5932),#6189,.T.);
#6494=ADVANCED_FACE('',(#5933),#6190,.F.);
#6495=ADVANCED_FACE('',(#5934),#90,.T.);
#6496=ADVANCED_FACE('',(#5935),#6191,.T.);
#6497=ADVANCED_FACE('',(#5936),#6192,.F.);
#6498=ADVANCED_FACE('',(#5937),#91,.T.);
#6499=ADVANCED_FACE('',(#5938),#6193,.F.);
#6500=ADVANCED_FACE('',(#5939),#6194,.T.);
#6501=ADVANCED_FACE('',(#5940),#92,.T.);
#6502=ADVANCED_FACE('',(#5941),#6195,.T.);
#6503=ADVANCED_FACE('',(#5942),#93,.T.);
#6504=ADVANCED_FACE('',(#5943),#94,.F.);
#6505=ADVANCED_FACE('',(#5944),#6196,.T.);
#6506=ADVANCED_FACE('',(#5945),#6197,.F.);
#6507=ADVANCED_FACE('',(#5946),#95,.T.);
#6508=ADVANCED_FACE('',(#5947,#5948),#96,.F.);
#6509=ADVANCED_FACE('',(#5949),#6198,.T.);
#6510=ADVANCED_FACE('',(#5950),#97,.T.);
#6511=ADVANCED_FACE('',(#5951),#6199,.T.);
#6512=ADVANCED_FACE('',(#5952),#6200,.T.);
#6513=ADVANCED_FACE('',(#5953),#6201,.T.);
#6514=ADVANCED_FACE('',(#5954),#6202,.F.);
#6515=ADVANCED_FACE('',(#5955),#98,.T.);
#6516=ADVANCED_FACE('',(#5956),#6203,.T.);
#6517=ADVANCED_FACE('',(#5957),#6204,.F.);
#6518=ADVANCED_FACE('',(#5958),#99,.T.);
#6519=ADVANCED_FACE('',(#5959),#6205,.T.);
#6520=ADVANCED_FACE('',(#5960),#6206,.T.);
#6521=ADVANCED_FACE('',(#5961),#6207,.F.);
#6522=ADVANCED_FACE('',(#5962),#6208,.F.);
#6523=ADVANCED_FACE('',(#5963),#6209,.F.);
#6524=ADVANCED_FACE('',(#5964),#6210,.F.);
#6525=ADVANCED_FACE('',(#5965),#6211,.T.);
#6526=ADVANCED_FACE('',(#5966),#6212,.T.);
#6527=ADVANCED_FACE('',(#5967),#6213,.T.);
#6528=ADVANCED_FACE('',(#5968),#6214,.F.);
#6529=ADVANCED_FACE('',(#5969),#6215,.F.);
#6530=ADVANCED_FACE('',(#5970),#100,.T.);
#6531=ADVANCED_FACE('',(#5971),#6216,.F.);
#6532=ADVANCED_FACE('',(#5972),#101,.T.);
#6533=ADVANCED_FACE('',(#5973),#6217,.T.);
#6534=ADVANCED_FACE('',(#5974),#6218,.F.);
#6535=ADVANCED_FACE('',(#5975),#102,.T.);
#6536=ADVANCED_FACE('',(#5976),#6219,.T.);
#6537=ADVANCED_FACE('',(#5977),#103,.T.);
#6538=ADVANCED_FACE('',(#5978),#6220,.T.);
#6539=ADVANCED_FACE('',(#5979),#6221,.F.);
#6540=ADVANCED_FACE('',(#5980),#6222,.F.);
#6541=ADVANCED_FACE('',(#5981),#6223,.F.);
#6542=ADVANCED_FACE('',(#5982),#6224,.T.);
#6543=ADVANCED_FACE('',(#5983),#6225,.F.);
#6544=ADVANCED_FACE('',(#5984),#6226,.F.);
#6545=ADVANCED_FACE('',(#5985),#6227,.T.);
#6546=ADVANCED_FACE('',(#5986),#6228,.F.);
#6547=ADVANCED_FACE('',(#5987),#6229,.F.);
#6548=ADVANCED_FACE('',(#5988),#6230,.T.);
#6549=ADVANCED_FACE('',(#5989),#6231,.T.);
#6550=ADVANCED_FACE('',(#5990),#6232,.T.);
#6551=ADVANCED_FACE('',(#5991),#6233,.F.);
#6552=ADVANCED_FACE('',(#5992,#5993),#104,.F.);
#6553=ADVANCED_FACE('',(#5994,#5995),#105,.F.);
#6554=ADVANCED_FACE('',(#5996,#5997),#106,.F.);
#6555=ADVANCED_FACE('',(#5998,#5999),#107,.F.);
#6556=ADVANCED_FACE('',(#6000,#6001),#108,.F.);
#6557=ADVANCED_FACE('',(#6002,#6003),#109,.F.);
#6558=ADVANCED_FACE('',(#6004,#6005),#110,.F.);
#6559=ADVANCED_FACE('',(#6006,#6007),#111,.F.);
#6560=CLOSED_SHELL('',(#6234,#6235,#6236,#6237,#6238,#6239,#6240,#6241,
#6242,#6243,#6244,#6245,#6246,#6247,#6248,#6249,#6250,#6251,#6252,#6253,
#6254,#6255,#6256,#6257,#6258,#6259,#6260,#6261,#6262,#6263,#6264,#6265,
#6266,#6267,#6268,#6269,#6270,#6271,#6272,#6273,#6274,#6275,#6276,#6277,
#6278,#6279,#6280,#6281,#6282,#6283,#6284,#6285,#6286,#6287,#6288,#6289,
#6290,#6291,#6292,#6293,#6294,#6295,#6296,#6297,#6298,#6299,#6300,#6301,
#6302,#6303,#6304,#6305,#6306,#6307,#6308,#6309,#6310,#6311,#6312,#6313,
#6314,#6315,#6316,#6317,#6318,#6319,#6320,#6321,#6322,#6323,#6324,#6325,
#6326,#6327,#6328,#6329,#6330,#6331,#6332,#6333,#6334,#6335,#6336,#6337,
#6338,#6339,#6340,#6341,#6342,#6343,#6344,#6345,#6346,#6347,#6348,#6349,
#6350,#6351,#6352,#6353,#6354,#6355,#6356,#6357,#6358,#6359,#6360,#6361,
#6362,#6363,#6364,#6365,#6366,#6367,#6368,#6369,#6370,#6371,#6372,#6373,
#6374,#6375,#6376,#6377,#6378,#6379,#6380,#6381,#6382,#6383,#6384,#6385,
#6386,#6387,#6388,#6389,#6390,#6391,#6392,#6393,#6394,#6395,#6396,#6397,
#6398,#6399,#6400,#6401,#6402,#6403,#6404,#6405,#6406,#6407,#6408,#6409,
#6410,#6411,#6412,#6413,#6414,#6415,#6416,#6417,#6418,#6419,#6420,#6421,
#6422,#6423,#6424,#6425,#6426,#6427,#6428,#6429,#6430,#6431,#6432,#6433,
#6434,#6435,#6436,#6437,#6438,#6439,#6440,#6441,#6442,#6443,#6444,#6445,
#6446,#6447,#6448,#6449,#6450,#6451,#6452,#6453,#6454,#6455,#6456,#6457,
#6458,#6459,#6460,#6461,#6462,#6463,#6464,#6465,#6466,#6467,#6468,#6469,
#6470,#6471,#6472,#6473,#6474,#6475,#6476,#6477,#6478,#6479,#6480,#6481,
#6482,#6483,#6484,#6485,#6486,#6487,#6488,#6489,#6490,#6491,#6492,#6493,
#6494,#6495,#6496,#6497,#6498,#6499,#6500,#6501,#6502,#6503,#6504,#6505,
#6506,#6507,#6508,#6509,#6510,#6511,#6512,#6513,#6514,#6515,#6516,#6517,
#6518,#6519,#6520,#6521,#6522,#6523,#6524,#6525,#6526,#6527,#6528,#6529,
#6530,#6531,#6532,#6533,#6534,#6535,#6536,#6537,#6538,#6539,#6540,#6541,
#6542,#6543,#6544,#6545,#6546,#6547,#6548,#6549,#6550,#6551,#6552,#6553,
#6554,#6555,#6556,#6557,#6558,#6559));
#6561=STYLED_ITEM('',(#6562),#6569);
#6562=PRESENTATION_STYLE_ASSIGNMENT((#6563));
#6563=SURFACE_STYLE_USAGE(.BOTH.,#6564);
#6564=SURFACE_SIDE_STYLE('',(#6565));
#6565=SURFACE_STYLE_FILL_AREA(#6566);
#6566=FILL_AREA_STYLE('',(#6567));
#6567=FILL_AREA_STYLE_COLOUR('',#6568);
#6568=COLOUR_RGB('',0.231372549019608,0.380392156862745,0.705882352941177);
#6569=MANIFOLD_SOLID_BREP('Part 1',#6560);
#6570=SHAPE_DEFINITION_REPRESENTATION(#10978,#6571);
#6571=SHAPE_REPRESENTATION('Part 1',(#6572),#10973);
#6572=AXIS2_PLACEMENT_3D('',#9077,#7183,#7184);
#6573=AXIS2_PLACEMENT_3D('',#9078,#7185,#7186);
#6574=AXIS2_PLACEMENT_3D('',#9087,#7191,#7192);
#6575=AXIS2_PLACEMENT_3D('',#9096,#7197,#7198);
#6576=AXIS2_PLACEMENT_3D('',#9097,#7199,#7200);
#6577=AXIS2_PLACEMENT_3D('',#9104,#7203,#7204);
#6578=AXIS2_PLACEMENT_3D('',#9105,#7205,#7206);
#6579=AXIS2_PLACEMENT_3D('',#9112,#7209,#7210);
#6580=AXIS2_PLACEMENT_3D('',#9115,#7212,#7213);
#6581=AXIS2_PLACEMENT_3D('',#9120,#7215,#7216);
#6582=AXIS2_PLACEMENT_3D('',#9123,#7218,#7219);
#6583=AXIS2_PLACEMENT_3D('',#9125,#7220,#7221);
#6584=AXIS2_PLACEMENT_3D('',#9130,#7223,#7224);
#6585=AXIS2_PLACEMENT_3D('',#9133,#7226,#7227);
#6586=AXIS2_PLACEMENT_3D('',#9138,#7229,#7230);
#6587=AXIS2_PLACEMENT_3D('',#9144,#7233,#7234);
#6588=AXIS2_PLACEMENT_3D('',#9148,#7236,#7237);
#6589=AXIS2_PLACEMENT_3D('',#9158,#7242,#7243);
#6590=AXIS2_PLACEMENT_3D('',#9165,#7247,#7248);
#6591=AXIS2_PLACEMENT_3D('',#9166,#7249,#7250);
#6592=AXIS2_PLACEMENT_3D('',#9168,#7251,#7252);
#6593=AXIS2_PLACEMENT_3D('',#9173,#7254,#7255);
#6594=AXIS2_PLACEMENT_3D('',#9176,#7257,#7258);
#6595=AXIS2_PLACEMENT_3D('',#9181,#7260,#7261);
#6596=AXIS2_PLACEMENT_3D('',#9187,#7264,#7265);
#6597=AXIS2_PLACEMENT_3D('',#9191,#7267,#7268);
#6598=AXIS2_PLACEMENT_3D('',#9192,#7269,#7270);
#6599=AXIS2_PLACEMENT_3D('',#9197,#7272,#7273);
#6600=AXIS2_PLACEMENT_3D('',#9203,#7276,#7277);
#6601=AXIS2_PLACEMENT_3D('',#9207,#7279,#7280);
#6602=AXIS2_PLACEMENT_3D('',#9215,#7284,#7285);
#6603=AXIS2_PLACEMENT_3D('',#9229,#7292,#7293);
#6604=AXIS2_PLACEMENT_3D('',#9232,#7295,#7296);
#6605=AXIS2_PLACEMENT_3D('',#9238,#7300,#7301);
#6606=AXIS2_PLACEMENT_3D('',#9247,#7306,#7307);
#6607=AXIS2_PLACEMENT_3D('',#9256,#7312,#7313);
#6608=AXIS2_PLACEMENT_3D('',#9265,#7318,#7319);
#6609=AXIS2_PLACEMENT_3D('',#9271,#7323,#7324);
#6610=AXIS2_PLACEMENT_3D('',#9280,#7329,#7330);
#6611=AXIS2_PLACEMENT_3D('',#9281,#7331,#7332);
#6612=AXIS2_PLACEMENT_3D('',#9283,#7333,#7334);
#6613=AXIS2_PLACEMENT_3D('',#9288,#7336,#7337);
#6614=AXIS2_PLACEMENT_3D('',#9292,#7339,#7340);
#6615=AXIS2_PLACEMENT_3D('',#9296,#7342,#7343);
#6616=AXIS2_PLACEMENT_3D('',#9300,#7345,#7346);
#6617=AXIS2_PLACEMENT_3D('',#9304,#7348,#7349);
#6618=AXIS2_PLACEMENT_3D('',#9310,#7352,#7353);
#6619=AXIS2_PLACEMENT_3D('',#9314,#7355,#7356);
#6620=AXIS2_PLACEMENT_3D('',#9322,#7360,#7361);
#6621=AXIS2_PLACEMENT_3D('',#9330,#7366,#7367);
#6622=AXIS2_PLACEMENT_3D('',#9334,#7369,#7370);
#6623=AXIS2_PLACEMENT_3D('',#9338,#7372,#7373);
#6624=AXIS2_PLACEMENT_3D('',#9342,#7375,#7376);
#6625=AXIS2_PLACEMENT_3D('',#9346,#7378,#7379);
#6626=AXIS2_PLACEMENT_3D('',#9350,#7381,#7382);
#6627=AXIS2_PLACEMENT_3D('',#9354,#7384,#7385);
#6628=AXIS2_PLACEMENT_3D('',#9357,#7387,#7388);
#6629=AXIS2_PLACEMENT_3D('',#9363,#7391,#7392);
#6630=AXIS2_PLACEMENT_3D('',#9364,#7393,#7394);
#6631=AXIS2_PLACEMENT_3D('',#9371,#7397,#7398);
#6632=AXIS2_PLACEMENT_3D('',#9374,#7400,#7401);
#6633=AXIS2_PLACEMENT_3D('',#9379,#7403,#7404);
#6634=AXIS2_PLACEMENT_3D('',#9383,#7406,#7407);
#6635=AXIS2_PLACEMENT_3D('',#9387,#7409,#7410);
#6636=AXIS2_PLACEMENT_3D('',#9391,#7412,#7413);
#6637=AXIS2_PLACEMENT_3D('',#9395,#7415,#7416);
#6638=AXIS2_PLACEMENT_3D('',#9405,#7421,#7422);
#6639=AXIS2_PLACEMENT_3D('',#9409,#7424,#7425);
#6640=AXIS2_PLACEMENT_3D('',#9413,#7427,#7428);
#6641=AXIS2_PLACEMENT_3D('',#9417,#7430,#7431);
#6642=AXIS2_PLACEMENT_3D('',#9421,#7433,#7434);
#6643=AXIS2_PLACEMENT_3D('',#9425,#7436,#7437);
#6644=AXIS2_PLACEMENT_3D('',#9429,#7439,#7440);
#6645=AXIS2_PLACEMENT_3D('',#9438,#7445,#7446);
#6646=AXIS2_PLACEMENT_3D('',#9447,#7451,#7452);
#6647=AXIS2_PLACEMENT_3D('',#9456,#7457,#7458);
#6648=AXIS2_PLACEMENT_3D('',#9465,#7463,#7464);
#6649=AXIS2_PLACEMENT_3D('',#9474,#7469,#7470);
#6650=AXIS2_PLACEMENT_3D('',#9477,#7473,#7474);
#6651=AXIS2_PLACEMENT_3D('',#9485,#7478,#7479);
#6652=AXIS2_PLACEMENT_3D('',#9494,#7484,#7485);
#6653=AXIS2_PLACEMENT_3D('',#9496,#7486,#7487);
#6654=AXIS2_PLACEMENT_3D('',#9501,#7489,#7490);
#6655=AXIS2_PLACEMENT_3D('',#9504,#7492,#7493);
#6656=AXIS2_PLACEMENT_3D('',#9509,#7495,#7496);
#6657=AXIS2_PLACEMENT_3D('',#9515,#7499,#7500);
#6658=AXIS2_PLACEMENT_3D('',#9519,#7502,#7503);
#6659=AXIS2_PLACEMENT_3D('',#9520,#7504,#7505);
#6660=AXIS2_PLACEMENT_3D('',#9525,#7507,#7508);
#6661=AXIS2_PLACEMENT_3D('',#9528,#7510,#7511);
#6662=AXIS2_PLACEMENT_3D('',#9535,#7514,#7515);
#6663=AXIS2_PLACEMENT_3D('',#9543,#7519,#7520);
#6664=AXIS2_PLACEMENT_3D('',#9544,#7521,#7522);
#6665=AXIS2_PLACEMENT_3D('',#9547,#7525,#7526);
#6666=AXIS2_PLACEMENT_3D('',#9553,#7529,#7530);
#6667=AXIS2_PLACEMENT_3D('',#9557,#7532,#7533);
#6668=AXIS2_PLACEMENT_3D('',#9561,#7535,#7536);
#6669=AXIS2_PLACEMENT_3D('',#9564,#7538,#7539);
#6670=AXIS2_PLACEMENT_3D('',#9569,#7541,#7542);
#6671=AXIS2_PLACEMENT_3D('',#9573,#7544,#7545);
#6672=AXIS2_PLACEMENT_3D('',#9577,#7547,#7548);
#6673=AXIS2_PLACEMENT_3D('',#9581,#7550,#7551);
#6674=AXIS2_PLACEMENT_3D('',#9585,#7553,#7554);
#6675=AXIS2_PLACEMENT_3D('',#9601,#7562,#7563);
#6676=AXIS2_PLACEMENT_3D('',#9605,#7565,#7566);
#6677=AXIS2_PLACEMENT_3D('',#9609,#7568,#7569);
#6678=AXIS2_PLACEMENT_3D('',#9613,#7571,#7572);
#6679=AXIS2_PLACEMENT_3D('',#9617,#7574,#7575);
#6680=AXIS2_PLACEMENT_3D('',#9621,#7577,#7578);
#6681=AXIS2_PLACEMENT_3D('',#9625,#7580,#7581);
#6682=AXIS2_PLACEMENT_3D('',#9628,#7583,#7584);
#6683=AXIS2_PLACEMENT_3D('',#9637,#7589,#7590);
#6684=AXIS2_PLACEMENT_3D('',#9646,#7595,#7596);
#6685=AXIS2_PLACEMENT_3D('',#9649,#7599,#7600);
#6686=AXIS2_PLACEMENT_3D('',#9652,#7603,#7604);
#6687=AXIS2_PLACEMENT_3D('',#9669,#7613,#7614);
#6688=AXIS2_PLACEMENT_3D('',#9672,#7617,#7618);
#6689=AXIS2_PLACEMENT_3D('',#9675,#7621,#7622);
#6690=AXIS2_PLACEMENT_3D('',#9678,#7625,#7626);
#6691=AXIS2_PLACEMENT_3D('',#9686,#7632,#7633);
#6692=AXIS2_PLACEMENT_3D('',#9687,#7634,#7635);
#6693=AXIS2_PLACEMENT_3D('',#9692,#7637,#7638);
#6694=AXIS2_PLACEMENT_3D('',#9695,#7640,#7641);
#6695=AXIS2_PLACEMENT_3D('',#9696,#7642,#7643);
#6696=AXIS2_PLACEMENT_3D('',#9701,#7645,#7646);
#6697=AXIS2_PLACEMENT_3D('',#9704,#7648,#7649);
#6698=AXIS2_PLACEMENT_3D('',#9705,#7650,#7651);
#6699=AXIS2_PLACEMENT_3D('',#9709,#7653,#7654);
#6700=AXIS2_PLACEMENT_3D('',#9710,#7655,#7656);
#6701=AXIS2_PLACEMENT_3D('',#9715,#7658,#7659);
#6702=AXIS2_PLACEMENT_3D('',#9718,#7661,#7662);
#6703=AXIS2_PLACEMENT_3D('',#9721,#7664,#7665);
#6704=AXIS2_PLACEMENT_3D('',#9724,#7667,#7668);
#6705=AXIS2_PLACEMENT_3D('',#9725,#7669,#7670);
#6706=AXIS2_PLACEMENT_3D('',#9730,#7673,#7674);
#6707=AXIS2_PLACEMENT_3D('',#9731,#7675,#7676);
#6708=AXIS2_PLACEMENT_3D('',#9736,#7679,#7680);
#6709=AXIS2_PLACEMENT_3D('',#9739,#7682,#7683);
#6710=AXIS2_PLACEMENT_3D('',#9742,#7685,#7686);
#6711=AXIS2_PLACEMENT_3D('',#9743,#7687,#7688);
#6712=AXIS2_PLACEMENT_3D('',#9748,#7691,#7692);
#6713=AXIS2_PLACEMENT_3D('',#9750,#7694,#7695);
#6714=AXIS2_PLACEMENT_3D('',#9751,#7696,#7697);
#6715=AXIS2_PLACEMENT_3D('',#9752,#7698,#7699);
#6716=AXIS2_PLACEMENT_3D('',#9754,#7701,#7702);
#6717=AXIS2_PLACEMENT_3D('',#9757,#7705,#7706);
#6718=AXIS2_PLACEMENT_3D('',#9760,#7709,#7710);
#6719=AXIS2_PLACEMENT_3D('',#9763,#7713,#7714);
#6720=AXIS2_PLACEMENT_3D('',#9766,#7717,#7718);
#6721=AXIS2_PLACEMENT_3D('',#9769,#7721,#7722);
#6722=AXIS2_PLACEMENT_3D('',#9772,#7725,#7726);
#6723=AXIS2_PLACEMENT_3D('',#9775,#7729,#7730);
#6724=AXIS2_PLACEMENT_3D('',#9781,#7734,#7735);
#6725=AXIS2_PLACEMENT_3D('',#9785,#7738,#7739);
#6726=AXIS2_PLACEMENT_3D('',#9789,#7742,#7743);
#6727=AXIS2_PLACEMENT_3D('',#9795,#7747,#7748);
#6728=AXIS2_PLACEMENT_3D('',#9798,#7751,#7752);
#6729=AXIS2_PLACEMENT_3D('',#9800,#7754,#7755);
#6730=AXIS2_PLACEMENT_3D('',#9808,#7761,#7762);
#6731=AXIS2_PLACEMENT_3D('',#9812,#7765,#7766);
#6732=AXIS2_PLACEMENT_3D('',#9814,#7768,#7769);
#6733=AXIS2_PLACEMENT_3D('',#9818,#7772,#7773);
#6734=AXIS2_PLACEMENT_3D('',#9821,#7776,#7777);
#6735=AXIS2_PLACEMENT_3D('',#9827,#7781,#7782);
#6736=AXIS2_PLACEMENT_3D('',#9833,#7786,#7787);
#6737=AXIS2_PLACEMENT_3D('',#9838,#7791,#7792);
#6738=AXIS2_PLACEMENT_3D('',#9842,#7795,#7796);
#6739=AXIS2_PLACEMENT_3D('',#9847,#7800,#7801);
#6740=AXIS2_PLACEMENT_3D('',#9849,#7803,#7804);
#6741=AXIS2_PLACEMENT_3D('',#9853,#7807,#7808);
#6742=AXIS2_PLACEMENT_3D('',#9857,#7811,#7812);
#6743=AXIS2_PLACEMENT_3D('',#9862,#7816,#7817);
#6744=AXIS2_PLACEMENT_3D('',#9865,#7820,#7821);
#6745=AXIS2_PLACEMENT_3D('',#9866,#7822,#7823);
#6746=AXIS2_PLACEMENT_3D('',#9869,#7825,#7826);
#6747=AXIS2_PLACEMENT_3D('',#9874,#7829,#7830);
#6748=AXIS2_PLACEMENT_3D('',#9875,#7831,#7832);
#6749=AXIS2_PLACEMENT_3D('',#9879,#7834,#7835);
#6750=AXIS2_PLACEMENT_3D('',#9882,#7837,#7838);
#6751=AXIS2_PLACEMENT_3D('',#9886,#7840,#7841);
#6752=AXIS2_PLACEMENT_3D('',#9890,#7843,#7844);
#6753=AXIS2_PLACEMENT_3D('',#9894,#7846,#7847);
#6754=AXIS2_PLACEMENT_3D('',#9895,#7848,#7849);
#6755=AXIS2_PLACEMENT_3D('',#9900,#7851,#7852);
#6756=AXIS2_PLACEMENT_3D('',#9903,#7854,#7855);
#6757=AXIS2_PLACEMENT_3D('',#9908,#7857,#7858);
#6758=AXIS2_PLACEMENT_3D('',#9911,#7860,#7861);
#6759=AXIS2_PLACEMENT_3D('',#9913,#7862,#7863);
#6760=AXIS2_PLACEMENT_3D('',#9914,#7864,#7865);
#6761=AXIS2_PLACEMENT_3D('',#9919,#7868,#7869);
#6762=AXIS2_PLACEMENT_3D('',#9923,#7871,#7872);
#6763=AXIS2_PLACEMENT_3D('',#9927,#7874,#7875);
#6764=AXIS2_PLACEMENT_3D('',#9931,#7877,#7878);
#6765=AXIS2_PLACEMENT_3D('',#9935,#7880,#7881);
#6766=AXIS2_PLACEMENT_3D('',#9939,#7883,#7884);
#6767=AXIS2_PLACEMENT_3D('',#9943,#7886,#7887);
#6768=AXIS2_PLACEMENT_3D('',#9946,#7889,#7890);
#6769=AXIS2_PLACEMENT_3D('',#9947,#7891,#7892);
#6770=AXIS2_PLACEMENT_3D('',#9951,#7894,#7895);
#6771=AXIS2_PLACEMENT_3D('',#9954,#7897,#7898);
#6772=AXIS2_PLACEMENT_3D('',#9959,#7900,#7901);
#6773=AXIS2_PLACEMENT_3D('',#9963,#7903,#7904);
#6774=AXIS2_PLACEMENT_3D('',#9967,#7906,#7907);
#6775=AXIS2_PLACEMENT_3D('',#9971,#7909,#7910);
#6776=AXIS2_PLACEMENT_3D('',#9975,#7912,#7913);
#6777=AXIS2_PLACEMENT_3D('',#9978,#7915,#7916);
#6778=AXIS2_PLACEMENT_3D('',#9979,#7917,#7918);
#6779=AXIS2_PLACEMENT_3D('',#9981,#7919,#7920);
#6780=AXIS2_PLACEMENT_3D('',#9983,#7921,#7922);
#6781=AXIS2_PLACEMENT_3D('',#9985,#7923,#7924);
#6782=AXIS2_PLACEMENT_3D('',#9987,#7925,#7926);
#6783=AXIS2_PLACEMENT_3D('',#9989,#7927,#7928);
#6784=AXIS2_PLACEMENT_3D('',#9995,#7933,#7934);
#6785=AXIS2_PLACEMENT_3D('',#9996,#7935,#7936);
#6786=AXIS2_PLACEMENT_3D('',#9998,#7937,#7938);
#6787=AXIS2_PLACEMENT_3D('',#10000,#7939,#7940);
#6788=AXIS2_PLACEMENT_3D('',#10002,#7941,#7942);
#6789=AXIS2_PLACEMENT_3D('',#10004,#7943,#7944);
#6790=AXIS2_PLACEMENT_3D('',#10006,#7945,#7946);
#6791=AXIS2_PLACEMENT_3D('',#10012,#7951,#7952);
#6792=AXIS2_PLACEMENT_3D('',#10014,#7954,#7955);
#6793=AXIS2_PLACEMENT_3D('',#10016,#7957,#7958);
#6794=AXIS2_PLACEMENT_3D('',#10017,#7959,#7960);
#6795=AXIS2_PLACEMENT_3D('',#10019,#7962,#7963);
#6796=AXIS2_PLACEMENT_3D('',#10021,#7965,#7966);
#6797=AXIS2_PLACEMENT_3D('',#10022,#7967,#7968);
#6798=AXIS2_PLACEMENT_3D('',#10024,#7970,#7971);
#6799=AXIS2_PLACEMENT_3D('',#10026,#7973,#7974);
#6800=AXIS2_PLACEMENT_3D('',#10028,#7976,#7977);
#6801=AXIS2_PLACEMENT_3D('',#10029,#7978,#7979);
#6802=AXIS2_PLACEMENT_3D('',#10031,#7981,#7982);
#6803=AXIS2_PLACEMENT_3D('',#10033,#7984,#7985);
#6804=AXIS2_PLACEMENT_3D('',#10034,#7986,#7987);
#6805=AXIS2_PLACEMENT_3D('',#10036,#7989,#7990);
#6806=AXIS2_PLACEMENT_3D('',#10038,#7992,#7993);
#6807=AXIS2_PLACEMENT_3D('',#10039,#7994,#7995);
#6808=AXIS2_PLACEMENT_3D('',#10040,#7996,#7997);
#6809=AXIS2_PLACEMENT_3D('',#10043,#7999,#8000);
#6810=AXIS2_PLACEMENT_3D('',#10045,#8001,#8002);
#6811=AXIS2_PLACEMENT_3D('',#10048,#8005,#8006);
#6812=AXIS2_PLACEMENT_3D('',#10050,#8007,#8008);
#6813=AXIS2_PLACEMENT_3D('',#10055,#8011,#8012);
#6814=AXIS2_PLACEMENT_3D('',#10057,#8013,#8014);
#6815=AXIS2_PLACEMENT_3D('',#10059,#8016,#8017);
#6816=AXIS2_PLACEMENT_3D('',#10063,#8020,#8021);
#6817=AXIS2_PLACEMENT_3D('',#10065,#8023,#8024);
#6818=AXIS2_PLACEMENT_3D('',#10067,#8025,#8026);
#6819=AXIS2_PLACEMENT_3D('',#10069,#8027,#8028);
#6820=AXIS2_PLACEMENT_3D('',#10070,#8029,#8030);
#6821=AXIS2_PLACEMENT_3D('',#10071,#8031,#8032);
#6822=AXIS2_PLACEMENT_3D('',#10073,#8034,#8035);
#6823=AXIS2_PLACEMENT_3D('',#10075,#8037,#8038);
#6824=AXIS2_PLACEMENT_3D('',#10079,#8041,#8042);
#6825=AXIS2_PLACEMENT_3D('',#10080,#8043,#8044);
#6826=AXIS2_PLACEMENT_3D('',#10082,#8045,#8046);
#6827=AXIS2_PLACEMENT_3D('',#10084,#8047,#8048);
#6828=AXIS2_PLACEMENT_3D('',#10085,#8049,#8050);
#6829=AXIS2_PLACEMENT_3D('',#10087,#8052,#8053);
#6830=AXIS2_PLACEMENT_3D('',#10089,#8055,#8056);
#6831=AXIS2_PLACEMENT_3D('',#10092,#8058,#8059);
#6832=AXIS2_PLACEMENT_3D('',#10096,#8061,#8062);
#6833=AXIS2_PLACEMENT_3D('',#10101,#8065,#8066);
#6834=AXIS2_PLACEMENT_3D('',#10104,#8068,#8069);
#6835=AXIS2_PLACEMENT_3D('',#10106,#8071,#8072);
#6836=AXIS2_PLACEMENT_3D('',#10108,#8074,#8075);
#6837=AXIS2_PLACEMENT_3D('',#10113,#8078,#8079);
#6838=AXIS2_PLACEMENT_3D('',#10114,#8080,#8081);
#6839=AXIS2_PLACEMENT_3D('',#10119,#8084,#8085);
#6840=AXIS2_PLACEMENT_3D('',#10120,#8086,#8087);
#6841=AXIS2_PLACEMENT_3D('',#10130,#8094,#8095);
#6842=AXIS2_PLACEMENT_3D('',#10135,#8098,#8099);
#6843=AXIS2_PLACEMENT_3D('',#10136,#8100,#8101);
#6844=AXIS2_PLACEMENT_3D('',#10144,#8106,#8107);
#6845=AXIS2_PLACEMENT_3D('',#10146,#8109,#8110);
#6846=AXIS2_PLACEMENT_3D('',#10148,#8112,#8113);
#6847=AXIS2_PLACEMENT_3D('',#10152,#8116,#8117);
#6848=AXIS2_PLACEMENT_3D('',#10156,#8120,#8121);
#6849=AXIS2_PLACEMENT_3D('',#10159,#8123,#8124);
#6850=AXIS2_PLACEMENT_3D('',#10160,#8125,#8126);
#6851=AXIS2_PLACEMENT_3D('',#10164,#8129,#8130);
#6852=AXIS2_PLACEMENT_3D('',#10167,#8132,#8133);
#6853=AXIS2_PLACEMENT_3D('',#10168,#8134,#8135);
#6854=AXIS2_PLACEMENT_3D('',#10172,#8138,#8139);
#6855=AXIS2_PLACEMENT_3D('',#10176,#8142,#8143);
#6856=AXIS2_PLACEMENT_3D('',#10179,#8145,#8146);
#6857=AXIS2_PLACEMENT_3D('',#10180,#8147,#8148);
#6858=AXIS2_PLACEMENT_3D('',#10186,#8152,#8153);
#6859=AXIS2_PLACEMENT_3D('',#10187,#8154,#8155);
#6860=AXIS2_PLACEMENT_3D('',#10188,#8156,#8157);
#6861=AXIS2_PLACEMENT_3D('',#10189,#8158,#8159);
#6862=AXIS2_PLACEMENT_3D('',#10190,#8160,#8161);
#6863=AXIS2_PLACEMENT_3D('',#10191,#8162,#8163);
#6864=AXIS2_PLACEMENT_3D('',#10192,#8164,#8165);
#6865=AXIS2_PLACEMENT_3D('',#10197,#8167,#8168);
#6866=AXIS2_PLACEMENT_3D('',#10200,#8170,#8171);
#6867=AXIS2_PLACEMENT_3D('',#10201,#8172,#8173);
#6868=AXIS2_PLACEMENT_3D('',#10206,#8175,#8176);
#6869=AXIS2_PLACEMENT_3D('',#10209,#8178,#8179);
#6870=AXIS2_PLACEMENT_3D('',#10210,#8180,#8181);
#6871=AXIS2_PLACEMENT_3D('',#10214,#8183,#8184);
#6872=AXIS2_PLACEMENT_3D('',#10215,#8185,#8186);
#6873=AXIS2_PLACEMENT_3D('',#10220,#8188,#8189);
#6874=AXIS2_PLACEMENT_3D('',#10223,#8191,#8192);
#6875=AXIS2_PLACEMENT_3D('',#10226,#8194,#8195);
#6876=AXIS2_PLACEMENT_3D('',#10227,#8196,#8197);
#6877=AXIS2_PLACEMENT_3D('',#10228,#8198,#8199);
#6878=AXIS2_PLACEMENT_3D('',#10233,#8202,#8203);
#6879=AXIS2_PLACEMENT_3D('',#10234,#8204,#8205);
#6880=AXIS2_PLACEMENT_3D('',#10239,#8208,#8209);
#6881=AXIS2_PLACEMENT_3D('',#10242,#8211,#8212);
#6882=AXIS2_PLACEMENT_3D('',#10243,#8213,#8214);
#6883=AXIS2_PLACEMENT_3D('',#10244,#8215,#8216);
#6884=AXIS2_PLACEMENT_3D('',#10249,#8219,#8220);
#6885=AXIS2_PLACEMENT_3D('',#10251,#8222,#8223);
#6886=AXIS2_PLACEMENT_3D('',#10252,#8224,#8225);
#6887=AXIS2_PLACEMENT_3D('',#10253,#8226,#8227);
#6888=AXIS2_PLACEMENT_3D('',#10254,#8228,#8229);
#6889=AXIS2_PLACEMENT_3D('',#10257,#8232,#8233);
#6890=AXIS2_PLACEMENT_3D('',#10260,#8236,#8237);
#6891=AXIS2_PLACEMENT_3D('',#10263,#8240,#8241);
#6892=AXIS2_PLACEMENT_3D('',#10265,#8243,#8244);
#6893=AXIS2_PLACEMENT_3D('',#10267,#8246,#8247);
#6894=AXIS2_PLACEMENT_3D('',#10268,#8248,#8249);
#6895=AXIS2_PLACEMENT_3D('',#10270,#8251,#8252);
#6896=AXIS2_PLACEMENT_3D('',#10272,#8254,#8255);
#6897=AXIS2_PLACEMENT_3D('',#10273,#8256,#8257);
#6898=AXIS2_PLACEMENT_3D('',#10275,#8259,#8260);
#6899=AXIS2_PLACEMENT_3D('',#10277,#8262,#8263);
#6900=AXIS2_PLACEMENT_3D('',#10279,#8265,#8266);
#6901=AXIS2_PLACEMENT_3D('',#10280,#8267,#8268);
#6902=AXIS2_PLACEMENT_3D('',#10282,#8270,#8271);
#6903=AXIS2_PLACEMENT_3D('',#10284,#8273,#8274);
#6904=AXIS2_PLACEMENT_3D('',#10285,#8275,#8276);
#6905=AXIS2_PLACEMENT_3D('',#10287,#8278,#8279);
#6906=AXIS2_PLACEMENT_3D('',#10289,#8281,#8282);
#6907=AXIS2_PLACEMENT_3D('',#10290,#8283,#8284);
#6908=AXIS2_PLACEMENT_3D('',#10291,#8285,#8286);
#6909=AXIS2_PLACEMENT_3D('',#10293,#8288,#8289);
#6910=AXIS2_PLACEMENT_3D('',#10295,#8290,#8291);
#6911=AXIS2_PLACEMENT_3D('',#10300,#8294,#8295);
#6912=AXIS2_PLACEMENT_3D('',#10302,#8296,#8297);
#6913=AXIS2_PLACEMENT_3D('',#10305,#8300,#8301);
#6914=AXIS2_PLACEMENT_3D('',#10307,#8302,#8303);
#6915=AXIS2_PLACEMENT_3D('',#10310,#8305,#8306);
#6916=AXIS2_PLACEMENT_3D('',#10314,#8309,#8310);
#6917=AXIS2_PLACEMENT_3D('',#10315,#8311,#8312);
#6918=AXIS2_PLACEMENT_3D('',#10317,#8313,#8314);
#6919=AXIS2_PLACEMENT_3D('',#10319,#8315,#8316);
#6920=AXIS2_PLACEMENT_3D('',#10321,#8318,#8319);
#6921=AXIS2_PLACEMENT_3D('',#10322,#8320,#8321);
#6922=AXIS2_PLACEMENT_3D('',#10324,#8323,#8324);
#6923=AXIS2_PLACEMENT_3D('',#10326,#8326,#8327);
#6924=AXIS2_PLACEMENT_3D('',#10330,#8330,#8331);
#6925=AXIS2_PLACEMENT_3D('',#10331,#8332,#8333);
#6926=AXIS2_PLACEMENT_3D('',#10333,#8334,#8335);
#6927=AXIS2_PLACEMENT_3D('',#10335,#8336,#8337);
#6928=AXIS2_PLACEMENT_3D('',#10336,#8338,#8339);
#6929=AXIS2_PLACEMENT_3D('',#10338,#8341,#8342);
#6930=AXIS2_PLACEMENT_3D('',#10340,#8344,#8345);
#6931=AXIS2_PLACEMENT_3D('',#10343,#8347,#8348);
#6932=AXIS2_PLACEMENT_3D('',#10348,#8351,#8352);
#6933=AXIS2_PLACEMENT_3D('',#10352,#8354,#8355);
#6934=AXIS2_PLACEMENT_3D('',#10355,#8357,#8358);
#6935=AXIS2_PLACEMENT_3D('',#10357,#8360,#8361);
#6936=AXIS2_PLACEMENT_3D('',#10359,#8363,#8364);
#6937=AXIS2_PLACEMENT_3D('',#10362,#8366,#8367);
#6938=AXIS2_PLACEMENT_3D('',#10365,#8369,#8370);
#6939=AXIS2_PLACEMENT_3D('',#10368,#8372,#8373);
#6940=AXIS2_PLACEMENT_3D('',#10371,#8375,#8376);
#6941=AXIS2_PLACEMENT_3D('',#10381,#8383,#8384);
#6942=AXIS2_PLACEMENT_3D('',#10384,#8386,#8387);
#6943=AXIS2_PLACEMENT_3D('',#10387,#8389,#8390);
#6944=AXIS2_PLACEMENT_3D('',#10395,#8395,#8396);
#6945=AXIS2_PLACEMENT_3D('',#10397,#8398,#8399);
#6946=AXIS2_PLACEMENT_3D('',#10399,#8401,#8402);
#6947=AXIS2_PLACEMENT_3D('',#10403,#8405,#8406);
#6948=AXIS2_PLACEMENT_3D('',#10407,#8409,#8410);
#6949=AXIS2_PLACEMENT_3D('',#10408,#8411,#8412);
#6950=AXIS2_PLACEMENT_3D('',#10411,#8414,#8415);
#6951=AXIS2_PLACEMENT_3D('',#10415,#8418,#8419);
#6952=AXIS2_PLACEMENT_3D('',#10416,#8420,#8421);
#6953=AXIS2_PLACEMENT_3D('',#10419,#8423,#8424);
#6954=AXIS2_PLACEMENT_3D('',#10423,#8427,#8428);
#6955=AXIS2_PLACEMENT_3D('',#10427,#8431,#8432);
#6956=AXIS2_PLACEMENT_3D('',#10428,#8433,#8434);
#6957=AXIS2_PLACEMENT_3D('',#10431,#8436,#8437);
#6958=AXIS2_PLACEMENT_3D('',#10437,#8441,#8442);
#6959=AXIS2_PLACEMENT_3D('',#10438,#8443,#8444);
#6960=AXIS2_PLACEMENT_3D('',#10439,#8445,#8446);
#6961=AXIS2_PLACEMENT_3D('',#10440,#8447,#8448);
#6962=AXIS2_PLACEMENT_3D('',#10441,#8449,#8450);
#6963=AXIS2_PLACEMENT_3D('',#10442,#8451,#8452);
#6964=AXIS2_PLACEMENT_3D('',#10446,#8454,#8455);
#6965=AXIS2_PLACEMENT_3D('',#10450,#8457,#8458);
#6966=AXIS2_PLACEMENT_3D('',#10451,#8459,#8460);
#6967=AXIS2_PLACEMENT_3D('',#10457,#8463,#8464);
#6968=AXIS2_PLACEMENT_3D('',#10461,#8466,#8467);
#6969=AXIS2_PLACEMENT_3D('',#10467,#8470,#8471);
#6970=AXIS2_PLACEMENT_3D('',#10471,#8473,#8474);
#6971=AXIS2_PLACEMENT_3D('',#10477,#8477,#8478);
#6972=AXIS2_PLACEMENT_3D('',#10481,#8480,#8481);
#6973=AXIS2_PLACEMENT_3D('',#10482,#8482,#8483);
#6974=AXIS2_PLACEMENT_3D('',#10485,#8486,#8487);
#6975=AXIS2_PLACEMENT_3D('',#10489,#8490,#8491);
#6976=AXIS2_PLACEMENT_3D('',#10490,#8492,#8493);
#6977=AXIS2_PLACEMENT_3D('',#10493,#8495,#8496);
#6978=AXIS2_PLACEMENT_3D('',#10501,#8501,#8502);
#6979=AXIS2_PLACEMENT_3D('',#10509,#8507,#8508);
#6980=AXIS2_PLACEMENT_3D('',#10510,#8509,#8510);
#6981=AXIS2_PLACEMENT_3D('',#10513,#8512,#8513);
#6982=AXIS2_PLACEMENT_3D('',#10519,#8517,#8518);
#6983=AXIS2_PLACEMENT_3D('',#10520,#8519,#8520);
#6984=AXIS2_PLACEMENT_3D('',#10523,#8522,#8523);
#6985=AXIS2_PLACEMENT_3D('',#10531,#8528,#8529);
#6986=AXIS2_PLACEMENT_3D('',#10537,#8533,#8534);
#6987=AXIS2_PLACEMENT_3D('',#10543,#8538,#8539);
#6988=AXIS2_PLACEMENT_3D('',#10551,#8544,#8545);
#6989=AXIS2_PLACEMENT_3D('',#10555,#8548,#8549);
#6990=AXIS2_PLACEMENT_3D('',#10556,#8550,#8551);
#6991=AXIS2_PLACEMENT_3D('',#10557,#8552,#8553);
#6992=AXIS2_PLACEMENT_3D('',#10558,#8554,#8555);
#6993=AXIS2_PLACEMENT_3D('',#10559,#8556,#8557);
#6994=AXIS2_PLACEMENT_3D('',#10560,#8558,#8559);
#6995=AXIS2_PLACEMENT_3D('',#10561,#8560,#8561);
#6996=AXIS2_PLACEMENT_3D('',#10562,#8562,#8563);
#6997=AXIS2_PLACEMENT_3D('',#10563,#8564,#8565);
#6998=AXIS2_PLACEMENT_3D('',#10564,#8566,#8567);
#6999=AXIS2_PLACEMENT_3D('',#10565,#8568,#8569);
#7000=AXIS2_PLACEMENT_3D('',#10566,#8570,#8571);
#7001=AXIS2_PLACEMENT_3D('',#10570,#8573,#8574);
#7002=AXIS2_PLACEMENT_3D('',#10571,#8575,#8576);
#7003=AXIS2_PLACEMENT_3D('',#10574,#8579,#8580);
#7004=AXIS2_PLACEMENT_3D('',#10575,#8581,#8582);
#7005=AXIS2_PLACEMENT_3D('',#10576,#8583,#8584);
#7006=AXIS2_PLACEMENT_3D('',#10579,#8586,#8587);
#7007=AXIS2_PLACEMENT_3D('',#10583,#8590,#8591);
#7008=AXIS2_PLACEMENT_3D('',#10584,#8592,#8593);
#7009=AXIS2_PLACEMENT_3D('',#10588,#8595,#8596);
#7010=AXIS2_PLACEMENT_3D('',#10589,#8597,#8598);
#7011=AXIS2_PLACEMENT_3D('',#10592,#8600,#8601);
#7012=AXIS2_PLACEMENT_3D('',#10594,#8603,#8604);
#7013=AXIS2_PLACEMENT_3D('',#10596,#8606,#8607);
#7014=AXIS2_PLACEMENT_3D('',#10600,#8610,#8611);
#7015=AXIS2_PLACEMENT_3D('',#10601,#8612,#8613);
#7016=AXIS2_PLACEMENT_3D('',#10605,#8615,#8616);
#7017=AXIS2_PLACEMENT_3D('',#10606,#8617,#8618);
#7018=AXIS2_PLACEMENT_3D('',#10612,#8622,#8623);
#7019=AXIS2_PLACEMENT_3D('',#10613,#8624,#8625);
#7020=AXIS2_PLACEMENT_3D('',#10615,#8627,#8628);
#7021=AXIS2_PLACEMENT_3D('',#10617,#8630,#8631);
#7022=AXIS2_PLACEMENT_3D('',#10618,#8632,#8633);
#7023=AXIS2_PLACEMENT_3D('',#10619,#8634,#8635);
#7024=AXIS2_PLACEMENT_3D('',#10620,#8636,#8637);
#7025=AXIS2_PLACEMENT_3D('',#10621,#8638,#8639);
#7026=AXIS2_PLACEMENT_3D('',#10624,#8642,#8643);
#7027=AXIS2_PLACEMENT_3D('',#10631,#8648,#8649);
#7028=AXIS2_PLACEMENT_3D('',#10633,#8651,#8652);
#7029=AXIS2_PLACEMENT_3D('',#10634,#8653,#8654);
#7030=AXIS2_PLACEMENT_3D('',#10636,#8656,#8657);
#7031=AXIS2_PLACEMENT_3D('',#10637,#8658,#8659);
#7032=AXIS2_PLACEMENT_3D('',#10639,#8661,#8662);
#7033=AXIS2_PLACEMENT_3D('',#10644,#8666,#8667);
#7034=AXIS2_PLACEMENT_3D('',#10648,#8670,#8671);
#7035=AXIS2_PLACEMENT_3D('',#10650,#8673,#8674);
#7036=AXIS2_PLACEMENT_3D('',#10654,#8677,#8678);
#7037=AXIS2_PLACEMENT_3D('',#10659,#8682,#8683);
#7038=AXIS2_PLACEMENT_3D('',#10661,#8685,#8686);
#7039=AXIS2_PLACEMENT_3D('',#10665,#8689,#8690);
#7040=AXIS2_PLACEMENT_3D('',#10670,#8694,#8695);
#7041=AXIS2_PLACEMENT_3D('',#10671,#8696,#8697);
#7042=AXIS2_PLACEMENT_3D('',#10672,#8698,#8699);
#7043=AXIS2_PLACEMENT_3D('',#10673,#8700,#8701);
#7044=AXIS2_PLACEMENT_3D('',#10674,#8702,#8703);
#7045=AXIS2_PLACEMENT_3D('',#10675,#8704,#8705);
#7046=AXIS2_PLACEMENT_3D('',#10676,#8706,#8707);
#7047=AXIS2_PLACEMENT_3D('',#10677,#8708,#8709);
#7048=AXIS2_PLACEMENT_3D('',#10678,#8710,#8711);
#7049=AXIS2_PLACEMENT_3D('',#10679,#8712,#8713);
#7050=AXIS2_PLACEMENT_3D('',#10680,#8714,#8715);
#7051=AXIS2_PLACEMENT_3D('',#10681,#8716,#8717);
#7052=AXIS2_PLACEMENT_3D('',#10682,#8718,#8719);
#7053=AXIS2_PLACEMENT_3D('',#10683,#8720,#8721);
#7054=AXIS2_PLACEMENT_3D('',#10684,#8722,#8723);
#7055=AXIS2_PLACEMENT_3D('',#10685,#8724,#8725);
#7056=AXIS2_PLACEMENT_3D('',#10686,#8726,#8727);
#7057=AXIS2_PLACEMENT_3D('',#10687,#8728,#8729);
#7058=AXIS2_PLACEMENT_3D('',#10688,#8730,#8731);
#7059=AXIS2_PLACEMENT_3D('',#10689,#8732,#8733);
#7060=AXIS2_PLACEMENT_3D('',#10690,#8734,#8735);
#7061=AXIS2_PLACEMENT_3D('',#10691,#8736,#8737);
#7062=AXIS2_PLACEMENT_3D('',#10692,#8738,#8739);
#7063=AXIS2_PLACEMENT_3D('',#10693,#8740,#8741);
#7064=AXIS2_PLACEMENT_3D('',#10694,#8742,#8743);
#7065=AXIS2_PLACEMENT_3D('',#10699,#8745,#8746);
#7066=AXIS2_PLACEMENT_3D('',#10702,#8748,#8749);
#7067=AXIS2_PLACEMENT_3D('',#10703,#8750,#8751);
#7068=AXIS2_PLACEMENT_3D('',#10708,#8753,#8754);
#7069=AXIS2_PLACEMENT_3D('',#10711,#8756,#8757);
#7070=AXIS2_PLACEMENT_3D('',#10712,#8758,#8759);
#7071=AXIS2_PLACEMENT_3D('',#10716,#8761,#8762);
#7072=AXIS2_PLACEMENT_3D('',#10717,#8763,#8764);
#7073=AXIS2_PLACEMENT_3D('',#10722,#8766,#8767);
#7074=AXIS2_PLACEMENT_3D('',#10725,#8769,#8770);
#7075=AXIS2_PLACEMENT_3D('',#10728,#8772,#8773);
#7076=AXIS2_PLACEMENT_3D('',#10729,#8774,#8775);
#7077=AXIS2_PLACEMENT_3D('',#10730,#8776,#8777);
#7078=AXIS2_PLACEMENT_3D('',#10735,#8780,#8781);
#7079=AXIS2_PLACEMENT_3D('',#10736,#8782,#8783);
#7080=AXIS2_PLACEMENT_3D('',#10741,#8786,#8787);
#7081=AXIS2_PLACEMENT_3D('',#10744,#8789,#8790);
#7082=AXIS2_PLACEMENT_3D('',#10745,#8791,#8792);
#7083=AXIS2_PLACEMENT_3D('',#10746,#8793,#8794);
#7084=AXIS2_PLACEMENT_3D('',#10751,#8797,#8798);
#7085=AXIS2_PLACEMENT_3D('',#10753,#8800,#8801);
#7086=AXIS2_PLACEMENT_3D('',#10754,#8802,#8803);
#7087=AXIS2_PLACEMENT_3D('',#10755,#8804,#8805);
#7088=AXIS2_PLACEMENT_3D('',#10756,#8806,#8807);
#7089=AXIS2_PLACEMENT_3D('',#10759,#8810,#8811);
#7090=AXIS2_PLACEMENT_3D('',#10762,#8814,#8815);
#7091=AXIS2_PLACEMENT_3D('',#10765,#8818,#8819);
#7092=AXIS2_PLACEMENT_3D('',#10767,#8821,#8822);
#7093=AXIS2_PLACEMENT_3D('',#10769,#8824,#8825);
#7094=AXIS2_PLACEMENT_3D('',#10770,#8826,#8827);
#7095=AXIS2_PLACEMENT_3D('',#10772,#8829,#8830);
#7096=AXIS2_PLACEMENT_3D('',#10774,#8832,#8833);
#7097=AXIS2_PLACEMENT_3D('',#10775,#8834,#8835);
#7098=AXIS2_PLACEMENT_3D('',#10777,#8837,#8838);
#7099=AXIS2_PLACEMENT_3D('',#10779,#8840,#8841);
#7100=AXIS2_PLACEMENT_3D('',#10781,#8843,#8844);
#7101=AXIS2_PLACEMENT_3D('',#10782,#8845,#8846);
#7102=AXIS2_PLACEMENT_3D('',#10784,#8848,#8849);
#7103=AXIS2_PLACEMENT_3D('',#10786,#8851,#8852);
#7104=AXIS2_PLACEMENT_3D('',#10787,#8853,#8854);
#7105=AXIS2_PLACEMENT_3D('',#10789,#8856,#8857);
#7106=AXIS2_PLACEMENT_3D('',#10791,#8859,#8860);
#7107=AXIS2_PLACEMENT_3D('',#10792,#8861,#8862);
#7108=AXIS2_PLACEMENT_3D('',#10793,#8863,#8864);
#7109=AXIS2_PLACEMENT_3D('',#10795,#8866,#8867);
#7110=AXIS2_PLACEMENT_3D('',#10797,#8868,#8869);
#7111=AXIS2_PLACEMENT_3D('',#10802,#8872,#8873);
#7112=AXIS2_PLACEMENT_3D('',#10804,#8874,#8875);
#7113=AXIS2_PLACEMENT_3D('',#10807,#8878,#8879);
#7114=AXIS2_PLACEMENT_3D('',#10809,#8880,#8881);
#7115=AXIS2_PLACEMENT_3D('',#10812,#8883,#8884);
#7116=AXIS2_PLACEMENT_3D('',#10816,#8887,#8888);
#7117=AXIS2_PLACEMENT_3D('',#10817,#8889,#8890);
#7118=AXIS2_PLACEMENT_3D('',#10819,#8891,#8892);
#7119=AXIS2_PLACEMENT_3D('',#10821,#8893,#8894);
#7120=AXIS2_PLACEMENT_3D('',#10823,#8896,#8897);
#7121=AXIS2_PLACEMENT_3D('',#10824,#8898,#8899);
#7122=AXIS2_PLACEMENT_3D('',#10826,#8901,#8902);
#7123=AXIS2_PLACEMENT_3D('',#10828,#8904,#8905);
#7124=AXIS2_PLACEMENT_3D('',#10832,#8908,#8909);
#7125=AXIS2_PLACEMENT_3D('',#10833,#8910,#8911);
#7126=AXIS2_PLACEMENT_3D('',#10835,#8912,#8913);
#7127=AXIS2_PLACEMENT_3D('',#10837,#8914,#8915);
#7128=AXIS2_PLACEMENT_3D('',#10838,#8916,#8917);
#7129=AXIS2_PLACEMENT_3D('',#10840,#8919,#8920);
#7130=AXIS2_PLACEMENT_3D('',#10842,#8922,#8923);
#7131=AXIS2_PLACEMENT_3D('',#10845,#8925,#8926);
#7132=AXIS2_PLACEMENT_3D('',#10850,#8929,#8930);
#7133=AXIS2_PLACEMENT_3D('',#10854,#8932,#8933);
#7134=AXIS2_PLACEMENT_3D('',#10857,#8935,#8936);
#7135=AXIS2_PLACEMENT_3D('',#10859,#8938,#8939);
#7136=AXIS2_PLACEMENT_3D('',#10861,#8941,#8942);
#7137=AXIS2_PLACEMENT_3D('',#10864,#8944,#8945);
#7138=AXIS2_PLACEMENT_3D('',#10867,#8947,#8948);
#7139=AXIS2_PLACEMENT_3D('',#10870,#8950,#8951);
#7140=AXIS2_PLACEMENT_3D('',#10873,#8953,#8954);
#7141=AXIS2_PLACEMENT_3D('',#10883,#8961,#8962);
#7142=AXIS2_PLACEMENT_3D('',#10886,#8964,#8965);
#7143=AXIS2_PLACEMENT_3D('',#10889,#8967,#8968);
#7144=AXIS2_PLACEMENT_3D('',#10897,#8973,#8974);
#7145=AXIS2_PLACEMENT_3D('',#10899,#8976,#8977);
#7146=AXIS2_PLACEMENT_3D('',#10901,#8979,#8980);
#7147=AXIS2_PLACEMENT_3D('',#10905,#8983,#8984);
#7148=AXIS2_PLACEMENT_3D('',#10909,#8987,#8988);
#7149=AXIS2_PLACEMENT_3D('',#10910,#8989,#8990);
#7150=AXIS2_PLACEMENT_3D('',#10913,#8992,#8993);
#7151=AXIS2_PLACEMENT_3D('',#10917,#8996,#8997);
#7152=AXIS2_PLACEMENT_3D('',#10918,#8998,#8999);
#7153=AXIS2_PLACEMENT_3D('',#10921,#9001,#9002);
#7154=AXIS2_PLACEMENT_3D('',#10925,#9005,#9006);
#7155=AXIS2_PLACEMENT_3D('',#10929,#9009,#9010);
#7156=AXIS2_PLACEMENT_3D('',#10930,#9011,#9012);
#7157=AXIS2_PLACEMENT_3D('',#10933,#9014,#9015);
#7158=AXIS2_PLACEMENT_3D('',#10939,#9019,#9020);
#7159=AXIS2_PLACEMENT_3D('',#10940,#9021,#9022);
#7160=AXIS2_PLACEMENT_3D('',#10941,#9023,#9024);
#7161=AXIS2_PLACEMENT_3D('',#10942,#9025,#9026);
#7162=AXIS2_PLACEMENT_3D('',#10943,#9027,#9028);
#7163=AXIS2_PLACEMENT_3D('',#10944,#9029,#9030);
#7164=AXIS2_PLACEMENT_3D('',#10947,#9033,#9034);
#7165=AXIS2_PLACEMENT_3D('',#10948,#9035,#9036);
#7166=AXIS2_PLACEMENT_3D('',#10949,#9037,#9038);
#7167=AXIS2_PLACEMENT_3D('',#10952,#9041,#9042);
#7168=AXIS2_PLACEMENT_3D('',#10953,#9043,#9044);
#7169=AXIS2_PLACEMENT_3D('',#10954,#9045,#9046);
#7170=AXIS2_PLACEMENT_3D('',#10957,#9049,#9050);
#7171=AXIS2_PLACEMENT_3D('',#10958,#9051,#9052);
#7172=AXIS2_PLACEMENT_3D('',#10959,#9053,#9054);
#7173=AXIS2_PLACEMENT_3D('',#10962,#9057,#9058);
#7174=AXIS2_PLACEMENT_3D('',#10963,#9059,#9060);
#7175=AXIS2_PLACEMENT_3D('',#10964,#9061,#9062);
#7176=AXIS2_PLACEMENT_3D('',#10965,#9063,#9064);
#7177=AXIS2_PLACEMENT_3D('',#10966,#9065,#9066);
#7178=AXIS2_PLACEMENT_3D('',#10967,#9067,#9068);
#7179=AXIS2_PLACEMENT_3D('',#10968,#9069,#9070);
#7180=AXIS2_PLACEMENT_3D('',#10969,#9071,#9072);
#7181=AXIS2_PLACEMENT_3D('',#10970,#9073,#9074);
#7182=AXIS2_PLACEMENT_3D('',#10971,#9075,#9076);
#7183=DIRECTION('',(0.,0.,1.));
#7184=DIRECTION('',(1.,0.,0.));
#7185=DIRECTION('',(-1.61369625672261E-16,-1.,0.));
#7186=DIRECTION('',(1.,-1.61369625672261E-16,0.));
#7187=DIRECTION('',(-1.,1.61369625672261E-16,0.));
#7188=DIRECTION('',(0.,0.,1.));
#7189=DIRECTION('',(-1.,1.61369625672261E-16,0.));
#7190=DIRECTION('',(0.,0.,1.));
#7191=DIRECTION('',(-1.61369625672261E-16,-1.,0.));
#7192=DIRECTION('',(1.,-1.61369625672261E-16,0.));
#7193=DIRECTION('',(-1.,1.61369625672261E-16,0.));
#7194=DIRECTION('',(0.,0.,1.));
#7195=DIRECTION('',(-1.,1.61369625672261E-16,0.));
#7196=DIRECTION('',(0.,0.,1.));
#7197=DIRECTION('',(0.,0.,1.));
#7198=DIRECTION('',(1.,0.,0.));
#7199=DIRECTION('',(0.,0.,1.));
#7200=DIRECTION('',(1.,0.,0.));
#7201=DIRECTION('',(-0.836525248007682,0.547928379850585,0.));
#7202=DIRECTION('',(-1.,1.21027219254196E-16,0.));
#7203=DIRECTION('',(0.,0.,-1.));
#7204=DIRECTION('',(0.821816374394594,-0.569752443414616,0.));
#7205=DIRECTION('',(0.,0.,-1.));
#7206=DIRECTION('',(0.821616340450241,-0.57004086617115,1.17729899902959E-14));
#7207=DIRECTION('',(-1.,1.21027219254196E-16,0.));
#7208=DIRECTION('',(0.,-1.,0.));
#7209=DIRECTION('',(0.,0.,-1.));
#7210=DIRECTION('',(0.991071249821234,-0.133333333333329,0.));
#7211=DIRECTION('',(-0.836525248007682,0.547928379850585,0.));
#7212=DIRECTION('',(0.,0.,-1.));
#7213=DIRECTION('',(0.991071249821234,-0.133333333333329,0.));
#7214=DIRECTION('',(0.,-1.,0.));
#7215=DIRECTION('',(0.,0.,-1.));
#7216=DIRECTION('',(0.999644381212083,-0.0266666666666665,0.));
#7217=DIRECTION('',(-1.,0.,0.));
#7218=DIRECTION('',(0.,0.,-1.));
#7219=DIRECTION('',(0.988094813743472,-0.153846153846152,0.));
#7220=DIRECTION('',(0.,0.,-1.));
#7221=DIRECTION('',(0.999644381212083,-0.0266666666666665,0.));
#7222=DIRECTION('',(1.,0.,0.));
#7223=DIRECTION('',(0.,0.,-1.));
#7224=DIRECTION('',(0.991071249821234,-0.133333333333329,0.));
#7225=DIRECTION('',(0.,1.,0.));
#7226=DIRECTION('',(0.,0.,-1.));
#7227=DIRECTION('',(0.999644381212083,-0.0266666666666665,0.));
#7228=DIRECTION('',(0.,1.,0.));
#7229=DIRECTION('',(0.,0.,-1.));
#7230=DIRECTION('',(0.991071249821234,-0.133333333333329,0.));
#7231=DIRECTION('',(-1.,0.,0.));
#7232=DIRECTION('',(-0.836525248007682,0.547928379850585,0.));
#7233=DIRECTION('',(0.,0.,-1.));
#7234=DIRECTION('',(0.991071249821234,-0.133333333333329,0.));
#7235=DIRECTION('',(1.,0.,0.));
#7236=DIRECTION('',(0.,0.,-1.));
#7237=DIRECTION('',(0.999644381212083,-0.0266666666666665,0.));
#7238=DIRECTION('',(-1.,1.3695185336659E-16,0.));
#7239=DIRECTION('',(-1.7347234759768E-16,1.,0.));
#7240=DIRECTION('',(-1.,1.21027219254196E-16,0.));
#7241=DIRECTION('',(-0.836525248007682,0.547928379850585,0.));
#7242=DIRECTION('',(0.,0.,-1.));
#7243=DIRECTION('',(-0.0263157894736839,-0.999653679643294,0.));
#7244=DIRECTION('',(0.,-1.,0.));
#7245=DIRECTION('',(-1.,0.,0.));
#7246=DIRECTION('',(0.,-1.,0.));
#7247=DIRECTION('',(0.,0.,1.));
#7248=DIRECTION('',(1.,0.,0.));
#7249=DIRECTION('',(0.,0.,1.));
#7250=DIRECTION('',(-0.988094813743472,-0.153846153846152,0.));
#7251=DIRECTION('',(0.,0.,1.));
#7252=DIRECTION('',(-0.999644381212083,-0.0266666666666665,0.));
#7253=DIRECTION('',(0.,1.,0.));
#7254=DIRECTION('',(0.,0.,1.));
#7255=DIRECTION('',(-0.991071249821234,-0.133333333333329,0.));
#7256=DIRECTION('',(-1.,0.,0.));
#7257=DIRECTION('',(0.,0.,1.));
#7258=DIRECTION('',(-0.999644381212083,-0.0266666666666665,0.));
#7259=DIRECTION('',(1.,0.,0.));
#7260=DIRECTION('',(0.,0.,1.));
#7261=DIRECTION('',(-0.991071249821234,-0.133333333333329,0.));
#7262=DIRECTION('',(0.,1.,0.));
#7263=DIRECTION('',(0.836525248007682,0.547928379850585,0.));
#7264=DIRECTION('',(0.,0.,1.));
#7265=DIRECTION('',(-0.999644381212083,-0.0266666666666665,0.));
#7266=DIRECTION('',(-1.,0.,0.));
#7267=DIRECTION('',(0.,0.,1.));
#7268=DIRECTION('',(-0.991071249821234,-0.133333333333329,0.));
#7269=DIRECTION('',(0.,0.,1.));
#7270=DIRECTION('',(-0.999644381212083,-0.0266666666666665,0.));
#7271=DIRECTION('',(0.,-1.,0.));
#7272=DIRECTION('',(0.,0.,1.));
#7273=DIRECTION('',(-0.991071249821234,-0.133333333333329,0.));
#7274=DIRECTION('',(1.,0.,0.));
#7275=DIRECTION('',(-1.,1.21027219254196E-16,0.));
#7276=DIRECTION('',(0.,0.,1.));
#7277=DIRECTION('',(-0.821616340450241,-0.57004086617115,1.17729899902959E-14));
#7278=DIRECTION('',(0.836525248007682,0.547928379850585,0.));
#7279=DIRECTION('',(0.,0.,1.));
#7280=DIRECTION('',(-0.991071249821234,-0.133333333333329,0.));
#7281=DIRECTION('',(0.,-1.,0.));
#7282=DIRECTION('',(-1.,1.21027219254196E-16,0.));
#7283=DIRECTION('',(0.836525248007682,0.547928379850585,0.));
#7284=DIRECTION('',(0.,0.,1.));
#7285=DIRECTION('',(-0.821816374394594,-0.569752443414616,0.));
#7286=DIRECTION('',(-1.,1.21027219254196E-16,0.));
#7287=DIRECTION('',(0.,-1.,0.));
#7288=DIRECTION('',(-1.,1.3695185336659E-16,0.));
#7289=DIRECTION('',(0.,-1.,0.));
#7290=DIRECTION('',(1.,0.,0.));
#7291=DIRECTION('',(0.,-1.,0.));
#7292=DIRECTION('',(0.,0.,1.));
#7293=DIRECTION('',(0.0263157894736839,-0.999653679643294,0.));
#7294=DIRECTION('',(0.836525248007682,0.547928379850585,0.));
#7295=DIRECTION('',(-1.21027219254196E-16,-1.,0.));
#7296=DIRECTION('',(1.,-1.21027219254196E-16,0.));
#7297=DIRECTION('',(0.,0.,1.));
#7298=DIRECTION('',(-1.,1.21027219254196E-16,0.));
#7299=DIRECTION('',(0.,0.,1.));
#7300=DIRECTION('',(-1.21027219254196E-16,-1.,0.));
#7301=DIRECTION('',(1.,-1.21027219254196E-16,0.));
#7302=DIRECTION('',(-1.,1.21027219254196E-16,0.));
#7303=DIRECTION('',(0.,0.,1.));
#7304=DIRECTION('',(-1.,1.21027219254196E-16,0.));
#7305=DIRECTION('',(0.,0.,1.));
#7306=DIRECTION('',(-1.3695185336659E-16,-1.,0.));
#7307=DIRECTION('',(1.,-1.3695185336659E-16,0.));
#7308=DIRECTION('',(-1.,1.3695185336659E-16,0.));
#7309=DIRECTION('',(0.,0.,1.));
#7310=DIRECTION('',(-1.,1.3695185336659E-16,0.));
#7311=DIRECTION('',(0.,0.,-1.));
#7312=DIRECTION('',(-1.3695185336659E-16,-1.,0.));
#7313=DIRECTION('',(1.,-1.3695185336659E-16,0.));
#7314=DIRECTION('',(0.,0.,1.));
#7315=DIRECTION('',(-1.,1.3695185336659E-16,0.));
#7316=DIRECTION('',(0.,0.,1.));
#7317=DIRECTION('',(-1.,1.3695185336659E-16,0.));
#7318=DIRECTION('',(-1.3695185336659E-16,-1.,0.));
#7319=DIRECTION('',(1.,-1.3695185336659E-16,0.));
#7320=DIRECTION('',(-1.,1.3695185336659E-16,0.));
#7321=DIRECTION('',(0.,0.,1.));
#7322=DIRECTION('',(0.,0.,-1.));
#7323=DIRECTION('',(-1.3695185336659E-16,-1.,0.));
#7324=DIRECTION('',(1.,-1.3695185336659E-16,0.));
#7325=DIRECTION('',(0.,0.,1.));
#7326=DIRECTION('',(-1.,1.3695185336659E-16,0.));
#7327=DIRECTION('',(0.,0.,1.));
#7328=DIRECTION('',(-1.,1.3695185336659E-16,0.));
#7329=DIRECTION('',(0.,0.,1.));
#7330=DIRECTION('',(1.,0.,0.));
#7331=DIRECTION('',(0.,0.,-1.));
#7332=DIRECTION('',(1.,0.,0.));
#7333=DIRECTION('',(0.,0.,-1.));
#7334=DIRECTION('',(0.988094813743472,-0.153846153846152,0.));
#7335=DIRECTION('',(0.999993590570373,0.00358033771785946,0.));
#7336=DIRECTION('',(0.,0.,1.));
#7337=DIRECTION('',(-0.993149983316578,-0.116846526000054,0.));
#7338=DIRECTION('',(-0.5,-0.866025403784441,0.));
#7339=DIRECTION('',(0.,0.,-1.));
#7340=DIRECTION('',(0.988094813743472,-0.153846153846152,0.));
#7341=DIRECTION('',(0.499999999999994,-0.866025403784442,0.));
#7342=DIRECTION('',(0.,0.,1.));
#7343=DIRECTION('',(0.5,-0.866025403784441,0.));
#7344=DIRECTION('',(0.999993590570373,0.00358033771785907,0.));
#7345=DIRECTION('',(0.,0.,-1.));
#7346=DIRECTION('',(0.988094813743472,-0.153846153846152,0.));
#7347=DIRECTION('',(0.50000000000001,0.866025403784433,0.));
#7348=DIRECTION('',(0.,0.,1.));
#7349=DIRECTION('',(0.5,0.866025403784439,0.));
#7350=DIRECTION('',(-0.500000000000007,0.866025403784434,0.));
#7351=DIRECTION('',(-1.,1.21027219254196E-16,0.));
#7352=DIRECTION('',(0.,0.,-1.));
#7353=DIRECTION('',(0.821616340450241,-0.57004086617115,1.17729899902959E-14));
#7354=DIRECTION('',(-0.836525248007682,0.547928379850585,0.));
#7355=DIRECTION('',(0.,0.,-1.));
#7356=DIRECTION('',(0.991071249821234,-0.133333333333329,0.));
#7357=DIRECTION('',(0.,-1.,0.));
#7358=DIRECTION('',(-1.,1.21027219254196E-16,0.));
#7359=DIRECTION('',(-0.836525248007682,0.547928379850585,0.));
#7360=DIRECTION('',(0.,0.,-1.));
#7361=DIRECTION('',(0.821816374394594,-0.569752443414616,0.));
#7362=DIRECTION('',(-1.7347234759768E-16,1.,0.));
#7363=DIRECTION('',(0.,-1.,0.));
#7364=DIRECTION('',(-1.,0.,0.));
#7365=DIRECTION('',(0.,-1.,0.));
#7366=DIRECTION('',(0.,0.,-1.));
#7367=DIRECTION('',(0.991071249821234,-0.133333333333329,0.));
#7368=DIRECTION('',(-1.,0.,0.));
#7369=DIRECTION('',(0.,0.,-1.));
#7370=DIRECTION('',(-0.999644381212083,-0.026666666666682,2.4378647249075E-14));
#7371=DIRECTION('',(-1.,0.,0.));
#7372=DIRECTION('',(0.,0.,-1.));
#7373=DIRECTION('',(0.991071249821234,-0.133333333333329,0.));
#7374=DIRECTION('',(0.,1.,0.));
#7375=DIRECTION('',(0.,0.,-1.));
#7376=DIRECTION('',(-0.0266666666666601,0.999644381212083,2.43786472490537E-14));
#7377=DIRECTION('',(0.,1.,0.));
#7378=DIRECTION('',(0.,0.,-1.));
#7379=DIRECTION('',(0.991071249821234,-0.133333333333329,0.));
#7380=DIRECTION('',(1.,0.,0.));
#7381=DIRECTION('',(0.,0.,-1.));
#7382=DIRECTION('',(0.999644381212083,0.0266666666666616,2.43786472490559E-14));
#7383=DIRECTION('',(1.,0.,0.));
#7384=DIRECTION('',(0.,0.,-1.));
#7385=DIRECTION('',(0.991071249821234,-0.133333333333329,0.));
#7386=DIRECTION('',(-0.836525248007682,0.547928379850585,0.));
#7387=DIRECTION('',(0.,0.,1.));
#7388=DIRECTION('',(1.,0.,0.));
#7389=DIRECTION('',(0.836525248007682,0.547928379850585,0.));
#7390=DIRECTION('',(-1.,1.21027219254196E-16,0.));
#7391=DIRECTION('',(0.,0.,1.));
#7392=DIRECTION('',(-0.821816374394594,-0.569752443414616,0.));
#7393=DIRECTION('',(0.,0.,1.));
#7394=DIRECTION('',(-0.821616340450241,-0.57004086617115,1.17729899902959E-14));
#7395=DIRECTION('',(-1.,1.21027219254196E-16,0.));
#7396=DIRECTION('',(0.,-1.,0.));
#7397=DIRECTION('',(0.,0.,1.));
#7398=DIRECTION('',(-0.991071249821234,-0.133333333333329,0.));
#7399=DIRECTION('',(0.836525248007682,0.547928379850585,0.));
#7400=DIRECTION('',(0.,0.,1.));
#7401=DIRECTION('',(-0.988094813743472,-0.153846153846152,0.));
#7402=DIRECTION('',(0.500000000000007,0.866025403784434,0.));
#7403=DIRECTION('',(0.,0.,-1.));
#7404=DIRECTION('',(-0.5,0.866025403784439,0.));
#7405=DIRECTION('',(-0.50000000000001,0.866025403784433,0.));
#7406=DIRECTION('',(0.,0.,1.));
#7407=DIRECTION('',(-0.988094813743472,-0.153846153846152,0.));
#7408=DIRECTION('',(-0.999993590570373,0.00358033771785907,0.));
#7409=DIRECTION('',(0.,0.,-1.));
#7410=DIRECTION('',(-0.5,-0.866025403784441,0.));
#7411=DIRECTION('',(-0.499999999999994,-0.866025403784442,0.));
#7412=DIRECTION('',(0.,0.,1.));
#7413=DIRECTION('',(-0.988094813743472,-0.153846153846152,0.));
#7414=DIRECTION('',(0.5,-0.866025403784441,0.));
#7415=DIRECTION('',(0.,0.,-1.));
#7416=DIRECTION('',(0.993149983316578,-0.116846526000054,0.));
#7417=DIRECTION('',(-0.999993590570373,0.00358033771785946,0.));
#7418=DIRECTION('',(0.,-1.,0.));
#7419=DIRECTION('',(-1.,1.21027219254196E-16,0.));
#7420=DIRECTION('',(0.836525248007682,0.547928379850585,0.));
#7421=DIRECTION('',(0.,0.,1.));
#7422=DIRECTION('',(-0.991071249821234,-0.133333333333329,0.));
#7423=DIRECTION('',(-1.,0.,0.));
#7424=DIRECTION('',(0.,0.,1.));
#7425=DIRECTION('',(-0.999644381212083,0.0266666666666616,2.43786472490559E-14));
#7426=DIRECTION('',(-1.,0.,0.));
#7427=DIRECTION('',(0.,0.,1.));
#7428=DIRECTION('',(-0.991071249821234,-0.133333333333329,0.));
#7429=DIRECTION('',(0.,1.,0.));
#7430=DIRECTION('',(0.,0.,1.));
#7431=DIRECTION('',(0.0266666666666601,0.999644381212083,2.43786472490537E-14));
#7432=DIRECTION('',(0.,1.,0.));
#7433=DIRECTION('',(0.,0.,1.));
#7434=DIRECTION('',(-0.991071249821234,-0.133333333333329,0.));
#7435=DIRECTION('',(1.,0.,0.));
#7436=DIRECTION('',(0.,0.,1.));
#7437=DIRECTION('',(0.999644381212083,-0.026666666666682,2.4378647249075E-14));
#7438=DIRECTION('',(1.,0.,0.));
#7439=DIRECTION('',(0.,0.,1.));
#7440=DIRECTION('',(-0.991071249821234,-0.133333333333329,0.));
#7441=DIRECTION('',(0.,-1.,0.));
#7442=DIRECTION('',(1.,0.,0.));
#7443=DIRECTION('',(0.,-1.,0.));
#7444=DIRECTION('',(-1.,1.3695185336659E-16,0.));
#7445=DIRECTION('',(-1.3695185336659E-16,-1.,0.));
#7446=DIRECTION('',(1.,-1.3695185336659E-16,0.));
#7447=DIRECTION('',(0.,0.,1.));
#7448=DIRECTION('',(-1.,1.3695185336659E-16,0.));
#7449=DIRECTION('',(0.,0.,1.));
#7450=DIRECTION('',(-1.,1.3695185336659E-16,0.));
#7451=DIRECTION('',(-1.3695185336659E-16,-1.,0.));
#7452=DIRECTION('',(1.,-1.3695185336659E-16,0.));
#7453=DIRECTION('',(0.,0.,1.));
#7454=DIRECTION('',(-1.,1.3695185336659E-16,0.));
#7455=DIRECTION('',(0.,0.,-1.));
#7456=DIRECTION('',(-1.,1.3695185336659E-16,0.));
#7457=DIRECTION('',(-1.3695185336659E-16,-1.,0.));
#7458=DIRECTION('',(1.,-1.3695185336659E-16,0.));
#7459=DIRECTION('',(0.,0.,1.));
#7460=DIRECTION('',(-1.,1.3695185336659E-16,0.));
#7461=DIRECTION('',(0.,0.,1.));
#7462=DIRECTION('',(-1.,1.3695185336659E-16,0.));
#7463=DIRECTION('',(-1.3695185336659E-16,-1.,0.));
#7464=DIRECTION('',(1.,-1.3695185336659E-16,0.));
#7465=DIRECTION('',(0.,0.,1.));
#7466=DIRECTION('',(-1.,1.3695185336659E-16,0.));
#7467=DIRECTION('',(0.,0.,-1.));
#7468=DIRECTION('',(-1.,1.3695185336659E-16,0.));
#7469=DIRECTION('',(0.,0.,1.));
#7470=DIRECTION('',(1.,0.,0.));
#7471=DIRECTION('',(0.,1.,0.));
#7472=DIRECTION('',(0.,-1.,0.));
#7473=DIRECTION('',(0.,0.,1.));
#7474=DIRECTION('',(1.,0.,0.));
#7475=DIRECTION('',(0.,1.,0.));
#7476=DIRECTION('',(-1.,1.61369625672261E-16,0.));
#7477=DIRECTION('',(0.836525248007682,-0.547928379850585,0.));
#7478=DIRECTION('',(0.,0.,-1.));
#7479=DIRECTION('',(0.0263157894736839,0.999653679643294,0.));
#7480=DIRECTION('',(0.,-1.,0.));
#7481=DIRECTION('',(1.,0.,0.));
#7482=DIRECTION('',(0.,-1.,0.));
#7483=DIRECTION('',(-1.,1.3695185336659E-16,0.));
#7484=DIRECTION('',(0.,0.,-1.));
#7485=DIRECTION('',(-0.988094813743472,0.153846153846152,0.));
#7486=DIRECTION('',(0.,0.,-1.));
#7487=DIRECTION('',(-0.999644381212083,0.0266666666666665,0.));
#7488=DIRECTION('',(-1.,0.,0.));
#7489=DIRECTION('',(0.,0.,-1.));
#7490=DIRECTION('',(-0.991071249821234,0.133333333333329,0.));
#7491=DIRECTION('',(0.,-1.,0.));
#7492=DIRECTION('',(0.,0.,-1.));
#7493=DIRECTION('',(-0.999644381212083,0.0266666666666665,0.));
#7494=DIRECTION('',(0.,-1.,0.));
#7495=DIRECTION('',(0.,0.,-1.));
#7496=DIRECTION('',(-0.991071249821234,0.133333333333329,0.));
#7497=DIRECTION('',(1.,0.,0.));
#7498=DIRECTION('',(0.836525248007682,-0.547928379850585,0.));
#7499=DIRECTION('',(0.,0.,-1.));
#7500=DIRECTION('',(-0.991071249821234,0.133333333333329,0.));
#7501=DIRECTION('',(-1.,0.,0.));
#7502=DIRECTION('',(0.,0.,-1.));
#7503=DIRECTION('',(-0.999644381212083,0.0266666666666665,0.));
#7504=DIRECTION('',(0.,0.,-1.));
#7505=DIRECTION('',(-0.991071249821234,0.133333333333329,0.));
#7506=DIRECTION('',(0.,-1.,0.));
#7507=DIRECTION('',(0.,0.,-1.));
#7508=DIRECTION('',(-0.999644381212083,0.0266666666666665,0.));
#7509=DIRECTION('',(1.,0.,0.));
#7510=DIRECTION('',(0.,0.,-1.));
#7511=DIRECTION('',(-0.821616340450241,0.57004086617115,1.17729899902959E-14));
#7512=DIRECTION('',(-1.,1.61369625672261E-16,0.));
#7513=DIRECTION('',(0.,1.,0.));
#7514=DIRECTION('',(0.,0.,-1.));
#7515=DIRECTION('',(-0.991071249821234,0.133333333333329,0.));
#7516=DIRECTION('',(0.836525248007682,-0.547928379850585,0.));
#7517=DIRECTION('',(0.836525248007682,-0.547928379850585,0.));
#7518=DIRECTION('',(-1.,1.61369625672261E-16,0.));
#7519=DIRECTION('',(0.,0.,-1.));
#7520=DIRECTION('',(-0.821816374394594,0.569752443414616,0.));
#7521=DIRECTION('',(0.,0.,1.));
#7522=DIRECTION('',(1.,0.,0.));
#7523=DIRECTION('',(0.,1.,0.));
#7524=DIRECTION('',(0.,-1.,0.));
#7525=DIRECTION('',(0.,0.,1.));
#7526=DIRECTION('',(1.,0.,0.));
#7527=DIRECTION('',(-1.,1.61369625672261E-16,0.));
#7528=DIRECTION('',(0.836525248007682,-0.547928379850585,0.));
#7529=DIRECTION('',(0.,0.,-1.));
#7530=DIRECTION('',(-0.821816374394594,0.569752443414616,0.));
#7531=DIRECTION('',(-1.,1.61369625672261E-16,0.));
#7532=DIRECTION('',(0.,0.,-1.));
#7533=DIRECTION('',(-0.821616340450241,0.57004086617115,1.17729899902959E-14));
#7534=DIRECTION('',(0.836525248007682,-0.547928379850585,0.));
#7535=DIRECTION('',(0.,0.,-1.));
#7536=DIRECTION('',(-0.991071249821234,0.133333333333329,0.));
#7537=DIRECTION('',(0.,1.,0.));
#7538=DIRECTION('',(0.,0.,-1.));
#7539=DIRECTION('',(-0.988094813743472,0.153846153846152,0.));
#7540=DIRECTION('',(-0.999993590570373,-0.00358033771785946,0.));
#7541=DIRECTION('',(0.,0.,1.));
#7542=DIRECTION('',(0.993149983316578,0.116846526000054,0.));
#7543=DIRECTION('',(0.5,0.866025403784441,0.));
#7544=DIRECTION('',(0.,0.,-1.));
#7545=DIRECTION('',(-0.988094813743472,0.153846153846152,0.));
#7546=DIRECTION('',(-0.499999999999994,0.866025403784442,0.));
#7547=DIRECTION('',(0.,0.,1.));
#7548=DIRECTION('',(-0.5,0.866025403784441,0.));
#7549=DIRECTION('',(-0.999993590570373,-0.00358033771785907,0.));
#7550=DIRECTION('',(0.,0.,-1.));
#7551=DIRECTION('',(-0.988094813743472,0.153846153846152,0.));
#7552=DIRECTION('',(-0.50000000000001,-0.866025403784433,0.));
#7553=DIRECTION('',(0.,0.,1.));
#7554=DIRECTION('',(-0.5,-0.866025403784439,0.));
#7555=DIRECTION('',(0.500000000000007,-0.866025403784434,0.));
#7556=DIRECTION('',(-1.,1.61369625672261E-16,0.));
#7557=DIRECTION('',(0.,1.,0.));
#7558=DIRECTION('',(-1.,1.3695185336659E-16,0.));
#7559=DIRECTION('',(0.,-1.,0.));
#7560=DIRECTION('',(1.,0.,0.));
#7561=DIRECTION('',(0.,-1.,0.));
#7562=DIRECTION('',(0.,0.,-1.));
#7563=DIRECTION('',(-0.991071249821234,0.133333333333329,0.));
#7564=DIRECTION('',(1.,0.,0.));
#7565=DIRECTION('',(0.,0.,-1.));
#7566=DIRECTION('',(0.999644381212083,0.026666666666682,2.4378647249075E-14));
#7567=DIRECTION('',(1.,0.,0.));
#7568=DIRECTION('',(0.,0.,-1.));
#7569=DIRECTION('',(-0.991071249821234,0.133333333333329,0.));
#7570=DIRECTION('',(0.,-1.,0.));
#7571=DIRECTION('',(0.,0.,-1.));
#7572=DIRECTION('',(0.0266666666666601,-0.999644381212083,2.43786472490537E-14));
#7573=DIRECTION('',(0.,-1.,0.));
#7574=DIRECTION('',(0.,0.,-1.));
#7575=DIRECTION('',(-0.991071249821234,0.133333333333329,0.));
#7576=DIRECTION('',(-1.,0.,0.));
#7577=DIRECTION('',(0.,0.,-1.));
#7578=DIRECTION('',(-0.999644381212083,-0.0266666666666616,2.43786472490559E-14));
#7579=DIRECTION('',(-1.,0.,0.));
#7580=DIRECTION('',(0.,0.,-1.));
#7581=DIRECTION('',(-0.991071249821234,0.133333333333329,0.));
#7582=DIRECTION('',(0.836525248007682,-0.547928379850585,0.));
#7583=DIRECTION('',(-1.61369625672261E-16,-1.,0.));
#7584=DIRECTION('',(1.,-1.61369625672261E-16,0.));
#7585=DIRECTION('',(-1.,1.61369625672261E-16,0.));
#7586=DIRECTION('',(0.,0.,1.));
#7587=DIRECTION('',(-1.,1.61369625672261E-16,0.));
#7588=DIRECTION('',(0.,0.,1.));
#7589=DIRECTION('',(-1.61369625672261E-16,-1.,0.));
#7590=DIRECTION('',(1.,-1.61369625672261E-16,0.));
#7591=DIRECTION('',(-1.,1.61369625672261E-16,0.));
#7592=DIRECTION('',(0.,0.,1.));
#7593=DIRECTION('',(-1.,1.61369625672261E-16,0.));
#7594=DIRECTION('',(0.,0.,1.));
#7595=DIRECTION('',(-1.21027219254196E-16,-1.,0.));
#7596=DIRECTION('',(1.,-1.21027219254196E-16,0.));
#7597=DIRECTION('',(0.,0.,1.));
#7598=DIRECTION('',(0.,0.,1.));
#7599=DIRECTION('',(-1.21027219254196E-16,-1.,0.));
#7600=DIRECTION('',(1.,-1.21027219254196E-16,0.));
#7601=DIRECTION('',(0.,0.,1.));
#7602=DIRECTION('',(0.,0.,1.));
#7603=DIRECTION('',(1.,0.,0.));
#7604=DIRECTION('',(0.,0.,-1.));
#7605=DIRECTION('',(0.,0.,1.));
#7606=DIRECTION('',(0.,1.,0.));
#7607=DIRECTION('',(0.,0.,1.));
#7608=DIRECTION('',(0.,-1.,0.));
#7609=DIRECTION('',(0.,0.,-1.));
#7610=DIRECTION('',(0.,-1.,0.));
#7611=DIRECTION('',(0.,0.,1.));
#7612=DIRECTION('',(0.,-1.,0.));
#7613=DIRECTION('',(-1.61369625672261E-16,-1.,0.));
#7614=DIRECTION('',(1.,-1.61369625672261E-16,0.));
#7615=DIRECTION('',(0.,0.,1.));
#7616=DIRECTION('',(0.,0.,1.));
#7617=DIRECTION('',(-1.61369625672261E-16,-1.,0.));
#7618=DIRECTION('',(1.,-1.61369625672261E-16,0.));
#7619=DIRECTION('',(0.,0.,1.));
#7620=DIRECTION('',(0.,0.,1.));
#7621=DIRECTION('',(-1.61369625672261E-16,-1.,0.));
#7622=DIRECTION('',(1.,-1.61369625672261E-16,0.));
#7623=DIRECTION('',(0.,0.,1.));
#7624=DIRECTION('',(0.,0.,1.));
#7625=DIRECTION('',(1.,0.,0.));
#7626=DIRECTION('',(0.,0.,-1.));
#7627=DIRECTION('',(0.,0.,1.));
#7628=DIRECTION('',(0.,0.,-1.));
#7629=DIRECTION('',(0.,0.,1.));
#7630=DIRECTION('',(0.,1.,0.));
#7631=DIRECTION('',(0.,0.,1.));
#7632=DIRECTION('',(0.,0.,-1.));
#7633=DIRECTION('',(1.,0.,0.));
#7634=DIRECTION('',(0.,0.,1.));
#7635=DIRECTION('',(-0.988094813743472,-0.153846153846152,0.));
#7636=DIRECTION('',(0.866025403784439,-0.5,0.));
#7637=DIRECTION('',(0.,0.,-1.));
#7638=DIRECTION('',(0.993149983316578,-0.116846526000054,0.));
#7639=DIRECTION('',(0.5,-0.866025403784441,0.));
#7640=DIRECTION('',(0.,0.,-1.));
#7641=DIRECTION('',(1.,0.,0.));
#7642=DIRECTION('',(0.,0.,1.));
#7643=DIRECTION('',(-0.988094813743472,-0.153846153846152,0.));
#7644=DIRECTION('',(-0.866025403784439,-0.5,0.));
#7645=DIRECTION('',(0.,0.,-1.));
#7646=DIRECTION('',(-0.5,-0.866025403784441,0.));
#7647=DIRECTION('',(-0.999993590570373,0.00358033771785907,0.));
#7648=DIRECTION('',(0.,0.,-1.));
#7649=DIRECTION('',(1.,0.,0.));
#7650=DIRECTION('',(0.,0.,-1.));
#7651=DIRECTION('',(-0.5,0.866025403784439,0.));
#7652=DIRECTION('',(-1.,0.,0.));
#7653=DIRECTION('',(0.,0.,-1.));
#7654=DIRECTION('',(1.,0.,0.));
#7655=DIRECTION('',(0.,0.,-1.));
#7656=DIRECTION('',(-0.5,0.866025403784439,0.));
#7657=DIRECTION('',(0.,-1.,0.));
#7658=DIRECTION('',(0.,0.,1.));
#7659=DIRECTION('',(-0.988094813743472,-0.153846153846152,0.));
#7660=DIRECTION('',(-0.50000000000001,0.866025403784433,0.));
#7661=DIRECTION('',(0.,0.,1.));
#7662=DIRECTION('',(1.,0.,0.));
#7663=DIRECTION('',(0.,0.,1.));
#7664=DIRECTION('',(0.,0.,1.));
#7665=DIRECTION('',(-0.999644381212083,-0.0266666666666665,0.));
#7666=DIRECTION('',(0.,0.,1.));
#7667=DIRECTION('',(0.,0.,1.));
#7668=DIRECTION('',(1.,0.,0.));
#7669=DIRECTION('',(0.,0.,1.));
#7670=DIRECTION('',(-0.999644381212083,-0.0266666666666665,0.));
#7671=DIRECTION('',(0.,0.,1.));
#7672=DIRECTION('',(0.,0.,1.));
#7673=DIRECTION('',(0.,0.,1.));
#7674=DIRECTION('',(1.,0.,0.));
#7675=DIRECTION('',(0.,0.,1.));
#7676=DIRECTION('',(-0.999644381212083,-0.0266666666666665,0.));
#7677=DIRECTION('',(0.,0.,1.));
#7678=DIRECTION('',(0.,0.,1.));
#7679=DIRECTION('',(0.,0.,1.));
#7680=DIRECTION('',(1.,0.,0.));
#7681=DIRECTION('',(0.,0.,1.));
#7682=DIRECTION('',(0.,0.,1.));
#7683=DIRECTION('',(0.0263157894736839,-0.999653679643294,0.));
#7684=DIRECTION('',(0.,0.,1.));
#7685=DIRECTION('',(0.,0.,1.));
#7686=DIRECTION('',(1.,0.,0.));
#7687=DIRECTION('',(0.,0.,1.));
#7688=DIRECTION('',(-0.999644381212083,-0.0266666666666665,0.));
#7689=DIRECTION('',(0.,0.,1.));
#7690=DIRECTION('',(0.,0.,1.));
#7691=DIRECTION('',(0.,0.,1.));
#7692=DIRECTION('',(1.,0.,0.));
#7693=DIRECTION('',(0.,-1.,0.));
#7694=DIRECTION('',(0.,0.,1.));
#7695=DIRECTION('',(-0.999644381212083,-0.0266666666666665,0.));
#7696=DIRECTION('',(0.,0.,1.));
#7697=DIRECTION('',(-0.999644381212083,-0.0266666666666665,0.));
#7698=DIRECTION('',(0.,0.,1.));
#7699=DIRECTION('',(-0.999644381212083,-0.0266666666666665,0.));
#7700=DIRECTION('',(0.83652524800768,0.547928379850588,0.));
#7701=DIRECTION('',(0.,0.,1.));
#7702=DIRECTION('',(1.,0.,0.));
#7703=DIRECTION('',(0.,1.,0.));
#7704=DIRECTION('',(0.,-1.,0.));
#7705=DIRECTION('',(0.,0.,1.));
#7706=DIRECTION('',(1.,0.,0.));
#7707=DIRECTION('',(0.,0.,1.));
#7708=DIRECTION('',(0.,0.,1.));
#7709=DIRECTION('',(0.,0.,1.));
#7710=DIRECTION('',(1.,0.,0.));
#7711=DIRECTION('',(0.,0.,1.));
#7712=DIRECTION('',(0.,0.,1.));
#7713=DIRECTION('',(0.,0.,1.));
#7714=DIRECTION('',(1.,0.,0.));
#7715=DIRECTION('',(0.,0.,1.));
#7716=DIRECTION('',(0.,0.,1.));
#7717=DIRECTION('',(-1.21027219254196E-16,-1.,0.));
#7718=DIRECTION('',(1.,-1.21027219254196E-16,0.));
#7719=DIRECTION('',(0.,0.,1.));
#7720=DIRECTION('',(0.,0.,1.));
#7721=DIRECTION('',(-1.21027219254196E-16,-1.,0.));
#7722=DIRECTION('',(1.,-1.21027219254196E-16,0.));
#7723=DIRECTION('',(0.,0.,1.));
#7724=DIRECTION('',(0.,0.,1.));
#7725=DIRECTION('',(-1.21027219254196E-16,-1.,0.));
#7726=DIRECTION('',(1.,-1.21027219254196E-16,0.));
#7727=DIRECTION('',(0.,0.,1.));
#7728=DIRECTION('',(0.,0.,1.));
#7729=DIRECTION('',(1.,0.,0.));
#7730=DIRECTION('',(0.,0.,-1.));
#7731=DIRECTION('',(0.,-1.,0.));
#7732=DIRECTION('',(0.,0.,-1.));
#7733=DIRECTION('',(0.,0.,-1.));
#7734=DIRECTION('',(1.,0.,0.));
#7735=DIRECTION('',(0.,0.,-1.));
#7736=DIRECTION('',(0.,-1.,0.));
#7737=DIRECTION('',(0.,0.,-1.));
#7738=DIRECTION('',(-1.3695185336659E-16,-1.,0.));
#7739=DIRECTION('',(1.,-1.3695185336659E-16,0.));
#7740=DIRECTION('',(0.,0.,1.));
#7741=DIRECTION('',(-1.,1.3695185336659E-16,0.));
#7742=DIRECTION('',(1.,0.,0.));
#7743=DIRECTION('',(0.,0.,-1.));
#7744=DIRECTION('',(0.,0.,-1.));
#7745=DIRECTION('',(0.,-1.,0.));
#7746=DIRECTION('',(0.,0.,-1.));
#7747=DIRECTION('',(0.,1.,0.));
#7748=DIRECTION('',(0.,0.,1.));
#7749=DIRECTION('',(0.,0.,-1.));
#7750=DIRECTION('',(0.,0.,-1.));
#7751=DIRECTION('',(1.,0.,0.));
#7752=DIRECTION('',(0.,0.,-1.));
#7753=DIRECTION('',(0.,0.,1.));
#7754=DIRECTION('',(1.,0.,0.));
#7755=DIRECTION('',(0.,0.,-1.));
#7756=DIRECTION('',(0.,-1.,0.));
#7757=DIRECTION('',(0.,0.,1.));
#7758=DIRECTION('',(0.,0.,1.));
#7759=DIRECTION('',(0.,0.,-1.));
#7760=DIRECTION('',(0.,0.,1.));
#7761=DIRECTION('',(0.,-1.,0.));
#7762=DIRECTION('',(0.,0.,-1.));
#7763=DIRECTION('',(0.,0.,-1.));
#7764=DIRECTION('',(0.,0.,-1.));
#7765=DIRECTION('',(1.,0.,0.));
#7766=DIRECTION('',(0.,0.,-1.));
#7767=DIRECTION('',(0.,-1.,0.));
#7768=DIRECTION('',(-1.3695185336659E-16,-1.,0.));
#7769=DIRECTION('',(1.,-1.3695185336659E-16,0.));
#7770=DIRECTION('',(0.,0.,1.));
#7771=DIRECTION('',(-1.,1.3695185336659E-16,0.));
#7772=DIRECTION('',(0.,0.,1.));
#7773=DIRECTION('',(1.,0.,0.));
#7774=DIRECTION('',(0.,1.,0.));
#7775=DIRECTION('',(0.,-1.,0.));
#7776=DIRECTION('',(1.,0.,0.));
#7777=DIRECTION('',(0.,0.,-1.));
#7778=DIRECTION('',(0.,-1.,0.));
#7779=DIRECTION('',(0.,0.,-1.));
#7780=DIRECTION('',(0.,-1.,0.));
#7781=DIRECTION('',(1.,0.,0.));
#7782=DIRECTION('',(0.,0.,-1.));
#7783=DIRECTION('',(0.,-1.,0.));
#7784=DIRECTION('',(0.,-1.,0.));
#7785=DIRECTION('',(0.,0.,-1.));
#7786=DIRECTION('',(1.,0.,0.));
#7787=DIRECTION('',(0.,0.,-1.));
#7788=DIRECTION('',(0.,-1.,0.));
#7789=DIRECTION('',(0.,0.,-1.));
#7790=DIRECTION('',(0.,0.,-1.));
#7791=DIRECTION('',(-1.3695185336659E-16,-1.,0.));
#7792=DIRECTION('',(1.,-1.3695185336659E-16,0.));
#7793=DIRECTION('',(0.,0.,1.));
#7794=DIRECTION('',(-1.,1.3695185336659E-16,0.));
#7795=DIRECTION('',(1.,0.,0.));
#7796=DIRECTION('',(0.,0.,-1.));
#7797=DIRECTION('',(0.,0.,-1.));
#7798=DIRECTION('',(0.,-1.,0.));
#7799=DIRECTION('',(0.,-1.,0.));
#7800=DIRECTION('',(0.,1.,0.));
#7801=DIRECTION('',(0.,0.,1.));
#7802=DIRECTION('',(0.,0.,-1.));
#7803=DIRECTION('',(1.,0.,0.));
#7804=DIRECTION('',(0.,0.,-1.));
#7805=DIRECTION('',(0.,-1.,0.));
#7806=DIRECTION('',(0.,0.,-1.));
#7807=DIRECTION('',(-1.3695185336659E-16,-1.,0.));
#7808=DIRECTION('',(1.,-1.3695185336659E-16,0.));
#7809=DIRECTION('',(-1.,1.3695185336659E-16,0.));
#7810=DIRECTION('',(0.,0.,1.));
#7811=DIRECTION('',(1.,0.,0.));
#7812=DIRECTION('',(0.,0.,-1.));
#7813=DIRECTION('',(0.,-1.,0.));
#7814=DIRECTION('',(0.,0.,-1.));
#7815=DIRECTION('',(0.,-1.,0.));
#7816=DIRECTION('',(0.,-1.,0.));
#7817=DIRECTION('',(0.,0.,-1.));
#7818=DIRECTION('',(-1.,0.,0.));
#7819=DIRECTION('',(-1.,0.,0.));
#7820=DIRECTION('',(0.,0.,1.));
#7821=DIRECTION('',(1.,0.,0.));
#7822=DIRECTION('',(0.,0.,1.));
#7823=DIRECTION('',(1.,0.,0.));
#7824=DIRECTION('',(0.,-1.,0.));
#7825=DIRECTION('',(0.,0.,1.));
#7826=DIRECTION('',(-0.0263157894736839,0.999653679643294,0.));
#7827=DIRECTION('',(-0.836525248007682,-0.547928379850585,0.));
#7828=DIRECTION('',(-0.836525248007682,-0.547928379850585,0.));
#7829=DIRECTION('',(0.,0.,1.));
#7830=DIRECTION('',(0.821816374394594,0.569752443414616,0.));
#7831=DIRECTION('',(0.,0.,1.));
#7832=DIRECTION('',(0.821616340450241,0.57004086617115,1.17729899902959E-14));
#7833=DIRECTION('',(-0.836525248007682,-0.547928379850585,0.));
#7834=DIRECTION('',(0.,0.,1.));
#7835=DIRECTION('',(0.991071249821234,0.133333333333329,0.));
#7836=DIRECTION('',(0.,1.,0.));
#7837=DIRECTION('',(0.,0.,1.));
#7838=DIRECTION('',(0.991071249821234,0.133333333333329,0.));
#7839=DIRECTION('',(-1.,0.,0.));
#7840=DIRECTION('',(0.,0.,1.));
#7841=DIRECTION('',(0.999644381212083,0.0266666666666665,0.));
#7842=DIRECTION('',(-0.836525248007682,-0.547928379850585,0.));
#7843=DIRECTION('',(0.,0.,1.));
#7844=DIRECTION('',(0.999644381212083,0.0266666666666665,0.));
#7845=DIRECTION('',(1.,0.,0.));
#7846=DIRECTION('',(0.,0.,1.));
#7847=DIRECTION('',(0.991071249821234,0.133333333333329,0.));
#7848=DIRECTION('',(0.,0.,1.));
#7849=DIRECTION('',(0.999644381212083,0.0266666666666665,0.));
#7850=DIRECTION('',(-1.,0.,0.));
#7851=DIRECTION('',(0.,0.,1.));
#7852=DIRECTION('',(0.991071249821234,0.133333333333329,0.));
#7853=DIRECTION('',(0.,-1.,0.));
#7854=DIRECTION('',(0.,0.,1.));
#7855=DIRECTION('',(0.999644381212083,0.0266666666666665,0.));
#7856=DIRECTION('',(0.,-1.,0.));
#7857=DIRECTION('',(0.,0.,1.));
#7858=DIRECTION('',(0.991071249821234,0.133333333333329,0.));
#7859=DIRECTION('',(1.,0.,0.));
#7860=DIRECTION('',(0.,0.,1.));
#7861=DIRECTION('',(0.988094813743472,0.153846153846152,0.));
#7862=DIRECTION('',(0.,0.,1.));
#7863=DIRECTION('',(1.,0.,0.));
#7864=DIRECTION('',(0.,0.,-1.));
#7865=DIRECTION('',(1.,0.,0.));
#7866=DIRECTION('',(0.,-1.,0.));
#7867=DIRECTION('',(-0.836525248007682,-0.547928379850585,0.));
#7868=DIRECTION('',(0.,0.,1.));
#7869=DIRECTION('',(0.991071249821234,0.133333333333329,0.));
#7870=DIRECTION('',(1.,0.,0.));
#7871=DIRECTION('',(0.,0.,1.));
#7872=DIRECTION('',(0.999644381212083,-0.0266666666666616,2.43786472490559E-14));
#7873=DIRECTION('',(1.,0.,0.));
#7874=DIRECTION('',(0.,0.,1.));
#7875=DIRECTION('',(0.991071249821234,0.133333333333329,0.));
#7876=DIRECTION('',(0.,-1.,0.));
#7877=DIRECTION('',(0.,0.,1.));
#7878=DIRECTION('',(-0.0266666666666601,-0.999644381212083,2.43786472490537E-14));
#7879=DIRECTION('',(0.,-1.,0.));
#7880=DIRECTION('',(0.,0.,1.));
#7881=DIRECTION('',(0.991071249821234,0.133333333333329,0.));
#7882=DIRECTION('',(-1.,0.,0.));
#7883=DIRECTION('',(0.,0.,1.));
#7884=DIRECTION('',(-0.999644381212083,0.026666666666682,2.4378647249075E-14));
#7885=DIRECTION('',(-1.,0.,0.));
#7886=DIRECTION('',(0.,0.,1.));
#7887=DIRECTION('',(0.991071249821234,0.133333333333329,0.));
#7888=DIRECTION('',(-0.836525248007682,-0.547928379850585,0.));
#7889=DIRECTION('',(0.,0.,1.));
#7890=DIRECTION('',(0.821816374394594,0.569752443414616,0.));
#7891=DIRECTION('',(0.,0.,1.));
#7892=DIRECTION('',(0.821616340450241,0.57004086617115,1.17729899902959E-14));
#7893=DIRECTION('',(0.,1.,0.));
#7894=DIRECTION('',(0.,0.,1.));
#7895=DIRECTION('',(0.991071249821234,0.133333333333329,0.));
#7896=DIRECTION('',(-0.836525248007682,-0.547928379850585,0.));
#7897=DIRECTION('',(0.,0.,1.));
#7898=DIRECTION('',(0.988094813743472,0.153846153846152,0.));
#7899=DIRECTION('',(-0.500000000000007,-0.866025403784434,0.));
#7900=DIRECTION('',(0.,0.,-1.));
#7901=DIRECTION('',(0.5,-0.866025403784439,0.));
#7902=DIRECTION('',(0.50000000000001,-0.866025403784433,0.));
#7903=DIRECTION('',(0.,0.,1.));
#7904=DIRECTION('',(0.988094813743472,0.153846153846152,0.));
#7905=DIRECTION('',(0.999993590570373,-0.00358033771785907,0.));
#7906=DIRECTION('',(0.,0.,-1.));
#7907=DIRECTION('',(0.5,0.866025403784441,0.));
#7908=DIRECTION('',(0.499999999999994,0.866025403784442,0.));
#7909=DIRECTION('',(0.,0.,1.));
#7910=DIRECTION('',(0.988094813743472,0.153846153846152,0.));
#7911=DIRECTION('',(-0.5,0.866025403784441,0.));
#7912=DIRECTION('',(0.,0.,-1.));
#7913=DIRECTION('',(-0.993149983316578,0.116846526000054,0.));
#7914=DIRECTION('',(0.999993590570373,-0.00358033771785946,0.));
#7915=DIRECTION('',(0.,0.,1.));
#7916=DIRECTION('',(1.,0.,0.));
#7917=DIRECTION('',(0.,0.,1.));
#7918=DIRECTION('',(1.,0.,0.));
#7919=DIRECTION('',(0.,0.,1.));
#7920=DIRECTION('',(1.,0.,0.));
#7921=DIRECTION('',(0.,0.,1.));
#7922=DIRECTION('',(1.,0.,0.));
#7923=DIRECTION('',(0.,0.,1.));
#7924=DIRECTION('',(1.,0.,0.));
#7925=DIRECTION('',(0.,0.,1.));
#7926=DIRECTION('',(1.,0.,0.));
#7927=DIRECTION('',(0.,0.,1.));
#7928=DIRECTION('',(1.,0.,0.));
#7929=DIRECTION('',(-1.,1.3695185336659E-16,0.));
#7930=DIRECTION('',(-1.,1.3695185336659E-16,0.));
#7931=DIRECTION('',(-1.,1.3695185336659E-16,0.));
#7932=DIRECTION('',(-1.,1.3695185336659E-16,0.));
#7933=DIRECTION('',(0.,0.,1.));
#7934=DIRECTION('',(1.,0.,0.));
#7935=DIRECTION('',(0.,0.,1.));
#7936=DIRECTION('',(1.,0.,0.));
#7937=DIRECTION('',(0.,0.,1.));
#7938=DIRECTION('',(1.,0.,0.));
#7939=DIRECTION('',(0.,0.,1.));
#7940=DIRECTION('',(1.,0.,0.));
#7941=DIRECTION('',(0.,0.,1.));
#7942=DIRECTION('',(1.,0.,0.));
#7943=DIRECTION('',(0.,0.,1.));
#7944=DIRECTION('',(1.,0.,0.));
#7945=DIRECTION('',(0.,0.,1.));
#7946=DIRECTION('',(1.,0.,0.));
#7947=DIRECTION('',(-1.,1.3695185336659E-16,0.));
#7948=DIRECTION('',(-1.,1.3695185336659E-16,0.));
#7949=DIRECTION('',(-1.,1.3695185336659E-16,0.));
#7950=DIRECTION('',(-1.,1.3695185336659E-16,0.));
#7951=DIRECTION('',(-1.,0.,0.));
#7952=DIRECTION('',(0.,0.,1.));
#7953=DIRECTION('',(0.,0.,1.));
#7954=DIRECTION('',(0.,0.,1.));
#7955=DIRECTION('',(1.,0.,0.));
#7956=DIRECTION('',(0.,0.,1.));
#7957=DIRECTION('',(0.,-1.,0.));
#7958=DIRECTION('',(0.,0.,-1.));
#7959=DIRECTION('',(0.,-1.,0.));
#7960=DIRECTION('',(0.,0.,-1.));
#7961=DIRECTION('',(0.,0.,1.));
#7962=DIRECTION('',(0.,0.,1.));
#7963=DIRECTION('',(1.,0.,0.));
#7964=DIRECTION('',(0.,0.,1.));
#7965=DIRECTION('',(1.,0.,0.));
#7966=DIRECTION('',(0.,0.,-1.));
#7967=DIRECTION('',(1.,0.,0.));
#7968=DIRECTION('',(0.,0.,-1.));
#7969=DIRECTION('',(0.,0.,1.));
#7970=DIRECTION('',(0.,0.,1.));
#7971=DIRECTION('',(1.,0.,0.));
#7972=DIRECTION('',(0.,0.,1.));
#7973=DIRECTION('',(0.,1.,0.));
#7974=DIRECTION('',(0.,0.,1.));
#7975=DIRECTION('',(0.,0.,1.));
#7976=DIRECTION('',(0.,1.,0.));
#7977=DIRECTION('',(0.,0.,1.));
#7978=DIRECTION('',(0.,0.,1.));
#7979=DIRECTION('',(1.,0.,0.));
#7980=DIRECTION('',(0.,0.,1.));
#7981=DIRECTION('',(0.547928379850585,-0.836525248007682,0.));
#7982=DIRECTION('',(0.836525248007682,0.547928379850585,0.));
#7983=DIRECTION('',(0.,0.,1.));
#7984=DIRECTION('',(0.,0.,1.));
#7985=DIRECTION('',(1.,0.,0.));
#7986=DIRECTION('',(0.,0.,1.));
#7987=DIRECTION('',(1.,0.,0.));
#7988=DIRECTION('',(0.,0.,1.));
#7989=DIRECTION('',(0.547928379850585,-0.836525248007682,0.));
#7990=DIRECTION('',(0.836525248007682,0.547928379850585,0.));
#7991=DIRECTION('',(0.,0.,1.));
#7992=DIRECTION('',(0.547928379850585,-0.836525248007682,0.));
#7993=DIRECTION('',(0.836525248007682,0.547928379850585,0.));
#7994=DIRECTION('',(0.,0.,1.));
#7995=DIRECTION('',(1.,0.,0.));
#7996=DIRECTION('',(0.,0.,1.));
#7997=DIRECTION('',(1.,0.,0.));
#7998=DIRECTION('',(0.,0.,1.));
#7999=DIRECTION('',(0.,0.,1.));
#8000=DIRECTION('',(-0.988094813743472,-0.153846153846152,0.));
#8001=DIRECTION('',(0.,0.,1.));
#8002=DIRECTION('',(-0.988094813743472,-0.153846153846152,0.));
#8003=DIRECTION('',(0.,0.,1.));
#8004=DIRECTION('',(0.,0.,1.));
#8005=DIRECTION('',(0.,0.,1.));
#8006=DIRECTION('',(-0.988094813743472,-0.153846153846152,0.));
#8007=DIRECTION('',(0.,0.,1.));
#8008=DIRECTION('',(-0.988094813743472,-0.153846153846152,0.));
#8009=DIRECTION('',(0.,0.,1.));
#8010=DIRECTION('',(0.,0.,1.));
#8011=DIRECTION('',(0.,0.,1.));
#8012=DIRECTION('',(-0.988094813743472,-0.153846153846152,0.));
#8013=DIRECTION('',(0.,0.,1.));
#8014=DIRECTION('',(-0.988094813743472,-0.153846153846152,0.));
#8015=DIRECTION('',(0.,0.,1.));
#8016=DIRECTION('',(0.00358033771785946,0.999993590570373,0.));
#8017=DIRECTION('',(-0.999993590570373,0.00358033771785946,0.));
#8018=DIRECTION('',(0.,0.,1.));
#8019=DIRECTION('',(-0.999993590570373,0.00358033771785946,0.));
#8020=DIRECTION('',(0.,0.,1.));
#8021=DIRECTION('',(1.,0.,0.));
#8022=DIRECTION('',(0.,0.,1.));
#8023=DIRECTION('',(0.,0.,-1.));
#8024=DIRECTION('',(0.993149983316578,-0.116846526000054,0.));
#8025=DIRECTION('',(0.,0.,-1.));
#8026=DIRECTION('',(0.993149983316578,-0.116846526000054,0.));
#8027=DIRECTION('',(0.,0.,-1.));
#8028=DIRECTION('',(0.993149983316578,-0.116846526000054,0.));
#8029=DIRECTION('',(-0.86602540378444,-0.5,0.));
#8030=DIRECTION('',(0.5,-0.866025403784441,0.));
#8031=DIRECTION('',(0.,0.,-1.));
#8032=DIRECTION('',(1.,0.,0.));
#8033=DIRECTION('',(0.866025403784439,-0.5,0.));
#8034=DIRECTION('',(0.00358033771785907,0.999993590570373,0.));
#8035=DIRECTION('',(-0.999993590570373,0.00358033771785907,0.));
#8036=DIRECTION('',(0.,0.,1.));
#8037=DIRECTION('',(-0.866025403784442,0.499999999999994,0.));
#8038=DIRECTION('',(-0.499999999999994,-0.866025403784443,0.));
#8039=DIRECTION('',(0.,0.,1.));
#8040=DIRECTION('',(-0.499999999999994,-0.866025403784442,0.));
#8041=DIRECTION('',(0.,0.,1.));
#8042=DIRECTION('',(1.,0.,0.));
#8043=DIRECTION('',(0.,0.,-1.));
#8044=DIRECTION('',(-0.5,-0.866025403784441,0.));
#8045=DIRECTION('',(0.,0.,-1.));
#8046=DIRECTION('',(-0.5,-0.866025403784441,0.));
#8047=DIRECTION('',(0.,0.,-1.));
#8048=DIRECTION('',(-0.5,-0.866025403784441,0.));
#8049=DIRECTION('',(0.,0.,-1.));
#8050=DIRECTION('',(1.,0.,0.));
#8051=DIRECTION('',(-0.866025403784439,-0.5,0.));
#8052=DIRECTION('',(0.866025403784433,0.50000000000001,0.));
#8053=DIRECTION('',(-0.50000000000001,0.866025403784433,0.));
#8054=DIRECTION('',(0.,0.,1.));
#8055=DIRECTION('',(0.,0.,1.));
#8056=DIRECTION('',(1.,0.,0.));
#8057=DIRECTION('',(0.,0.,1.));
#8058=DIRECTION('',(0.,0.,-1.));
#8059=DIRECTION('',(-0.5,0.866025403784439,0.));
#8060=DIRECTION('',(0.,0.,1.));
#8061=DIRECTION('',(0.,0.,-1.));
#8062=DIRECTION('',(-0.5,0.866025403784439,0.));
#8063=DIRECTION('',(0.,0.,1.));
#8064=DIRECTION('',(0.,0.,1.));
#8065=DIRECTION('',(0.,0.,-1.));
#8066=DIRECTION('',(-0.5,0.866025403784439,0.));
#8067=DIRECTION('',(0.,0.,1.));
#8068=DIRECTION('',(0.866025403784435,-0.500000000000007,0.));
#8069=DIRECTION('',(0.500000000000007,0.866025403784435,0.));
#8070=DIRECTION('',(0.500000000000007,0.866025403784434,0.));
#8071=DIRECTION('',(0.,0.,-1.));
#8072=DIRECTION('',(1.,0.,0.));
#8073=DIRECTION('',(0.,-1.,0.));
#8074=DIRECTION('',(0.,0.,-1.));
#8075=DIRECTION('',(1.,0.,0.));
#8076=DIRECTION('',(0.866025403784439,-0.5,0.));
#8077=DIRECTION('',(-0.500000000000006,-0.866025403784436,0.));
#8078=DIRECTION('',(0.,0.,-1.));
#8079=DIRECTION('',(0.924959545972235,-0.380065571072724,0.));
#8080=DIRECTION('',(0.,0.,-1.));
#8081=DIRECTION('',(1.,0.,0.));
#8082=DIRECTION('',(-0.500000000000006,-0.866025403784436,0.));
#8083=DIRECTION('',(0.866025403784439,-0.5,0.));
#8084=DIRECTION('',(0.,0.,-1.));
#8085=DIRECTION('',(0.832930057227276,-0.553378279088877,0.));
#8086=DIRECTION('',(0.,0.,-1.));
#8087=DIRECTION('',(1.,0.,0.));
#8088=DIRECTION('',(0.866025403784439,-0.5,0.));
#8089=DIRECTION('',(0.866025403784439,-0.5,0.));
#8090=DIRECTION('',(0.,-1.,0.));
#8091=DIRECTION('',(0.,-1.,0.));
#8092=DIRECTION('',(-0.866025403784439,-0.5,0.));
#8093=DIRECTION('',(-0.866025403784439,-0.5,0.));
#8094=DIRECTION('',(0.,0.,-1.));
#8095=DIRECTION('',(1.,0.,0.));
#8096=DIRECTION('',(-0.866025403784439,-0.5,0.));
#8097=DIRECTION('',(0.500000000000006,-0.866025403784436,0.));
#8098=DIRECTION('',(0.,0.,-1.));
#8099=DIRECTION('',(-0.791626212638901,-0.61100567874856,0.));
#8100=DIRECTION('',(-0.5,0.866025403784439,0.));
#8101=DIRECTION('',(-0.866025403784439,-0.5,0.));
#8102=DIRECTION('',(0.,0.,1.));
#8103=DIRECTION('',(-0.866025403784439,-0.5,0.));
#8104=DIRECTION('',(0.,0.,1.));
#8105=DIRECTION('',(-0.866025403784439,-0.5,0.));
#8106=DIRECTION('',(-1.,0.,0.));
#8107=DIRECTION('',(0.,0.,1.));
#8108=DIRECTION('',(0.,-1.,0.));
#8109=DIRECTION('',(0.,1.,0.));
#8110=DIRECTION('',(0.,0.,1.));
#8111=DIRECTION('',(-1.,0.,0.));
#8112=DIRECTION('',(-1.,0.,0.));
#8113=DIRECTION('',(0.,0.,1.));
#8114=DIRECTION('',(0.,0.,1.));
#8115=DIRECTION('',(0.,-1.,0.));
#8116=DIRECTION('',(-0.5,-0.866025403784439,0.));
#8117=DIRECTION('',(0.866025403784439,-0.5,0.));
#8118=DIRECTION('',(0.,0.,1.));
#8119=DIRECTION('',(0.866025403784439,-0.5,0.));
#8120=DIRECTION('',(0.,0.,1.));
#8121=DIRECTION('',(1.,0.,0.));
#8122=DIRECTION('',(0.,0.,1.));
#8123=DIRECTION('',(0.,0.,-1.));
#8124=DIRECTION('',(0.924959545972235,-0.380065571072724,0.));
#8125=DIRECTION('',(-0.866025403784436,0.500000000000006,0.));
#8126=DIRECTION('',(-0.500000000000006,-0.866025403784435,0.));
#8127=DIRECTION('',(0.,0.,1.));
#8128=DIRECTION('',(-0.500000000000006,-0.866025403784436,0.));
#8129=DIRECTION('',(0.,0.,1.));
#8130=DIRECTION('',(1.,0.,0.));
#8131=DIRECTION('',(0.,0.,1.));
#8132=DIRECTION('',(0.,0.,-1.));
#8133=DIRECTION('',(0.832930057227276,-0.553378279088877,0.));
#8134=DIRECTION('',(-0.5,-0.866025403784439,0.));
#8135=DIRECTION('',(0.866025403784439,-0.5,0.));
#8136=DIRECTION('',(0.,0.,1.));
#8137=DIRECTION('',(0.866025403784439,-0.5,0.));
#8138=DIRECTION('',(-0.5,0.866025403784439,0.));
#8139=DIRECTION('',(-0.866025403784439,-0.5,0.));
#8140=DIRECTION('',(0.,0.,1.));
#8141=DIRECTION('',(-0.866025403784439,-0.5,0.));
#8142=DIRECTION('',(0.,0.,1.));
#8143=DIRECTION('',(1.,0.,0.));
#8144=DIRECTION('',(0.,0.,1.));
#8145=DIRECTION('',(0.,0.,-1.));
#8146=DIRECTION('',(-0.791626212638901,-0.61100567874856,0.));
#8147=DIRECTION('',(-0.866025403784436,-0.500000000000006,0.));
#8148=DIRECTION('',(0.500000000000006,-0.866025403784435,0.));
#8149=DIRECTION('',(0.500000000000006,-0.866025403784436,0.));
#8150=DIRECTION('',(0.,0.,1.));
#8151=DIRECTION('',(0.500000000000006,-0.866025403784436,0.));
#8152=DIRECTION('',(0.,0.,1.));
#8153=DIRECTION('',(1.,0.,0.));
#8154=DIRECTION('',(0.,0.,-1.));
#8155=DIRECTION('',(-0.895704676207104,-0.444649449590043,0.));
#8156=DIRECTION('',(0.,0.,-1.));
#8157=DIRECTION('',(-0.895704676207104,-0.444649449590043,0.));
#8158=DIRECTION('',(0.,0.,-1.));
#8159=DIRECTION('',(1.,0.,0.));
#8160=DIRECTION('',(0.,0.,-1.));
#8161=DIRECTION('',(1.,0.,0.));
#8162=DIRECTION('',(0.,0.,-1.));
#8163=DIRECTION('',(1.,0.,0.));
#8164=DIRECTION('',(0.,0.,-1.));
#8165=DIRECTION('',(-0.988094813743472,0.153846153846152,0.));
#8166=DIRECTION('',(0.5,0.866025403784441,0.));
#8167=DIRECTION('',(0.,0.,1.));
#8168=DIRECTION('',(0.993149983316578,0.116846526000054,0.));
#8169=DIRECTION('',(0.866025403784439,0.5,0.));
#8170=DIRECTION('',(0.,0.,-1.));
#8171=DIRECTION('',(1.,0.,0.));
#8172=DIRECTION('',(0.,0.,-1.));
#8173=DIRECTION('',(-0.988094813743472,0.153846153846152,0.));
#8174=DIRECTION('',(-0.999993590570373,-0.00358033771785907,0.));
#8175=DIRECTION('',(0.,0.,1.));
#8176=DIRECTION('',(-0.5,0.866025403784441,0.));
#8177=DIRECTION('',(-0.866025403784439,0.5,0.));
#8178=DIRECTION('',(0.,0.,-1.));
#8179=DIRECTION('',(1.,0.,0.));
#8180=DIRECTION('',(0.,0.,1.));
#8181=DIRECTION('',(-0.5,-0.866025403784439,0.));
#8182=DIRECTION('',(-1.,0.,0.));
#8183=DIRECTION('',(0.,0.,-1.));
#8184=DIRECTION('',(1.,0.,0.));
#8185=DIRECTION('',(0.,0.,1.));
#8186=DIRECTION('',(-0.5,-0.866025403784439,0.));
#8187=DIRECTION('',(-0.50000000000001,-0.866025403784433,0.));
#8188=DIRECTION('',(0.,0.,-1.));
#8189=DIRECTION('',(-0.988094813743472,0.153846153846152,0.));
#8190=DIRECTION('',(0.,1.,0.));
#8191=DIRECTION('',(0.,0.,1.));
#8192=DIRECTION('',(1.,0.,0.));
#8193=DIRECTION('',(0.,0.,1.));
#8194=DIRECTION('',(0.,0.,-1.));
#8195=DIRECTION('',(-0.999644381212083,0.0266666666666665,0.));
#8196=DIRECTION('',(0.,0.,1.));
#8197=DIRECTION('',(1.,0.,0.));
#8198=DIRECTION('',(0.,0.,-1.));
#8199=DIRECTION('',(-0.999644381212083,0.0266666666666665,0.));
#8200=DIRECTION('',(0.,0.,1.));
#8201=DIRECTION('',(0.,0.,1.));
#8202=DIRECTION('',(0.,0.,1.));
#8203=DIRECTION('',(1.,0.,0.));
#8204=DIRECTION('',(0.,0.,-1.));
#8205=DIRECTION('',(-0.999644381212083,0.0266666666666665,0.));
#8206=DIRECTION('',(0.,0.,1.));
#8207=DIRECTION('',(0.,0.,1.));
#8208=DIRECTION('',(0.,0.,1.));
#8209=DIRECTION('',(1.,0.,0.));
#8210=DIRECTION('',(0.,0.,1.));
#8211=DIRECTION('',(0.,0.,-1.));
#8212=DIRECTION('',(0.0263157894736839,0.999653679643294,0.));
#8213=DIRECTION('',(0.,0.,1.));
#8214=DIRECTION('',(1.,0.,0.));
#8215=DIRECTION('',(0.,0.,-1.));
#8216=DIRECTION('',(-0.999644381212083,0.0266666666666665,0.));
#8217=DIRECTION('',(0.,0.,1.));
#8218=DIRECTION('',(0.,0.,1.));
#8219=DIRECTION('',(0.,0.,1.));
#8220=DIRECTION('',(1.,0.,0.));
#8221=DIRECTION('',(0.83652524800768,-0.547928379850588,0.));
#8222=DIRECTION('',(0.,0.,-1.));
#8223=DIRECTION('',(-0.999644381212083,0.0266666666666665,0.));
#8224=DIRECTION('',(0.,0.,-1.));
#8225=DIRECTION('',(-0.999644381212083,0.0266666666666665,0.));
#8226=DIRECTION('',(0.,0.,-1.));
#8227=DIRECTION('',(-0.999644381212083,0.0266666666666665,0.));
#8228=DIRECTION('',(0.,0.,1.));
#8229=DIRECTION('',(1.,0.,0.));
#8230=DIRECTION('',(0.,0.,1.));
#8231=DIRECTION('',(0.,0.,1.));
#8232=DIRECTION('',(0.,0.,1.));
#8233=DIRECTION('',(1.,0.,0.));
#8234=DIRECTION('',(0.,0.,1.));
#8235=DIRECTION('',(0.,0.,1.));
#8236=DIRECTION('',(0.,0.,1.));
#8237=DIRECTION('',(1.,0.,0.));
#8238=DIRECTION('',(0.,0.,1.));
#8239=DIRECTION('',(0.,0.,1.));
#8240=DIRECTION('',(-1.,0.,0.));
#8241=DIRECTION('',(0.,0.,1.));
#8242=DIRECTION('',(0.,0.,1.));
#8243=DIRECTION('',(0.,0.,1.));
#8244=DIRECTION('',(1.,0.,0.));
#8245=DIRECTION('',(0.,0.,1.));
#8246=DIRECTION('',(0.,1.,0.));
#8247=DIRECTION('',(0.,0.,-1.));
#8248=DIRECTION('',(0.,1.,0.));
#8249=DIRECTION('',(0.,0.,-1.));
#8250=DIRECTION('',(0.,0.,1.));
#8251=DIRECTION('',(0.,0.,1.));
#8252=DIRECTION('',(1.,0.,0.));
#8253=DIRECTION('',(0.,0.,1.));
#8254=DIRECTION('',(1.,0.,0.));
#8255=DIRECTION('',(0.,0.,-1.));
#8256=DIRECTION('',(1.,0.,0.));
#8257=DIRECTION('',(0.,0.,-1.));
#8258=DIRECTION('',(0.,0.,1.));
#8259=DIRECTION('',(0.,0.,1.));
#8260=DIRECTION('',(1.,0.,0.));
#8261=DIRECTION('',(0.,0.,1.));
#8262=DIRECTION('',(0.,-1.,0.));
#8263=DIRECTION('',(0.,0.,1.));
#8264=DIRECTION('',(0.,0.,1.));
#8265=DIRECTION('',(0.,-1.,0.));
#8266=DIRECTION('',(0.,0.,1.));
#8267=DIRECTION('',(0.,0.,1.));
#8268=DIRECTION('',(1.,0.,0.));
#8269=DIRECTION('',(0.,0.,1.));
#8270=DIRECTION('',(0.547928379850585,0.836525248007682,0.));
#8271=DIRECTION('',(0.836525248007682,-0.547928379850585,0.));
#8272=DIRECTION('',(0.,0.,1.));
#8273=DIRECTION('',(0.,0.,1.));
#8274=DIRECTION('',(1.,0.,0.));
#8275=DIRECTION('',(0.,0.,1.));
#8276=DIRECTION('',(1.,0.,0.));
#8277=DIRECTION('',(0.,0.,1.));
#8278=DIRECTION('',(0.547928379850585,0.836525248007682,0.));
#8279=DIRECTION('',(0.836525248007682,-0.547928379850585,0.));
#8280=DIRECTION('',(0.,0.,1.));
#8281=DIRECTION('',(0.547928379850585,0.836525248007682,0.));
#8282=DIRECTION('',(0.836525248007682,-0.547928379850585,0.));
#8283=DIRECTION('',(0.,0.,1.));
#8284=DIRECTION('',(1.,0.,0.));
#8285=DIRECTION('',(0.,0.,1.));
#8286=DIRECTION('',(1.,0.,0.));
#8287=DIRECTION('',(0.,0.,1.));
#8288=DIRECTION('',(0.,0.,-1.));
#8289=DIRECTION('',(-0.988094813743472,0.153846153846152,0.));
#8290=DIRECTION('',(0.,0.,-1.));
#8291=DIRECTION('',(-0.988094813743472,0.153846153846152,0.));
#8292=DIRECTION('',(0.,0.,1.));
#8293=DIRECTION('',(0.,0.,1.));
#8294=DIRECTION('',(0.,0.,-1.));
#8295=DIRECTION('',(-0.988094813743472,0.153846153846152,0.));
#8296=DIRECTION('',(0.,0.,-1.));
#8297=DIRECTION('',(-0.988094813743472,0.153846153846152,0.));
#8298=DIRECTION('',(0.,0.,1.));
#8299=DIRECTION('',(0.,0.,1.));
#8300=DIRECTION('',(0.,0.,-1.));
#8301=DIRECTION('',(-0.988094813743472,0.153846153846152,0.));
#8302=DIRECTION('',(0.,0.,-1.));
#8303=DIRECTION('',(-0.988094813743472,0.153846153846152,0.));
#8304=DIRECTION('',(0.,0.,1.));
#8305=DIRECTION('',(0.00358033771785946,-0.999993590570373,0.));
#8306=DIRECTION('',(-0.999993590570373,-0.00358033771785946,0.));
#8307=DIRECTION('',(-0.999993590570373,-0.00358033771785946,0.));
#8308=DIRECTION('',(0.,0.,1.));
#8309=DIRECTION('',(0.,0.,1.));
#8310=DIRECTION('',(1.,0.,0.));
#8311=DIRECTION('',(0.,0.,1.));
#8312=DIRECTION('',(0.993149983316578,0.116846526000054,0.));
#8313=DIRECTION('',(0.,0.,1.));
#8314=DIRECTION('',(0.993149983316578,0.116846526000054,0.));
#8315=DIRECTION('',(0.,0.,1.));
#8316=DIRECTION('',(0.993149983316578,0.116846526000054,0.));
#8317=DIRECTION('',(0.,0.,1.));
#8318=DIRECTION('',(-0.86602540378444,0.5,0.));
#8319=DIRECTION('',(0.5,0.866025403784441,0.));
#8320=DIRECTION('',(0.,0.,-1.));
#8321=DIRECTION('',(1.,0.,0.));
#8322=DIRECTION('',(0.866025403784439,0.5,0.));
#8323=DIRECTION('',(0.00358033771785907,-0.999993590570373,0.));
#8324=DIRECTION('',(-0.999993590570373,-0.00358033771785907,0.));
#8325=DIRECTION('',(0.,0.,1.));
#8326=DIRECTION('',(-0.866025403784442,-0.499999999999994,0.));
#8327=DIRECTION('',(-0.499999999999994,0.866025403784443,0.));
#8328=DIRECTION('',(-0.499999999999994,0.866025403784442,0.));
#8329=DIRECTION('',(0.,0.,1.));
#8330=DIRECTION('',(0.,0.,1.));
#8331=DIRECTION('',(1.,0.,0.));
#8332=DIRECTION('',(0.,0.,1.));
#8333=DIRECTION('',(-0.5,0.866025403784441,0.));
#8334=DIRECTION('',(0.,0.,1.));
#8335=DIRECTION('',(-0.5,0.866025403784441,0.));
#8336=DIRECTION('',(0.,0.,1.));
#8337=DIRECTION('',(-0.5,0.866025403784441,0.));
#8338=DIRECTION('',(0.,0.,-1.));
#8339=DIRECTION('',(1.,0.,0.));
#8340=DIRECTION('',(-0.866025403784439,0.5,0.));
#8341=DIRECTION('',(0.866025403784433,-0.50000000000001,0.));
#8342=DIRECTION('',(-0.50000000000001,-0.866025403784433,0.));
#8343=DIRECTION('',(0.,0.,1.));
#8344=DIRECTION('',(0.,0.,1.));
#8345=DIRECTION('',(1.,0.,0.));
#8346=DIRECTION('',(0.,0.,1.));
#8347=DIRECTION('',(0.,0.,1.));
#8348=DIRECTION('',(-0.5,-0.866025403784439,0.));
#8349=DIRECTION('',(0.,0.,1.));
#8350=DIRECTION('',(0.,0.,1.));
#8351=DIRECTION('',(0.,0.,1.));
#8352=DIRECTION('',(-0.5,-0.866025403784439,0.));
#8353=DIRECTION('',(0.,0.,1.));
#8354=DIRECTION('',(0.,0.,1.));
#8355=DIRECTION('',(-0.5,-0.866025403784439,0.));
#8356=DIRECTION('',(0.,0.,1.));
#8357=DIRECTION('',(0.866025403784435,0.500000000000007,0.));
#8358=DIRECTION('',(0.500000000000007,-0.866025403784435,0.));
#8359=DIRECTION('',(0.500000000000007,-0.866025403784434,0.));
#8360=DIRECTION('',(0.,0.,-1.));
#8361=DIRECTION('',(1.,0.,0.));
#8362=DIRECTION('',(0.,1.,0.));
#8363=DIRECTION('',(0.,0.,-1.));
#8364=DIRECTION('',(1.,0.,0.));
#8365=DIRECTION('',(0.866025403784439,0.5,0.));
#8366=DIRECTION('',(0.,0.,1.));
#8367=DIRECTION('',(0.924959545972235,0.380065571072724,0.));
#8368=DIRECTION('',(-0.500000000000006,0.866025403784436,0.));
#8369=DIRECTION('',(0.,0.,-1.));
#8370=DIRECTION('',(1.,0.,0.));
#8371=DIRECTION('',(-0.500000000000006,0.866025403784436,0.));
#8372=DIRECTION('',(0.,0.,1.));
#8373=DIRECTION('',(0.832930057227276,0.553378279088877,0.));
#8374=DIRECTION('',(0.866025403784439,0.5,0.));
#8375=DIRECTION('',(0.,0.,-1.));
#8376=DIRECTION('',(1.,0.,0.));
#8377=DIRECTION('',(0.866025403784439,0.5,0.));
#8378=DIRECTION('',(-0.866025403784439,0.5,0.));
#8379=DIRECTION('',(-0.866025403784439,0.5,0.));
#8380=DIRECTION('',(0.,1.,0.));
#8381=DIRECTION('',(0.,1.,0.));
#8382=DIRECTION('',(0.866025403784439,0.5,0.));
#8383=DIRECTION('',(0.,0.,-1.));
#8384=DIRECTION('',(1.,0.,0.));
#8385=DIRECTION('',(-0.866025403784439,0.5,0.));
#8386=DIRECTION('',(0.,0.,1.));
#8387=DIRECTION('',(-0.791626212638901,0.61100567874856,0.));
#8388=DIRECTION('',(0.500000000000006,0.866025403784436,0.));
#8389=DIRECTION('',(-0.5,-0.866025403784439,0.));
#8390=DIRECTION('',(-0.866025403784439,0.5,0.));
#8391=DIRECTION('',(-0.866025403784439,0.5,0.));
#8392=DIRECTION('',(0.,0.,1.));
#8393=DIRECTION('',(-0.866025403784439,0.5,0.));
#8394=DIRECTION('',(0.,0.,1.));
#8395=DIRECTION('',(-1.,0.,0.));
#8396=DIRECTION('',(0.,0.,1.));
#8397=DIRECTION('',(0.,1.,0.));
#8398=DIRECTION('',(0.,-1.,0.));
#8399=DIRECTION('',(0.,0.,1.));
#8400=DIRECTION('',(-1.,0.,0.));
#8401=DIRECTION('',(-1.,0.,0.));
#8402=DIRECTION('',(0.,0.,1.));
#8403=DIRECTION('',(0.,1.,0.));
#8404=DIRECTION('',(0.,0.,1.));
#8405=DIRECTION('',(-0.5,0.866025403784439,0.));
#8406=DIRECTION('',(0.866025403784439,0.5,0.));
#8407=DIRECTION('',(0.866025403784439,0.5,0.));
#8408=DIRECTION('',(0.,0.,1.));
#8409=DIRECTION('',(0.,0.,1.));
#8410=DIRECTION('',(1.,0.,0.));
#8411=DIRECTION('',(0.,0.,1.));
#8412=DIRECTION('',(0.924959545972235,0.380065571072724,0.));
#8413=DIRECTION('',(0.,0.,1.));
#8414=DIRECTION('',(-0.866025403784436,-0.500000000000006,0.));
#8415=DIRECTION('',(-0.500000000000006,0.866025403784435,0.));
#8416=DIRECTION('',(-0.500000000000006,0.866025403784436,0.));
#8417=DIRECTION('',(0.,0.,1.));
#8418=DIRECTION('',(0.,0.,1.));
#8419=DIRECTION('',(1.,0.,0.));
#8420=DIRECTION('',(0.,0.,1.));
#8421=DIRECTION('',(0.832930057227276,0.553378279088877,0.));
#8422=DIRECTION('',(0.,0.,1.));
#8423=DIRECTION('',(-0.5,0.866025403784439,0.));
#8424=DIRECTION('',(0.866025403784439,0.5,0.));
#8425=DIRECTION('',(0.866025403784439,0.5,0.));
#8426=DIRECTION('',(0.,0.,1.));
#8427=DIRECTION('',(-0.5,-0.866025403784439,0.));
#8428=DIRECTION('',(-0.866025403784439,0.5,0.));
#8429=DIRECTION('',(-0.866025403784439,0.5,0.));
#8430=DIRECTION('',(0.,0.,1.));
#8431=DIRECTION('',(0.,0.,1.));
#8432=DIRECTION('',(1.,0.,0.));
#8433=DIRECTION('',(0.,0.,1.));
#8434=DIRECTION('',(-0.791626212638901,0.61100567874856,0.));
#8435=DIRECTION('',(0.,0.,1.));
#8436=DIRECTION('',(-0.866025403784436,0.500000000000006,0.));
#8437=DIRECTION('',(0.500000000000006,0.866025403784435,0.));
#8438=DIRECTION('',(0.500000000000006,0.866025403784436,0.));
#8439=DIRECTION('',(0.500000000000006,0.866025403784436,0.));
#8440=DIRECTION('',(0.,0.,1.));
#8441=DIRECTION('',(0.,0.,1.));
#8442=DIRECTION('',(1.,0.,0.));
#8443=DIRECTION('',(0.,0.,1.));
#8444=DIRECTION('',(-0.895704676207104,0.444649449590043,0.));
#8445=DIRECTION('',(0.,0.,1.));
#8446=DIRECTION('',(-0.895704676207104,0.444649449590043,0.));
#8447=DIRECTION('',(0.,0.,-1.));
#8448=DIRECTION('',(1.,0.,0.));
#8449=DIRECTION('',(0.,0.,-1.));
#8450=DIRECTION('',(1.,0.,0.));
#8451=DIRECTION('',(0.,0.,-1.));
#8452=DIRECTION('',(-1.,0.,0.));
#8453=DIRECTION('',(-0.500000000000006,0.866025403784436,0.));
#8454=DIRECTION('',(0.,0.,-1.));
#8455=DIRECTION('',(0.5,0.866025403784441,0.));
#8456=DIRECTION('',(0.866025403784439,0.5,0.));
#8457=DIRECTION('',(0.,0.,-1.));
#8458=DIRECTION('',(0.895704676207104,0.444649449590043,0.));
#8459=DIRECTION('',(0.,0.,-1.));
#8460=DIRECTION('',(-1.,0.,0.));
#8461=DIRECTION('',(0.866025403784439,0.5,0.));
#8462=DIRECTION('',(0.,1.,0.));
#8463=DIRECTION('',(0.,0.,-1.));
#8464=DIRECTION('',(0.5,-0.866025403784439,0.));
#8465=DIRECTION('',(1.,0.,0.));
#8466=DIRECTION('',(0.,0.,-1.));
#8467=DIRECTION('',(0.5,-0.866025403784439,0.));
#8468=DIRECTION('',(0.,1.,0.));
#8469=DIRECTION('',(-0.866025403784439,0.5,0.));
#8470=DIRECTION('',(0.,0.,-1.));
#8471=DIRECTION('',(-0.924959545972235,0.380065571072724,0.));
#8472=DIRECTION('',(0.500000000000006,0.866025403784436,0.));
#8473=DIRECTION('',(0.,0.,-1.));
#8474=DIRECTION('',(-0.832930057227276,0.553378279088877,0.));
#8475=DIRECTION('',(-0.866025403784439,0.5,0.));
#8476=DIRECTION('',(0.866025403784439,0.5,0.));
#8477=DIRECTION('',(0.,0.,-1.));
#8478=DIRECTION('',(0.791626212638901,0.61100567874856,0.));
#8479=DIRECTION('',(-0.500000000000006,0.866025403784436,0.));
#8480=DIRECTION('',(0.,0.,-1.));
#8481=DIRECTION('',(0.895704676207104,0.444649449590043,0.));
#8482=DIRECTION('',(0.,0.,1.));
#8483=DIRECTION('',(-1.,0.,0.));
#8484=DIRECTION('',(0.,0.,1.));
#8485=DIRECTION('',(0.,0.,1.));
#8486=DIRECTION('',(0.866025403784436,0.500000000000006,0.));
#8487=DIRECTION('',(-0.500000000000006,0.866025403784435,0.));
#8488=DIRECTION('',(0.,0.,1.));
#8489=DIRECTION('',(-0.500000000000006,0.866025403784436,0.));
#8490=DIRECTION('',(0.,0.,1.));
#8491=DIRECTION('',(-1.,0.,0.));
#8492=DIRECTION('',(0.,0.,-1.));
#8493=DIRECTION('',(0.791626212638901,0.61100567874856,0.));
#8494=DIRECTION('',(0.,0.,1.));
#8495=DIRECTION('',(0.5,-0.866025403784439,0.));
#8496=DIRECTION('',(0.866025403784439,0.5,0.));
#8497=DIRECTION('',(0.866025403784439,0.5,0.));
#8498=DIRECTION('',(0.866025403784439,0.5,0.));
#8499=DIRECTION('',(0.866025403784439,0.5,0.));
#8500=DIRECTION('',(0.,0.,1.));
#8501=DIRECTION('',(0.5,0.866025403784439,0.));
#8502=DIRECTION('',(-0.866025403784439,0.5,0.));
#8503=DIRECTION('',(-0.866025403784439,0.5,0.));
#8504=DIRECTION('',(0.,0.,1.));
#8505=DIRECTION('',(-0.866025403784439,0.5,0.));
#8506=DIRECTION('',(-0.866025403784439,0.5,0.));
#8507=DIRECTION('',(0.,0.,1.));
#8508=DIRECTION('',(-1.,0.,0.));
#8509=DIRECTION('',(0.,0.,-1.));
#8510=DIRECTION('',(-0.832930057227276,0.553378279088877,0.));
#8511=DIRECTION('',(0.,0.,1.));
#8512=DIRECTION('',(0.866025403784436,-0.500000000000006,0.));
#8513=DIRECTION('',(0.500000000000006,0.866025403784435,0.));
#8514=DIRECTION('',(0.500000000000006,0.866025403784436,0.));
#8515=DIRECTION('',(0.500000000000006,0.866025403784436,0.));
#8516=DIRECTION('',(0.,0.,1.));
#8517=DIRECTION('',(0.,0.,1.));
#8518=DIRECTION('',(-1.,0.,0.));
#8519=DIRECTION('',(0.,0.,-1.));
#8520=DIRECTION('',(-0.924959545972235,0.380065571072724,0.));
#8521=DIRECTION('',(0.,0.,1.));
#8522=DIRECTION('',(0.5,0.866025403784439,0.));
#8523=DIRECTION('',(-0.866025403784439,0.5,0.));
#8524=DIRECTION('',(-0.866025403784439,0.5,0.));
#8525=DIRECTION('',(-0.866025403784439,0.5,0.));
#8526=DIRECTION('',(-0.866025403784439,0.5,0.));
#8527=DIRECTION('',(0.,0.,1.));
#8528=DIRECTION('',(1.,0.,0.));
#8529=DIRECTION('',(0.,0.,1.));
#8530=DIRECTION('',(0.,1.,0.));
#8531=DIRECTION('',(0.,1.,0.));
#8532=DIRECTION('',(0.,0.,1.));
#8533=DIRECTION('',(0.,-1.,0.));
#8534=DIRECTION('',(0.,0.,1.));
#8535=DIRECTION('',(1.,0.,0.));
#8536=DIRECTION('',(0.,0.,1.));
#8537=DIRECTION('',(0.,0.,1.));
#8538=DIRECTION('',(1.,0.,0.));
#8539=DIRECTION('',(0.,0.,1.));
#8540=DIRECTION('',(0.,1.,0.));
#8541=DIRECTION('',(0.,0.,1.));
#8542=DIRECTION('',(0.,0.,1.));
#8543=DIRECTION('',(0.,1.,0.));
#8544=DIRECTION('',(0.5,-0.866025403784439,0.));
#8545=DIRECTION('',(0.866025403784439,0.5,0.));
#8546=DIRECTION('',(0.866025403784439,0.5,0.));
#8547=DIRECTION('',(0.866025403784439,0.5,0.));
#8548=DIRECTION('',(0.,0.,-1.));
#8549=DIRECTION('',(-1.,0.,0.));
#8550=DIRECTION('',(0.,0.,-1.));
#8551=DIRECTION('',(0.5,0.866025403784441,0.));
#8552=DIRECTION('',(0.,0.,-1.));
#8553=DIRECTION('',(-1.,0.,0.));
#8554=DIRECTION('',(0.,0.,1.));
#8555=DIRECTION('',(0.988094813743472,0.153846153846152,0.));
#8556=DIRECTION('',(0.,0.,1.));
#8557=DIRECTION('',(0.988094813743472,0.153846153846152,0.));
#8558=DIRECTION('',(0.,0.,1.));
#8559=DIRECTION('',(0.988094813743472,0.153846153846152,0.));
#8560=DIRECTION('',(0.,0.,-1.));
#8561=DIRECTION('',(-1.,0.,0.));
#8562=DIRECTION('',(0.,0.,-1.));
#8563=DIRECTION('',(-0.993149983316578,0.116846526000054,0.));
#8564=DIRECTION('',(0.,0.,-1.));
#8565=DIRECTION('',(-1.,0.,0.));
#8566=DIRECTION('',(0.,0.,-1.));
#8567=DIRECTION('',(-0.993149983316578,0.116846526000054,0.));
#8568=DIRECTION('',(0.,0.,-1.));
#8569=DIRECTION('',(-1.,0.,0.));
#8570=DIRECTION('',(0.,0.,-1.));
#8571=DIRECTION('',(0.5,-0.866025403784439,0.));
#8572=DIRECTION('',(-0.500000000000007,-0.866025403784434,0.));
#8573=DIRECTION('',(0.,0.,1.));
#8574=DIRECTION('',(0.988094813743472,0.153846153846152,0.));
#8575=DIRECTION('',(-0.866025403784435,0.500000000000007,0.));
#8576=DIRECTION('',(-0.500000000000007,-0.866025403784435,0.));
#8577=DIRECTION('',(0.,0.,1.));
#8578=DIRECTION('',(0.,0.,1.));
#8579=DIRECTION('',(0.,0.,1.));
#8580=DIRECTION('',(-1.,0.,0.));
#8581=DIRECTION('',(0.,0.,-1.));
#8582=DIRECTION('',(0.5,-0.866025403784439,0.));
#8583=DIRECTION('',(0.,0.,-1.));
#8584=DIRECTION('',(0.5,-0.866025403784439,0.));
#8585=DIRECTION('',(0.,0.,1.));
#8586=DIRECTION('',(-0.866025403784433,-0.50000000000001,0.));
#8587=DIRECTION('',(0.50000000000001,-0.866025403784433,0.));
#8588=DIRECTION('',(0.50000000000001,-0.866025403784433,0.));
#8589=DIRECTION('',(0.,0.,1.));
#8590=DIRECTION('',(0.,0.,-1.));
#8591=DIRECTION('',(-1.,0.,0.));
#8592=DIRECTION('',(0.,0.,1.));
#8593=DIRECTION('',(0.988094813743472,0.153846153846152,0.));
#8594=DIRECTION('',(0.499999999999994,0.866025403784442,0.));
#8595=DIRECTION('',(0.,0.,-1.));
#8596=DIRECTION('',(0.5,0.866025403784441,0.));
#8597=DIRECTION('',(0.,0.,1.));
#8598=DIRECTION('',(-1.,0.,0.));
#8599=DIRECTION('',(0.,0.,1.));
#8600=DIRECTION('',(0.,0.,-1.));
#8601=DIRECTION('',(0.5,0.866025403784441,0.));
#8602=DIRECTION('',(0.,0.,1.));
#8603=DIRECTION('',(0.866025403784442,-0.499999999999994,0.));
#8604=DIRECTION('',(0.499999999999994,0.866025403784443,0.));
#8605=DIRECTION('',(0.,0.,1.));
#8606=DIRECTION('',(-0.00358033771785907,-0.999993590570373,0.));
#8607=DIRECTION('',(0.999993590570373,-0.00358033771785907,0.));
#8608=DIRECTION('',(0.,0.,1.));
#8609=DIRECTION('',(0.999993590570373,-0.00358033771785907,0.));
#8610=DIRECTION('',(0.,0.,-1.));
#8611=DIRECTION('',(-1.,0.,0.));
#8612=DIRECTION('',(0.,0.,1.));
#8613=DIRECTION('',(0.988094813743472,0.153846153846152,0.));
#8614=DIRECTION('',(0.999993590570373,-0.00358033771785946,0.));
#8615=DIRECTION('',(0.,0.,-1.));
#8616=DIRECTION('',(-0.993149983316578,0.116846526000054,0.));
#8617=DIRECTION('',(0.86602540378444,0.5,0.));
#8618=DIRECTION('',(-0.5,0.866025403784441,0.));
#8619=DIRECTION('',(0.,0.,1.));
#8620=DIRECTION('',(-0.5,0.866025403784441,0.));
#8621=DIRECTION('',(0.,0.,1.));
#8622=DIRECTION('',(0.,0.,1.));
#8623=DIRECTION('',(-1.,0.,0.));
#8624=DIRECTION('',(0.,0.,-1.));
#8625=DIRECTION('',(-0.993149983316578,0.116846526000054,0.));
#8626=DIRECTION('',(0.,0.,1.));
#8627=DIRECTION('',(-0.00358033771785946,-0.999993590570373,0.));
#8628=DIRECTION('',(0.999993590570373,-0.00358033771785946,0.));
#8629=DIRECTION('',(0.,0.,1.));
#8630=DIRECTION('',(0.,0.,1.));
#8631=DIRECTION('',(-1.,0.,0.));
#8632=DIRECTION('',(0.,0.,1.));
#8633=DIRECTION('',(0.988094813743472,0.153846153846152,0.));
#8634=DIRECTION('',(0.,0.,1.));
#8635=DIRECTION('',(0.988094813743472,0.153846153846152,0.));
#8636=DIRECTION('',(0.,0.,1.));
#8637=DIRECTION('',(0.988094813743472,0.153846153846152,0.));
#8638=DIRECTION('',(0.,0.,1.));
#8639=DIRECTION('',(-1.,0.,0.));
#8640=DIRECTION('',(0.,0.,1.));
#8641=DIRECTION('',(0.,0.,1.));
#8642=DIRECTION('',(-0.547928379850585,0.836525248007682,0.));
#8643=DIRECTION('',(-0.836525248007682,-0.547928379850585,0.));
#8644=DIRECTION('',(0.,0.,1.));
#8645=DIRECTION('',(-0.83652524800768,-0.547928379850588,0.));
#8646=DIRECTION('',(0.,0.,1.));
#8647=DIRECTION('',(0.,0.,1.));
#8648=DIRECTION('',(-0.547928379850585,0.836525248007682,0.));
#8649=DIRECTION('',(-0.836525248007682,-0.547928379850585,0.));
#8650=DIRECTION('',(0.,0.,1.));
#8651=DIRECTION('',(0.,0.,1.));
#8652=DIRECTION('',(-1.,0.,0.));
#8653=DIRECTION('',(0.,0.,1.));
#8654=DIRECTION('',(-1.,0.,0.));
#8655=DIRECTION('',(0.,0.,1.));
#8656=DIRECTION('',(-0.547928379850585,0.836525248007682,0.));
#8657=DIRECTION('',(-0.836525248007682,-0.547928379850585,0.));
#8658=DIRECTION('',(0.,0.,1.));
#8659=DIRECTION('',(-1.,0.,0.));
#8660=DIRECTION('',(0.,0.,1.));
#8661=DIRECTION('',(0.,-1.,0.));
#8662=DIRECTION('',(0.,0.,1.));
#8663=DIRECTION('',(0.,0.,1.));
#8664=DIRECTION('',(0.,0.,1.));
#8665=DIRECTION('',(0.,0.,1.));
#8666=DIRECTION('',(0.,-1.,0.));
#8667=DIRECTION('',(0.,0.,1.));
#8668=DIRECTION('',(0.,0.,1.));
#8669=DIRECTION('',(0.,0.,1.));
#8670=DIRECTION('',(0.,0.,1.));
#8671=DIRECTION('',(-1.,0.,0.));
#8672=DIRECTION('',(0.,0.,1.));
#8673=DIRECTION('',(-1.,0.,0.));
#8674=DIRECTION('',(0.,0.,-1.));
#8675=DIRECTION('',(0.,0.,1.));
#8676=DIRECTION('',(0.,0.,1.));
#8677=DIRECTION('',(-1.,0.,0.));
#8678=DIRECTION('',(0.,0.,-1.));
#8679=DIRECTION('',(0.,0.,1.));
#8680=DIRECTION('',(0.,0.,1.));
#8681=DIRECTION('',(0.,0.,1.));
#8682=DIRECTION('',(0.,0.,1.));
#8683=DIRECTION('',(-1.,0.,0.));
#8684=DIRECTION('',(0.,0.,1.));
#8685=DIRECTION('',(0.,1.,0.));
#8686=DIRECTION('',(0.,0.,-1.));
#8687=DIRECTION('',(0.,0.,1.));
#8688=DIRECTION('',(0.,0.,1.));
#8689=DIRECTION('',(0.,1.,0.));
#8690=DIRECTION('',(0.,0.,-1.));
#8691=DIRECTION('',(0.,0.,1.));
#8692=DIRECTION('',(0.,0.,1.));
#8693=DIRECTION('',(0.,0.,1.));
#8694=DIRECTION('',(0.,0.,1.));
#8695=DIRECTION('',(-1.,0.,0.));
#8696=DIRECTION('',(1.,0.,0.));
#8697=DIRECTION('',(0.,0.,1.));
#8698=DIRECTION('',(0.,0.,1.));
#8699=DIRECTION('',(-1.,0.,0.));
#8700=DIRECTION('',(0.,0.,1.));
#8701=DIRECTION('',(0.999644381212083,0.0266666666666665,0.));
#8702=DIRECTION('',(0.,0.,1.));
#8703=DIRECTION('',(-1.,0.,0.));
#8704=DIRECTION('',(0.,0.,1.));
#8705=DIRECTION('',(0.999644381212083,0.0266666666666665,0.));
#8706=DIRECTION('',(0.,0.,1.));
#8707=DIRECTION('',(-1.,0.,0.));
#8708=DIRECTION('',(0.,0.,1.));
#8709=DIRECTION('',(0.999644381212083,0.0266666666666665,0.));
#8710=DIRECTION('',(0.,0.,1.));
#8711=DIRECTION('',(-1.,0.,0.));
#8712=DIRECTION('',(0.,0.,1.));
#8713=DIRECTION('',(-0.0263157894736839,0.999653679643294,0.));
#8714=DIRECTION('',(0.,0.,1.));
#8715=DIRECTION('',(0.999644381212083,0.0266666666666665,0.));
#8716=DIRECTION('',(0.,0.,1.));
#8717=DIRECTION('',(0.999644381212083,0.0266666666666665,0.));
#8718=DIRECTION('',(0.,0.,1.));
#8719=DIRECTION('',(0.999644381212083,0.0266666666666665,0.));
#8720=DIRECTION('',(0.,0.,1.));
#8721=DIRECTION('',(0.999644381212083,0.0266666666666665,0.));
#8722=DIRECTION('',(0.,0.,1.));
#8723=DIRECTION('',(-1.,0.,0.));
#8724=DIRECTION('',(0.,0.,1.));
#8725=DIRECTION('',(-1.,0.,0.));
#8726=DIRECTION('',(0.,0.,1.));
#8727=DIRECTION('',(-1.,0.,0.));
#8728=DIRECTION('',(0.,0.,1.));
#8729=DIRECTION('',(-1.,0.,0.));
#8730=DIRECTION('',(0.,0.,1.));
#8731=DIRECTION('',(-1.,0.,0.));
#8732=DIRECTION('',(0.,0.,-1.));
#8733=DIRECTION('',(-1.,0.,0.));
#8734=DIRECTION('',(0.,0.,-1.));
#8735=DIRECTION('',(-1.,0.,0.));
#8736=DIRECTION('',(0.,0.,-1.));
#8737=DIRECTION('',(-1.,0.,0.));
#8738=DIRECTION('',(0.,0.,-1.));
#8739=DIRECTION('',(-1.,0.,0.));
#8740=DIRECTION('',(0.,0.,-1.));
#8741=DIRECTION('',(-1.,0.,0.));
#8742=DIRECTION('',(0.,0.,-1.));
#8743=DIRECTION('',(0.988094813743472,-0.153846153846152,0.));
#8744=DIRECTION('',(-0.5,-0.866025403784441,0.));
#8745=DIRECTION('',(0.,0.,1.));
#8746=DIRECTION('',(-0.993149983316578,-0.116846526000054,0.));
#8747=DIRECTION('',(-0.866025403784439,-0.5,0.));
#8748=DIRECTION('',(0.,0.,-1.));
#8749=DIRECTION('',(-1.,0.,0.));
#8750=DIRECTION('',(0.,0.,-1.));
#8751=DIRECTION('',(0.988094813743472,-0.153846153846152,0.));
#8752=DIRECTION('',(0.999993590570373,0.00358033771785907,0.));
#8753=DIRECTION('',(0.,0.,1.));
#8754=DIRECTION('',(0.5,-0.866025403784441,0.));
#8755=DIRECTION('',(0.866025403784439,-0.5,0.));
#8756=DIRECTION('',(0.,0.,-1.));
#8757=DIRECTION('',(-1.,0.,0.));
#8758=DIRECTION('',(0.,0.,1.));
#8759=DIRECTION('',(0.5,0.866025403784439,0.));
#8760=DIRECTION('',(1.,0.,0.));
#8761=DIRECTION('',(0.,0.,-1.));
#8762=DIRECTION('',(-1.,0.,0.));
#8763=DIRECTION('',(0.,0.,1.));
#8764=DIRECTION('',(0.5,0.866025403784439,0.));
#8765=DIRECTION('',(0.50000000000001,0.866025403784433,0.));
#8766=DIRECTION('',(0.,0.,-1.));
#8767=DIRECTION('',(0.988094813743472,-0.153846153846152,0.));
#8768=DIRECTION('',(0.,-1.,0.));
#8769=DIRECTION('',(0.,0.,1.));
#8770=DIRECTION('',(-1.,0.,0.));
#8771=DIRECTION('',(0.,0.,1.));
#8772=DIRECTION('',(0.,0.,-1.));
#8773=DIRECTION('',(0.999644381212083,-0.0266666666666665,0.));
#8774=DIRECTION('',(0.,0.,1.));
#8775=DIRECTION('',(-1.,0.,0.));
#8776=DIRECTION('',(0.,0.,-1.));
#8777=DIRECTION('',(0.999644381212083,-0.0266666666666665,0.));
#8778=DIRECTION('',(0.,0.,1.));
#8779=DIRECTION('',(0.,0.,1.));
#8780=DIRECTION('',(0.,0.,1.));
#8781=DIRECTION('',(-1.,0.,0.));
#8782=DIRECTION('',(0.,0.,-1.));
#8783=DIRECTION('',(0.999644381212083,-0.0266666666666665,0.));
#8784=DIRECTION('',(0.,0.,1.));
#8785=DIRECTION('',(0.,0.,1.));
#8786=DIRECTION('',(0.,0.,1.));
#8787=DIRECTION('',(-1.,0.,0.));
#8788=DIRECTION('',(0.,0.,1.));
#8789=DIRECTION('',(0.,0.,-1.));
#8790=DIRECTION('',(-0.0263157894736839,-0.999653679643294,0.));
#8791=DIRECTION('',(0.,0.,1.));
#8792=DIRECTION('',(-1.,0.,0.));
#8793=DIRECTION('',(0.,0.,-1.));
#8794=DIRECTION('',(0.999644381212083,-0.0266666666666665,0.));
#8795=DIRECTION('',(0.,0.,1.));
#8796=DIRECTION('',(0.,0.,1.));
#8797=DIRECTION('',(0.,0.,1.));
#8798=DIRECTION('',(-1.,0.,0.));
#8799=DIRECTION('',(-0.83652524800768,0.547928379850588,0.));
#8800=DIRECTION('',(0.,0.,-1.));
#8801=DIRECTION('',(0.999644381212083,-0.0266666666666665,0.));
#8802=DIRECTION('',(0.,0.,-1.));
#8803=DIRECTION('',(0.999644381212083,-0.0266666666666665,0.));
#8804=DIRECTION('',(0.,0.,-1.));
#8805=DIRECTION('',(0.999644381212083,-0.0266666666666665,0.));
#8806=DIRECTION('',(0.,0.,1.));
#8807=DIRECTION('',(-1.,0.,0.));
#8808=DIRECTION('',(0.,0.,1.));
#8809=DIRECTION('',(0.,0.,1.));
#8810=DIRECTION('',(0.,0.,1.));
#8811=DIRECTION('',(-1.,0.,0.));
#8812=DIRECTION('',(0.,0.,1.));
#8813=DIRECTION('',(0.,0.,1.));
#8814=DIRECTION('',(0.,0.,1.));
#8815=DIRECTION('',(-1.,0.,0.));
#8816=DIRECTION('',(0.,0.,1.));
#8817=DIRECTION('',(0.,0.,1.));
#8818=DIRECTION('',(1.,0.,0.));
#8819=DIRECTION('',(0.,0.,1.));
#8820=DIRECTION('',(0.,0.,1.));
#8821=DIRECTION('',(0.,0.,1.));
#8822=DIRECTION('',(-1.,0.,0.));
#8823=DIRECTION('',(0.,0.,1.));
#8824=DIRECTION('',(0.,-1.,0.));
#8825=DIRECTION('',(0.,0.,-1.));
#8826=DIRECTION('',(0.,-1.,0.));
#8827=DIRECTION('',(0.,0.,-1.));
#8828=DIRECTION('',(0.,0.,1.));
#8829=DIRECTION('',(0.,0.,1.));
#8830=DIRECTION('',(-1.,0.,0.));
#8831=DIRECTION('',(0.,0.,1.));
#8832=DIRECTION('',(-1.,0.,0.));
#8833=DIRECTION('',(0.,0.,-1.));
#8834=DIRECTION('',(-1.,0.,0.));
#8835=DIRECTION('',(0.,0.,-1.));
#8836=DIRECTION('',(0.,0.,1.));
#8837=DIRECTION('',(0.,0.,1.));
#8838=DIRECTION('',(-1.,0.,0.));
#8839=DIRECTION('',(0.,0.,1.));
#8840=DIRECTION('',(0.,1.,0.));
#8841=DIRECTION('',(0.,0.,1.));
#8842=DIRECTION('',(0.,0.,1.));
#8843=DIRECTION('',(0.,1.,0.));
#8844=DIRECTION('',(0.,0.,1.));
#8845=DIRECTION('',(0.,0.,1.));
#8846=DIRECTION('',(-1.,0.,0.));
#8847=DIRECTION('',(0.,0.,1.));
#8848=DIRECTION('',(-0.547928379850585,-0.836525248007682,0.));
#8849=DIRECTION('',(-0.836525248007682,0.547928379850585,0.));
#8850=DIRECTION('',(0.,0.,1.));
#8851=DIRECTION('',(0.,0.,1.));
#8852=DIRECTION('',(-1.,0.,0.));
#8853=DIRECTION('',(0.,0.,1.));
#8854=DIRECTION('',(-1.,0.,0.));
#8855=DIRECTION('',(0.,0.,1.));
#8856=DIRECTION('',(-0.547928379850585,-0.836525248007682,0.));
#8857=DIRECTION('',(-0.836525248007682,0.547928379850585,0.));
#8858=DIRECTION('',(0.,0.,1.));
#8859=DIRECTION('',(-0.547928379850585,-0.836525248007682,0.));
#8860=DIRECTION('',(-0.836525248007682,0.547928379850585,0.));
#8861=DIRECTION('',(0.,0.,1.));
#8862=DIRECTION('',(-1.,0.,0.));
#8863=DIRECTION('',(0.,0.,1.));
#8864=DIRECTION('',(-1.,0.,0.));
#8865=DIRECTION('',(0.,0.,1.));
#8866=DIRECTION('',(0.,0.,-1.));
#8867=DIRECTION('',(0.988094813743472,-0.153846153846152,0.));
#8868=DIRECTION('',(0.,0.,-1.));
#8869=DIRECTION('',(0.988094813743472,-0.153846153846152,0.));
#8870=DIRECTION('',(0.,0.,1.));
#8871=DIRECTION('',(0.,0.,1.));
#8872=DIRECTION('',(0.,0.,-1.));
#8873=DIRECTION('',(0.988094813743472,-0.153846153846152,0.));
#8874=DIRECTION('',(0.,0.,-1.));
#8875=DIRECTION('',(0.988094813743472,-0.153846153846152,0.));
#8876=DIRECTION('',(0.,0.,1.));
#8877=DIRECTION('',(0.,0.,1.));
#8878=DIRECTION('',(0.,0.,-1.));
#8879=DIRECTION('',(0.988094813743472,-0.153846153846152,0.));
#8880=DIRECTION('',(0.,0.,-1.));
#8881=DIRECTION('',(0.988094813743472,-0.153846153846152,0.));
#8882=DIRECTION('',(0.,0.,1.));
#8883=DIRECTION('',(-0.00358033771785946,0.999993590570373,0.));
#8884=DIRECTION('',(0.999993590570373,0.00358033771785946,0.));
#8885=DIRECTION('',(0.999993590570373,0.00358033771785946,0.));
#8886=DIRECTION('',(0.,0.,1.));
#8887=DIRECTION('',(0.,0.,1.));
#8888=DIRECTION('',(-1.,0.,0.));
#8889=DIRECTION('',(0.,0.,1.));
#8890=DIRECTION('',(-0.993149983316578,-0.116846526000054,0.));
#8891=DIRECTION('',(0.,0.,1.));
#8892=DIRECTION('',(-0.993149983316578,-0.116846526000054,0.));
#8893=DIRECTION('',(0.,0.,1.));
#8894=DIRECTION('',(-0.993149983316578,-0.116846526000054,0.));
#8895=DIRECTION('',(0.,0.,1.));
#8896=DIRECTION('',(0.86602540378444,-0.5,0.));
#8897=DIRECTION('',(-0.5,-0.866025403784441,0.));
#8898=DIRECTION('',(0.,0.,-1.));
#8899=DIRECTION('',(-1.,0.,0.));
#8900=DIRECTION('',(-0.866025403784439,-0.5,0.));
#8901=DIRECTION('',(-0.00358033771785907,0.999993590570373,0.));
#8902=DIRECTION('',(0.999993590570373,0.00358033771785907,0.));
#8903=DIRECTION('',(0.,0.,1.));
#8904=DIRECTION('',(0.866025403784442,0.499999999999994,0.));
#8905=DIRECTION('',(0.499999999999994,-0.866025403784443,0.));
#8906=DIRECTION('',(0.499999999999994,-0.866025403784442,0.));
#8907=DIRECTION('',(0.,0.,1.));
#8908=DIRECTION('',(0.,0.,1.));
#8909=DIRECTION('',(-1.,0.,0.));
#8910=DIRECTION('',(0.,0.,1.));
#8911=DIRECTION('',(0.5,-0.866025403784441,0.));
#8912=DIRECTION('',(0.,0.,1.));
#8913=DIRECTION('',(0.5,-0.866025403784441,0.));
#8914=DIRECTION('',(0.,0.,1.));
#8915=DIRECTION('',(0.5,-0.866025403784441,0.));
#8916=DIRECTION('',(0.,0.,-1.));
#8917=DIRECTION('',(-1.,0.,0.));
#8918=DIRECTION('',(0.866025403784439,-0.5,0.));
#8919=DIRECTION('',(-0.866025403784433,0.50000000000001,0.));
#8920=DIRECTION('',(0.50000000000001,0.866025403784433,0.));
#8921=DIRECTION('',(0.,0.,1.));
#8922=DIRECTION('',(0.,0.,1.));
#8923=DIRECTION('',(-1.,0.,0.));
#8924=DIRECTION('',(0.,0.,1.));
#8925=DIRECTION('',(0.,0.,1.));
#8926=DIRECTION('',(0.5,0.866025403784439,0.));
#8927=DIRECTION('',(0.,0.,1.));
#8928=DIRECTION('',(0.,0.,1.));
#8929=DIRECTION('',(0.,0.,1.));
#8930=DIRECTION('',(0.5,0.866025403784439,0.));
#8931=DIRECTION('',(0.,0.,1.));
#8932=DIRECTION('',(0.,0.,1.));
#8933=DIRECTION('',(0.5,0.866025403784439,0.));
#8934=DIRECTION('',(0.,0.,1.));
#8935=DIRECTION('',(-0.866025403784435,-0.500000000000007,0.));
#8936=DIRECTION('',(-0.500000000000007,0.866025403784435,0.));
#8937=DIRECTION('',(-0.500000000000007,0.866025403784434,0.));
#8938=DIRECTION('',(0.,0.,-1.));
#8939=DIRECTION('',(-1.,0.,0.));
#8940=DIRECTION('',(0.,-1.,0.));
#8941=DIRECTION('',(0.,0.,-1.));
#8942=DIRECTION('',(-1.,0.,0.));
#8943=DIRECTION('',(-0.866025403784439,-0.5,0.));
#8944=DIRECTION('',(0.,0.,1.));
#8945=DIRECTION('',(-0.924959545972235,-0.380065571072724,0.));
#8946=DIRECTION('',(0.500000000000006,-0.866025403784436,0.));
#8947=DIRECTION('',(0.,0.,-1.));
#8948=DIRECTION('',(-1.,0.,0.));
#8949=DIRECTION('',(0.500000000000006,-0.866025403784436,0.));
#8950=DIRECTION('',(0.,0.,1.));
#8951=DIRECTION('',(-0.832930057227276,-0.553378279088877,0.));
#8952=DIRECTION('',(-0.866025403784439,-0.5,0.));
#8953=DIRECTION('',(0.,0.,-1.));
#8954=DIRECTION('',(-1.,0.,0.));
#8955=DIRECTION('',(-0.866025403784439,-0.5,0.));
#8956=DIRECTION('',(0.866025403784439,-0.5,0.));
#8957=DIRECTION('',(0.866025403784439,-0.5,0.));
#8958=DIRECTION('',(0.,-1.,0.));
#8959=DIRECTION('',(0.,-1.,0.));
#8960=DIRECTION('',(-0.866025403784439,-0.5,0.));
#8961=DIRECTION('',(0.,0.,-1.));
#8962=DIRECTION('',(-1.,0.,0.));
#8963=DIRECTION('',(0.866025403784439,-0.5,0.));
#8964=DIRECTION('',(0.,0.,1.));
#8965=DIRECTION('',(0.791626212638901,-0.61100567874856,0.));
#8966=DIRECTION('',(-0.500000000000006,-0.866025403784436,0.));
#8967=DIRECTION('',(0.5,0.866025403784439,0.));
#8968=DIRECTION('',(0.866025403784439,-0.5,0.));
#8969=DIRECTION('',(0.866025403784439,-0.5,0.));
#8970=DIRECTION('',(0.,0.,1.));
#8971=DIRECTION('',(0.866025403784439,-0.5,0.));
#8972=DIRECTION('',(0.,0.,1.));
#8973=DIRECTION('',(1.,0.,0.));
#8974=DIRECTION('',(0.,0.,1.));
#8975=DIRECTION('',(0.,-1.,0.));
#8976=DIRECTION('',(0.,1.,0.));
#8977=DIRECTION('',(0.,0.,1.));
#8978=DIRECTION('',(1.,0.,0.));
#8979=DIRECTION('',(1.,0.,0.));
#8980=DIRECTION('',(0.,0.,1.));
#8981=DIRECTION('',(0.,-1.,0.));
#8982=DIRECTION('',(0.,0.,1.));
#8983=DIRECTION('',(0.5,-0.866025403784439,0.));
#8984=DIRECTION('',(-0.866025403784439,-0.5,0.));
#8985=DIRECTION('',(-0.866025403784439,-0.5,0.));
#8986=DIRECTION('',(0.,0.,1.));
#8987=DIRECTION('',(0.,0.,1.));
#8988=DIRECTION('',(-1.,0.,0.));
#8989=DIRECTION('',(0.,0.,1.));
#8990=DIRECTION('',(-0.924959545972235,-0.380065571072724,0.));
#8991=DIRECTION('',(0.,0.,1.));
#8992=DIRECTION('',(0.866025403784436,0.500000000000006,0.));
#8993=DIRECTION('',(0.500000000000006,-0.866025403784435,0.));
#8994=DIRECTION('',(0.500000000000006,-0.866025403784436,0.));
#8995=DIRECTION('',(0.,0.,1.));
#8996=DIRECTION('',(0.,0.,1.));
#8997=DIRECTION('',(-1.,0.,0.));
#8998=DIRECTION('',(0.,0.,1.));
#8999=DIRECTION('',(-0.832930057227276,-0.553378279088877,0.));
#9000=DIRECTION('',(0.,0.,1.));
#9001=DIRECTION('',(0.5,-0.866025403784439,0.));
#9002=DIRECTION('',(-0.866025403784439,-0.5,0.));
#9003=DIRECTION('',(-0.866025403784439,-0.5,0.));
#9004=DIRECTION('',(0.,0.,1.));
#9005=DIRECTION('',(0.5,0.866025403784439,0.));
#9006=DIRECTION('',(0.866025403784439,-0.5,0.));
#9007=DIRECTION('',(0.866025403784439,-0.5,0.));
#9008=DIRECTION('',(0.,0.,1.));
#9009=DIRECTION('',(0.,0.,1.));
#9010=DIRECTION('',(-1.,0.,0.));
#9011=DIRECTION('',(0.,0.,1.));
#9012=DIRECTION('',(0.791626212638901,-0.61100567874856,0.));
#9013=DIRECTION('',(0.,0.,1.));
#9014=DIRECTION('',(0.866025403784436,-0.500000000000006,0.));
#9015=DIRECTION('',(-0.500000000000006,-0.866025403784435,0.));
#9016=DIRECTION('',(-0.500000000000006,-0.866025403784436,0.));
#9017=DIRECTION('',(-0.500000000000006,-0.866025403784436,0.));
#9018=DIRECTION('',(0.,0.,1.));
#9019=DIRECTION('',(0.,0.,1.));
#9020=DIRECTION('',(-1.,0.,0.));
#9021=DIRECTION('',(0.,0.,1.));
#9022=DIRECTION('',(0.895704676207104,-0.444649449590043,0.));
#9023=DIRECTION('',(0.,0.,1.));
#9024=DIRECTION('',(0.895704676207104,-0.444649449590043,0.));
#9025=DIRECTION('',(0.,0.,-1.));
#9026=DIRECTION('',(-1.,0.,0.));
#9027=DIRECTION('',(0.,0.,-1.));
#9028=DIRECTION('',(-1.,0.,0.));
#9029=DIRECTION('',(1.3695185336659E-16,1.,0.));
#9030=DIRECTION('',(-1.,1.3695185336659E-16,0.));
#9031=DIRECTION('',(0.,0.,1.));
#9032=DIRECTION('',(0.,0.,1.));
#9033=DIRECTION('',(-1.,0.,0.));
#9034=DIRECTION('',(0.,0.,1.));
#9035=DIRECTION('',(-1.,0.,0.));
#9036=DIRECTION('',(0.,0.,1.));
#9037=DIRECTION('',(1.3695185336659E-16,1.,0.));
#9038=DIRECTION('',(-1.,1.3695185336659E-16,0.));
#9039=DIRECTION('',(0.,0.,1.));
#9040=DIRECTION('',(0.,0.,1.));
#9041=DIRECTION('',(1.,0.,0.));
#9042=DIRECTION('',(0.,0.,-1.));
#9043=DIRECTION('',(1.,0.,0.));
#9044=DIRECTION('',(0.,0.,-1.));
#9045=DIRECTION('',(0.,-1.,0.));
#9046=DIRECTION('',(0.,0.,-1.));
#9047=DIRECTION('',(0.,0.,1.));
#9048=DIRECTION('',(0.,0.,1.));
#9049=DIRECTION('',(-1.,0.,0.));
#9050=DIRECTION('',(0.,0.,1.));
#9051=DIRECTION('',(-1.,0.,0.));
#9052=DIRECTION('',(0.,0.,1.));
#9053=DIRECTION('',(0.,1.,0.));
#9054=DIRECTION('',(0.,0.,1.));
#9055=DIRECTION('',(0.,0.,1.));
#9056=DIRECTION('',(0.,0.,1.));
#9057=DIRECTION('',(1.,1.7347234759768E-16,0.));
#9058=DIRECTION('',(-1.7347234759768E-16,1.,0.));
#9059=DIRECTION('',(1.,0.,0.));
#9060=DIRECTION('',(0.,0.,-1.));
#9061=DIRECTION('',(0.,0.,-1.));
#9062=DIRECTION('',(-1.,0.,0.));
#9063=DIRECTION('',(0.,0.,-1.));
#9064=DIRECTION('',(-1.,0.,0.));
#9065=DIRECTION('',(0.,0.,-1.));
#9066=DIRECTION('',(-1.,0.,0.));
#9067=DIRECTION('',(0.,0.,-1.));
#9068=DIRECTION('',(-1.,0.,0.));
#9069=DIRECTION('',(0.,0.,-1.));
#9070=DIRECTION('',(-1.,0.,0.));
#9071=DIRECTION('',(0.,0.,-1.));
#9072=DIRECTION('',(-1.,0.,0.));
#9073=DIRECTION('',(0.,0.,-1.));
#9074=DIRECTION('',(-1.,0.,0.));
#9075=DIRECTION('',(0.,0.,-1.));
#9076=DIRECTION('',(-1.,0.,0.));
#9077=CARTESIAN_POINT('',(0.,0.,0.));
#9078=CARTESIAN_POINT('',(0.,-0.016,0.0015));
#9079=CARTESIAN_POINT('',(0.,-0.016,-0.0015));
#9080=CARTESIAN_POINT('',(0.0113039501011372,-0.016,-0.0015));
#9081=CARTESIAN_POINT('',(0.00451200688257814,-0.016,-0.0015));
#9082=CARTESIAN_POINT('',(0.0113039501011372,-0.016,-0.0015));
#9083=CARTESIAN_POINT('',(0.0113039501011372,-0.016,0.0015));
#9084=CARTESIAN_POINT('',(0.,-0.016,0.0015));
#9085=CARTESIAN_POINT('',(0.00451200688257814,-0.016,0.0015));
#9086=CARTESIAN_POINT('',(0.00451200688257814,-0.016,-0.0015));
#9087=CARTESIAN_POINT('',(0.,-0.016,0.0015));
#9088=CARTESIAN_POINT('',(0.,-0.016,-0.0015));
#9089=CARTESIAN_POINT('',(-0.00451200688257814,-0.016,-0.0015));
#9090=CARTESIAN_POINT('',(-0.023514759304193,-0.016,-0.0015));
#9091=CARTESIAN_POINT('',(-0.00451200688257814,-0.016,-0.0015));
#9092=CARTESIAN_POINT('',(-0.00451200688257814,-0.016,0.0015));
#9093=CARTESIAN_POINT('',(0.,-0.016,0.0015));
#9094=CARTESIAN_POINT('',(-0.023514759304193,-0.016,0.0015));
#9095=CARTESIAN_POINT('',(-0.023514759304193,-0.016,-0.0015));
#9096=CARTESIAN_POINT('',(0.00925,0.014168860308826,0.0015));
#9097=CARTESIAN_POINT('',(-0.0405,0.00995,0.0015));
#9098=CARTESIAN_POINT('',(-0.039,0.00995,0.0015));
#9099=CARTESIAN_POINT('',(-0.0261126521161384,0.0165062120963871,0.0015));
#9100=CARTESIAN_POINT('',(-0.0253398153457739,0.016,0.0015));
#9101=CARTESIAN_POINT('',(-0.0268854888865027,0.0170124241927742,0.0015));
#9102=CARTESIAN_POINT('',(6.93889390390723E-18,0.016,0.0015));
#9103=CARTESIAN_POINT('',(-0.027638359088633,0.016,0.0015));
#9104=CARTESIAN_POINT('',(-0.0425,0.0278377206176517,0.0015));
#9105=CARTESIAN_POINT('',(-0.0425,0.027837720617652,0.0015));
#9106=CARTESIAN_POINT('',(-0.027094693616558,0.0171494543769429,0.0015));
#9107=CARTESIAN_POINT('',(-0.0279593373404642,0.016,0.0015));
#9108=CARTESIAN_POINT('',(6.93889390390723E-18,0.016,0.0015));
#9109=CARTESIAN_POINT('',(-0.042,0.016,0.0015));
#9110=CARTESIAN_POINT('',(-0.042,0.0200606017154112,0.0015));
#9111=CARTESIAN_POINT('',(-0.042,0.0241212034308223,0.0015));
#9112=CARTESIAN_POINT('',(-0.0425,0.027837720617652,0.0015));
#9113=CARTESIAN_POINT('',(-0.0396650037284879,0.0253830727527817,0.0015));
#9114=CARTESIAN_POINT('',(-0.0333798486725229,0.0212662635648623,0.0015));
#9115=CARTESIAN_POINT('',(-0.0425,0.027837720617652,0.0015));
#9116=CARTESIAN_POINT('',(-0.043,0.0241212034308223,0.0015));
#9117=CARTESIAN_POINT('',(-0.0462165171868297,0.0273377206176519,0.0015));
#9118=CARTESIAN_POINT('',(-0.043,0.0132152915286488,0.0015));
#9119=CARTESIAN_POINT('',(-0.043,0.00909438846992538,0.0015));
#9120=CARTESIAN_POINT('',(-0.0425,0.027837720617652,0.0015));
#9121=CARTESIAN_POINT('',(-0.0612433321477266,0.0273377206176519,0.0015));
#9122=CARTESIAN_POINT('',(-0.0537299246672781,0.0273377206176519,0.0015));
#9123=CARTESIAN_POINT('',(-0.0425,0.027837720617652,0.0015));
#9124=CARTESIAN_POINT('',(-0.0392886918553337,0.027337720617652,0.0015));
#9125=CARTESIAN_POINT('',(-0.0425,0.027837720617652,0.0015));
#9126=CARTESIAN_POINT('',(-0.042,0.0465810527653785,0.0015));
#9127=CARTESIAN_POINT('',(-0.0237566678522734,0.028337720617652,0.0015));
#9128=CARTESIAN_POINT('',(-0.0312700753327219,0.028337720617652,0.0015));
#9129=CARTESIAN_POINT('',(-0.0387834828131704,0.028337720617652,0.0015));
#9130=CARTESIAN_POINT('',(-0.0425,0.027837720617652,0.0015));
#9131=CARTESIAN_POINT('',(-0.042,0.0315542378044815,0.0015));
#9132=CARTESIAN_POINT('',(-0.042,0.03906764528493,0.0015));
#9133=CARTESIAN_POINT('',(-0.0425,0.027837720617652,0.0015));
#9134=CARTESIAN_POINT('',(-0.0612433321477266,0.028337720617652,0.0015));
#9135=CARTESIAN_POINT('',(-0.043,0.0465810527653785,0.0015));
#9136=CARTESIAN_POINT('',(-0.043,0.03906764528493,0.0015));
#9137=CARTESIAN_POINT('',(-0.043,0.0315542378044816,0.0015));
#9138=CARTESIAN_POINT('',(-0.0425,0.027837720617652,0.0015));
#9139=CARTESIAN_POINT('',(-0.0462165171868296,0.028337720617652,0.0015));
#9140=CARTESIAN_POINT('',(-0.0537299246672781,0.028337720617652,0.0015));
#9141=CARTESIAN_POINT('',(-0.0249261599054226,0.016924474720391,0.0015));
#9142=CARTESIAN_POINT('',(-0.0265467652367074,0.0179859796249506,0.0015));
#9143=CARTESIAN_POINT('',(-0.0391170753486372,0.0262195980007894,0.0015));
#9144=CARTESIAN_POINT('',(-0.0425,0.027837720617652,0.0015));
#9145=CARTESIAN_POINT('',(-0.0387834828131703,0.0273377206176519,0.0015));
#9146=CARTESIAN_POINT('',(-0.0312700753327219,0.0273377206176519,0.0015));
#9147=CARTESIAN_POINT('',(-0.0237566678522734,0.0273377206176519,0.0015));
#9148=CARTESIAN_POINT('',(-0.0425,0.027837720617652,0.0015));
#9149=CARTESIAN_POINT('',(3.46944695195361E-18,0.011,0.0015));
#9150=CARTESIAN_POINT('',(-0.00451200688257813,0.011,0.0015));
#9151=CARTESIAN_POINT('',(-0.038,0.011,0.0015));
#9152=CARTESIAN_POINT('',(-0.00451200688257814,0.0135,0.0015));
#9153=CARTESIAN_POINT('',(-0.00451200688257814,0.016,0.0015));
#9154=CARTESIAN_POINT('',(6.93889390390723E-18,0.016,0.0015));
#9155=CARTESIAN_POINT('',(-0.023514759304193,0.016,0.0015));
#9156=CARTESIAN_POINT('',(-0.0249261599054226,0.016924474720391,0.0015));
#9157=CARTESIAN_POINT('',(-0.0263375605066522,0.0178489494407819,0.0015));
#9158=CARTESIAN_POINT('',(-0.0425,0.0278377206176519,0.0015));
#9159=CARTESIAN_POINT('',(-0.043,0.00884430070442933,0.0015));
#9160=CARTESIAN_POINT('',(-0.043,0.0132152915286488,0.0015));
#9161=CARTESIAN_POINT('',(-0.043,0.00782714880049838,0.0015));
#9162=CARTESIAN_POINT('',(-0.0405,0.00782714880049838,0.0015));
#9163=CARTESIAN_POINT('',(-0.038,0.00782714880049838,0.0015));
#9164=CARTESIAN_POINT('',(-0.038,0.00912886592889796,0.0015));
#9165=CARTESIAN_POINT('',(0.00925,0.014168860308826,0.0015));
#9166=CARTESIAN_POINT('',(0.0425,0.027837720617652,0.0015));
#9167=CARTESIAN_POINT('',(0.0392886918553337,0.027337720617652,0.0015));
#9168=CARTESIAN_POINT('',(0.0425,0.027837720617652,0.0015));
#9169=CARTESIAN_POINT('',(0.042,0.0465810527653785,0.0015));
#9170=CARTESIAN_POINT('',(0.0237566678522734,0.028337720617652,0.0015));
#9171=CARTESIAN_POINT('',(0.042,0.03906764528493,0.0015));
#9172=CARTESIAN_POINT('',(0.042,0.0315542378044815,0.0015));
#9173=CARTESIAN_POINT('',(0.0425,0.027837720617652,0.0015));
#9174=CARTESIAN_POINT('',(0.0387834828131704,0.028337720617652,0.0015));
#9175=CARTESIAN_POINT('',(0.0312700753327219,0.028337720617652,0.0015));
#9176=CARTESIAN_POINT('',(0.0425,0.027837720617652,0.0015));
#9177=CARTESIAN_POINT('',(0.0612433321477266,0.028337720617652,0.0015));
#9178=CARTESIAN_POINT('',(0.043,0.0465810527653785,0.0015));
#9179=CARTESIAN_POINT('',(0.0537299246672781,0.028337720617652,0.0015));
#9180=CARTESIAN_POINT('',(0.0462165171868296,0.028337720617652,0.0015));
#9181=CARTESIAN_POINT('',(0.0425,0.027837720617652,0.0015));
#9182=CARTESIAN_POINT('',(0.043,0.0315542378044816,0.0015));
#9183=CARTESIAN_POINT('',(0.043,0.03906764528493,0.0015));
#9184=CARTESIAN_POINT('',(0.0249261599054226,0.016924474720391,0.0015));
#9185=CARTESIAN_POINT('',(0.0265467652367074,0.0179859796249506,0.0015));
#9186=CARTESIAN_POINT('',(0.0391170753486372,0.0262195980007894,0.0015));
#9187=CARTESIAN_POINT('',(0.0425,0.027837720617652,0.0015));
#9188=CARTESIAN_POINT('',(0.0237566678522734,0.0273377206176519,0.0015));
#9189=CARTESIAN_POINT('',(0.0312700753327219,0.0273377206176519,0.0015));
#9190=CARTESIAN_POINT('',(0.0387834828131703,0.0273377206176519,0.0015));
#9191=CARTESIAN_POINT('',(0.0425,0.027837720617652,0.0015));
#9192=CARTESIAN_POINT('',(0.0425,0.027837720617652,0.0015));
#9193=CARTESIAN_POINT('',(0.043,0.00909438846992538,0.0015));
#9194=CARTESIAN_POINT('',(0.0612433321477266,0.0273377206176519,0.0015));
#9195=CARTESIAN_POINT('',(0.043,0.0119135744002492,0.0015));
#9196=CARTESIAN_POINT('',(0.043,0.0241212034308223,0.0015));
#9197=CARTESIAN_POINT('',(0.0425,0.027837720617652,0.0015));
#9198=CARTESIAN_POINT('',(0.0462165171868297,0.0273377206176519,0.0015));
#9199=CARTESIAN_POINT('',(0.0537299246672781,0.0273377206176519,0.0015));
#9200=CARTESIAN_POINT('',(6.93889390390723E-18,0.016,0.0015));
#9201=CARTESIAN_POINT('',(0.042,0.016,0.0015));
#9202=CARTESIAN_POINT('',(0.0279593373404643,0.016,0.0015));
#9203=CARTESIAN_POINT('',(0.0425,0.027837720617652,0.0015));
#9204=CARTESIAN_POINT('',(0.027094693616558,0.0171494543769429,0.0015));
#9205=CARTESIAN_POINT('',(0.0333798486725229,0.0212662635648623,0.0015));
#9206=CARTESIAN_POINT('',(0.0396650037284879,0.0253830727527817,0.0015));
#9207=CARTESIAN_POINT('',(0.0425,0.027837720617652,0.0015));
#9208=CARTESIAN_POINT('',(0.042,0.0241212034308223,0.0015));
#9209=CARTESIAN_POINT('',(0.042,0.0200606017154112,0.0015));
#9210=CARTESIAN_POINT('',(6.93889390390723E-18,0.016,0.0015));
#9211=CARTESIAN_POINT('',(0.027638359088633,0.016,0.0015));
#9212=CARTESIAN_POINT('',(0.0253398153457739,0.016,0.0015));
#9213=CARTESIAN_POINT('',(0.0261126521161384,0.0165062120963871,0.0015));
#9214=CARTESIAN_POINT('',(0.0268854888865027,0.0170124241927742,0.0015));
#9215=CARTESIAN_POINT('',(0.0425,0.0278377206176517,0.0015));
#9216=CARTESIAN_POINT('',(6.93889390390723E-18,0.016,0.0015));
#9217=CARTESIAN_POINT('',(0.023514759304193,0.016,0.0015));
#9218=CARTESIAN_POINT('',(0.0133039501011372,0.016,0.0015));
#9219=CARTESIAN_POINT('',(0.0133039501011372,0.0135,0.0015));
#9220=CARTESIAN_POINT('',(0.0133039501011372,0.011,0.0015));
#9221=CARTESIAN_POINT('',(3.46944695195361E-18,0.011,0.0015));
#9222=CARTESIAN_POINT('',(0.038,0.011,0.0015));
#9223=CARTESIAN_POINT('',(0.038,0.00941357440024919,0.0015));
#9224=CARTESIAN_POINT('',(0.038,0.00782714880049839,0.0015));
#9225=CARTESIAN_POINT('',(0.0405,0.00782714880049839,0.0015));
#9226=CARTESIAN_POINT('',(0.043,0.00782714880049839,0.0015));
#9227=CARTESIAN_POINT('',(0.043,0.0119135744002492,0.0015));
#9228=CARTESIAN_POINT('',(0.043,0.00884430070442933,0.0015));
#9229=CARTESIAN_POINT('',(0.0425,0.0278377206176519,0.0015));
#9230=CARTESIAN_POINT('',(0.0263375605066522,0.0178489494407819,0.0015));
#9231=CARTESIAN_POINT('',(0.0249261599054226,0.016924474720391,0.0015));
#9232=CARTESIAN_POINT('',(6.93889390390723E-18,0.016,0.0015));
#9233=CARTESIAN_POINT('',(-0.00451200688257814,0.016,-0.0015));
#9234=CARTESIAN_POINT('',(-0.00451200688257814,0.016,-0.0015));
#9235=CARTESIAN_POINT('',(6.93889390390723E-18,0.016,-0.0015));
#9236=CARTESIAN_POINT('',(-0.023514759304193,0.016,-0.0015));
#9237=CARTESIAN_POINT('',(-0.023514759304193,0.016,-0.0015));
#9238=CARTESIAN_POINT('',(6.93889390390723E-18,0.016,0.0015));
#9239=CARTESIAN_POINT('',(6.93889390390723E-18,0.016,-0.0015));
#9240=CARTESIAN_POINT('',(0.0113039501011372,0.016,-0.0015));
#9241=CARTESIAN_POINT('',(0.00451200688257814,0.016,-0.0015));
#9242=CARTESIAN_POINT('',(0.00451200688257814,0.016,-0.0015));
#9243=CARTESIAN_POINT('',(0.00451200688257814,0.016,0.0015));
#9244=CARTESIAN_POINT('',(6.93889390390723E-18,0.016,0.0015));
#9245=CARTESIAN_POINT('',(0.0113039501011372,0.016,0.0015));
#9246=CARTESIAN_POINT('',(0.0113039501011372,0.016,-0.0015));
#9247=CARTESIAN_POINT('',(3.46944695195361E-18,0.011,0.0015));
#9248=CARTESIAN_POINT('',(3.46944695195361E-18,0.011,-0.0015));
#9249=CARTESIAN_POINT('',(-0.00451200688257814,0.011,-0.0015));
#9250=CARTESIAN_POINT('',(-0.038,0.011,-0.0015));
#9251=CARTESIAN_POINT('',(-0.00451200688257813,0.011,-0.0015));
#9252=CARTESIAN_POINT('',(-0.00451200688257813,0.011,0.));
#9253=CARTESIAN_POINT('',(3.46944695195361E-18,0.011,0.));
#9254=CARTESIAN_POINT('',(-0.038,0.011,0.));
#9255=CARTESIAN_POINT('',(-0.038,0.011,0.0015));
#9256=CARTESIAN_POINT('',(3.46944695195361E-18,0.011,0.0015));
#9257=CARTESIAN_POINT('',(0.00451200688257814,0.011,-0.0015));
#9258=CARTESIAN_POINT('',(0.00451200688257814,0.011,-0.0015));
#9259=CARTESIAN_POINT('',(0.00451200688257814,0.011,0.));
#9260=CARTESIAN_POINT('',(3.46944695195361E-18,0.011,-0.0015));
#9261=CARTESIAN_POINT('',(0.0113039501011372,0.011,-0.0015));
#9262=CARTESIAN_POINT('',(0.0113039501011372,0.011,-0.0015));
#9263=CARTESIAN_POINT('',(0.0113039501011372,0.011,0.));
#9264=CARTESIAN_POINT('',(3.46944695195361E-18,0.011,0.));
#9265=CARTESIAN_POINT('',(3.46944695195361E-18,0.011,0.0015));
#9266=CARTESIAN_POINT('',(3.46944695195361E-18,0.011,0.0005));
#9267=CARTESIAN_POINT('',(-0.00451200688257813,0.011,0.0005));
#9268=CARTESIAN_POINT('',(-0.038,0.011,0.0005));
#9269=CARTESIAN_POINT('',(-0.00451200688257813,0.011,-0.0015));
#9270=CARTESIAN_POINT('',(-0.038,0.011,0.0015));
#9271=CARTESIAN_POINT('',(3.46944695195361E-18,0.011,0.0015));
#9272=CARTESIAN_POINT('',(0.00451200688257814,0.011,-0.0015));
#9273=CARTESIAN_POINT('',(0.00451200688257814,0.011,0.0005));
#9274=CARTESIAN_POINT('',(0.00451200688257814,0.011,0.0015));
#9275=CARTESIAN_POINT('',(3.46944695195361E-18,0.011,0.0005));
#9276=CARTESIAN_POINT('',(0.0113039501011372,0.011,0.0005));
#9277=CARTESIAN_POINT('',(0.0113039501011372,0.011,-0.0015));
#9278=CARTESIAN_POINT('',(0.0113039501011372,0.011,0.0015));
#9279=CARTESIAN_POINT('',(3.46944695195361E-18,0.011,0.0015));
#9280=CARTESIAN_POINT('',(0.00313740250468254,-3.46944695195361E-18,-0.0015));
#9281=CARTESIAN_POINT('',(-0.0405,0.00995,-0.0015));
#9282=CARTESIAN_POINT('',(-0.039,0.00995,-0.0015));
#9283=CARTESIAN_POINT('',(-0.0425,0.027837720617652,-0.0015));
#9284=CARTESIAN_POINT('',(-0.0457206848113365,0.0274021872136215,-0.0015));
#9285=CARTESIAN_POINT('',(-0.044125,0.0306523031799514,-0.0015));
#9286=CARTESIAN_POINT('',(-0.0459688259470812,0.0274012987788596,-0.0015));
#9287=CARTESIAN_POINT('',(-0.0462169670828258,0.0274004103440975,-0.0015));
#9288=CARTESIAN_POINT('',(-0.0425,0.027837720617652,-0.0015));
#9289=CARTESIAN_POINT('',(-0.0443713019912729,0.0245965304924626,-0.0015));
#9290=CARTESIAN_POINT('',(-0.0442481509956364,0.0248098342739075,-0.0015));
#9291=CARTESIAN_POINT('',(-0.044125,0.0250231380553525,-0.0015));
#9292=CARTESIAN_POINT('',(-0.0425,0.027837720617652,-0.0015));
#9293=CARTESIAN_POINT('',(-0.040875,0.0250231380553525,-0.0015));
#9294=CARTESIAN_POINT('',(-0.0407518490043636,0.0248098342739075,-0.0015));
#9295=CARTESIAN_POINT('',(-0.0406286980087271,0.0245965304924626,-0.0015));
#9296=CARTESIAN_POINT('',(-0.0425,0.027837720617652,-0.0015));
#9297=CARTESIAN_POINT('',(-0.0387799967945617,0.0274270373799913,-0.0015));
#9298=CARTESIAN_POINT('',(-0.0390281379303064,0.0274261489452292,-0.0015));
#9299=CARTESIAN_POINT('',(-0.039276279066051,0.0274252605104672,-0.0015));
#9300=CARTESIAN_POINT('',(-0.0425,0.027837720617652,-0.0015));
#9301=CARTESIAN_POINT('',(-0.040875,0.0306523031799514,-0.0015));
#9302=CARTESIAN_POINT('',(-0.0407518490043636,0.0308656069613963,-0.0015));
#9303=CARTESIAN_POINT('',(-0.0406286980087271,0.0310789107428413,-0.0015));
#9304=CARTESIAN_POINT('',(-0.0425,0.027837720617652,-0.0015));
#9305=CARTESIAN_POINT('',(-0.0443713019912729,0.0310789107428413,-0.0015));
#9306=CARTESIAN_POINT('',(-0.0442481509956364,0.0308656069613963,-0.0015));
#9307=CARTESIAN_POINT('',(6.93889390390723E-18,0.016,-0.0015));
#9308=CARTESIAN_POINT('',(-0.0279593373404643,0.016,-0.0015));
#9309=CARTESIAN_POINT('',(-0.042,0.016,-0.0015));
#9310=CARTESIAN_POINT('',(-0.0425,0.027837720617652,-0.0015));
#9311=CARTESIAN_POINT('',(-0.027094693616558,0.0171494543769429,-0.0015));
#9312=CARTESIAN_POINT('',(-0.0333798486725229,0.0212662635648623,-0.0015));
#9313=CARTESIAN_POINT('',(-0.0396650037284879,0.0253830727527817,-0.0015));
#9314=CARTESIAN_POINT('',(-0.0425,0.027837720617652,-0.0015));
#9315=CARTESIAN_POINT('',(-0.042,0.0241212034308223,-0.0015));
#9316=CARTESIAN_POINT('',(-0.042,0.0200606017154112,-0.0015));
#9317=CARTESIAN_POINT('',(6.93889390390723E-18,0.016,-0.0015));
#9318=CARTESIAN_POINT('',(-0.0253398153457739,0.016,-0.0015));
#9319=CARTESIAN_POINT('',(-0.027638359088633,0.016,-0.0015));
#9320=CARTESIAN_POINT('',(-0.0261126521161384,0.0165062120963871,-0.0015));
#9321=CARTESIAN_POINT('',(-0.0268854888865027,0.0170124241927742,-0.0015));
#9322=CARTESIAN_POINT('',(-0.0425,0.0278377206176517,-0.0015));
#9323=CARTESIAN_POINT('',(-0.00451200688257814,0.0135,-0.0015));
#9324=CARTESIAN_POINT('',(-0.038,0.00912886592889796,-0.0015));
#9325=CARTESIAN_POINT('',(-0.038,0.00782714880049838,-0.0015));
#9326=CARTESIAN_POINT('',(-0.0405,0.00782714880049838,-0.0015));
#9327=CARTESIAN_POINT('',(-0.043,0.00782714880049838,-0.0015));
#9328=CARTESIAN_POINT('',(-0.043,0.0132152915286488,-0.0015));
#9329=CARTESIAN_POINT('',(-0.043,0.0241212034308223,-0.0015));
#9330=CARTESIAN_POINT('',(-0.0425,0.027837720617652,-0.0015));
#9331=CARTESIAN_POINT('',(-0.0462165171868296,0.0273377206176519,-0.0015));
#9332=CARTESIAN_POINT('',(-0.0537299246672781,0.0273377206176519,-0.0015));
#9333=CARTESIAN_POINT('',(-0.0612433321477266,0.0273377206176519,-0.0015));
#9334=CARTESIAN_POINT('',(-0.042500000000011,0.027837720617652,-0.0015));
#9335=CARTESIAN_POINT('',(-0.0612433321477266,0.028337720617652,-0.0015));
#9336=CARTESIAN_POINT('',(-0.0537299246672781,0.028337720617652,-0.0015));
#9337=CARTESIAN_POINT('',(-0.0462165171868296,0.028337720617652,-0.0015));
#9338=CARTESIAN_POINT('',(-0.0425,0.027837720617652,-0.0015));
#9339=CARTESIAN_POINT('',(-0.043,0.0315542378044815,-0.0015));
#9340=CARTESIAN_POINT('',(-0.043,0.03906764528493,-0.0015));
#9341=CARTESIAN_POINT('',(-0.043,0.0465810527653785,-0.0015));
#9342=CARTESIAN_POINT('',(-0.0425,0.0278377206176466,-0.0015));
#9343=CARTESIAN_POINT('',(-0.042,0.0465810527653785,-0.0015));
#9344=CARTESIAN_POINT('',(-0.042,0.03906764528493,-0.0015));
#9345=CARTESIAN_POINT('',(-0.042,0.0315542378044815,-0.0015));
#9346=CARTESIAN_POINT('',(-0.0425,0.027837720617652,-0.0015));
#9347=CARTESIAN_POINT('',(-0.0387834828131703,0.028337720617652,-0.0015));
#9348=CARTESIAN_POINT('',(-0.0312700753327219,0.028337720617652,-0.0015));
#9349=CARTESIAN_POINT('',(-0.0237566678522734,0.028337720617652,-0.0015));
#9350=CARTESIAN_POINT('',(-0.0425000000000037,0.027837720617652,-0.0015));
#9351=CARTESIAN_POINT('',(-0.0237566678522734,0.0273377206176519,-0.0015));
#9352=CARTESIAN_POINT('',(-0.0312700753327219,0.0273377206176519,-0.0015));
#9353=CARTESIAN_POINT('',(-0.0387834828131703,0.0273377206176519,-0.0015));
#9354=CARTESIAN_POINT('',(-0.0425,0.027837720617652,-0.0015));
#9355=CARTESIAN_POINT('',(-0.0391170753486372,0.0262195980007894,-0.0015));
#9356=CARTESIAN_POINT('',(-0.0249261599054226,0.016924474720391,-0.0015));
#9357=CARTESIAN_POINT('',(0.00313740250468254,-3.46944695195361E-18,-0.0015));
#9358=CARTESIAN_POINT('',(0.0261126521161384,0.0165062120963871,-0.0015));
#9359=CARTESIAN_POINT('',(0.0253398153457739,0.016,-0.0015));
#9360=CARTESIAN_POINT('',(0.0268854888865027,0.0170124241927742,-0.0015));
#9361=CARTESIAN_POINT('',(6.93889390390723E-18,0.016,-0.0015));
#9362=CARTESIAN_POINT('',(0.027638359088633,0.016,-0.0015));
#9363=CARTESIAN_POINT('',(0.0425,0.0278377206176517,-0.0015));
#9364=CARTESIAN_POINT('',(0.0425,0.027837720617652,-0.0015));
#9365=CARTESIAN_POINT('',(0.027094693616558,0.0171494543769429,-0.0015));
#9366=CARTESIAN_POINT('',(0.0279593373404643,0.016,-0.0015));
#9367=CARTESIAN_POINT('',(6.93889390390723E-18,0.016,-0.0015));
#9368=CARTESIAN_POINT('',(0.042,0.016,-0.0015));
#9369=CARTESIAN_POINT('',(0.042,0.0200606017154112,-0.0015));
#9370=CARTESIAN_POINT('',(0.042,0.0241212034308223,-0.0015));
#9371=CARTESIAN_POINT('',(0.0425,0.027837720617652,-0.0015));
#9372=CARTESIAN_POINT('',(0.0396650037284879,0.0253830727527817,-0.0015));
#9373=CARTESIAN_POINT('',(0.0333798486725229,0.0212662635648623,-0.0015));
#9374=CARTESIAN_POINT('',(0.0425,0.027837720617652,-0.0015));
#9375=CARTESIAN_POINT('',(0.0457206848113365,0.0274021872136215,-0.0015));
#9376=CARTESIAN_POINT('',(0.044125,0.0306523031799514,-0.0015));
#9377=CARTESIAN_POINT('',(0.0442481509956364,0.0308656069613963,-0.0015));
#9378=CARTESIAN_POINT('',(0.0443713019912729,0.0310789107428413,-0.0015));
#9379=CARTESIAN_POINT('',(0.0425,0.027837720617652,-0.0015));
#9380=CARTESIAN_POINT('',(0.0406286980087271,0.0310789107428413,-0.0015));
#9381=CARTESIAN_POINT('',(0.0407518490043636,0.0308656069613963,-0.0015));
#9382=CARTESIAN_POINT('',(0.040875,0.0306523031799514,-0.0015));
#9383=CARTESIAN_POINT('',(0.0425,0.027837720617652,-0.0015));
#9384=CARTESIAN_POINT('',(0.039276279066051,0.0274252605104672,-0.0015));
#9385=CARTESIAN_POINT('',(0.0390281379303064,0.0274261489452292,-0.0015));
#9386=CARTESIAN_POINT('',(0.0387799967945617,0.0274270373799913,-0.0015));
#9387=CARTESIAN_POINT('',(0.0425,0.027837720617652,-0.0015));
#9388=CARTESIAN_POINT('',(0.0406286980087271,0.0245965304924626,-0.0015));
#9389=CARTESIAN_POINT('',(0.0407518490043636,0.0248098342739075,-0.0015));
#9390=CARTESIAN_POINT('',(0.040875,0.0250231380553525,-0.0015));
#9391=CARTESIAN_POINT('',(0.0425,0.027837720617652,-0.0015));
#9392=CARTESIAN_POINT('',(0.044125,0.0250231380553525,-0.0015));
#9393=CARTESIAN_POINT('',(0.0442481509956364,0.0248098342739075,-0.0015));
#9394=CARTESIAN_POINT('',(0.0443713019912729,0.0245965304924626,-0.0015));
#9395=CARTESIAN_POINT('',(0.0425,0.027837720617652,-0.0015));
#9396=CARTESIAN_POINT('',(0.0462169670828258,0.0274004103440975,-0.0015));
#9397=CARTESIAN_POINT('',(0.0459688259470812,0.0274012987788596,-0.0015));
#9398=CARTESIAN_POINT('',(0.0133039501011372,0.0135,-0.0015));
#9399=CARTESIAN_POINT('',(0.0133039501011372,0.016,-0.0015));
#9400=CARTESIAN_POINT('',(0.0133039501011372,0.011,-0.0015));
#9401=CARTESIAN_POINT('',(6.93889390390723E-18,0.016,-0.0015));
#9402=CARTESIAN_POINT('',(0.023514759304193,0.016,-0.0015));
#9403=CARTESIAN_POINT('',(0.0249261599054226,0.016924474720391,-0.0015));
#9404=CARTESIAN_POINT('',(0.0391170753486372,0.0262195980007894,-0.0015));
#9405=CARTESIAN_POINT('',(0.0425,0.027837720617652,-0.0015));
#9406=CARTESIAN_POINT('',(0.0387834828131703,0.0273377206176519,-0.0015));
#9407=CARTESIAN_POINT('',(0.0312700753327219,0.0273377206176519,-0.0015));
#9408=CARTESIAN_POINT('',(0.0237566678522734,0.0273377206176519,-0.0015));
#9409=CARTESIAN_POINT('',(0.0425000000000037,0.027837720617652,-0.0015));
#9410=CARTESIAN_POINT('',(0.0237566678522734,0.028337720617652,-0.0015));
#9411=CARTESIAN_POINT('',(0.0312700753327219,0.028337720617652,-0.0015));
#9412=CARTESIAN_POINT('',(0.0387834828131703,0.028337720617652,-0.0015));
#9413=CARTESIAN_POINT('',(0.0425,0.027837720617652,-0.0015));
#9414=CARTESIAN_POINT('',(0.042,0.0315542378044815,-0.0015));
#9415=CARTESIAN_POINT('',(0.042,0.03906764528493,-0.0015));
#9416=CARTESIAN_POINT('',(0.042,0.0465810527653785,-0.0015));
#9417=CARTESIAN_POINT('',(0.0425,0.0278377206176466,-0.0015));
#9418=CARTESIAN_POINT('',(0.043,0.0465810527653785,-0.0015));
#9419=CARTESIAN_POINT('',(0.043,0.03906764528493,-0.0015));
#9420=CARTESIAN_POINT('',(0.043,0.0315542378044815,-0.0015));
#9421=CARTESIAN_POINT('',(0.0425,0.027837720617652,-0.0015));
#9422=CARTESIAN_POINT('',(0.0462165171868296,0.028337720617652,-0.0015));
#9423=CARTESIAN_POINT('',(0.0537299246672781,0.028337720617652,-0.0015));
#9424=CARTESIAN_POINT('',(0.0612433321477266,0.028337720617652,-0.0015));
#9425=CARTESIAN_POINT('',(0.042500000000011,0.027837720617652,-0.0015));
#9426=CARTESIAN_POINT('',(0.0612433321477266,0.0273377206176519,-0.0015));
#9427=CARTESIAN_POINT('',(0.0537299246672781,0.0273377206176519,-0.0015));
#9428=CARTESIAN_POINT('',(0.0462165171868296,0.0273377206176519,-0.0015));
#9429=CARTESIAN_POINT('',(0.0425,0.027837720617652,-0.0015));
#9430=CARTESIAN_POINT('',(0.043,0.0241212034308223,-0.0015));
#9431=CARTESIAN_POINT('',(0.043,0.0119135744002492,-0.0015));
#9432=CARTESIAN_POINT('',(0.043,0.00782714880049839,-0.0015));
#9433=CARTESIAN_POINT('',(0.0405,0.00782714880049839,-0.0015));
#9434=CARTESIAN_POINT('',(0.038,0.00782714880049839,-0.0015));
#9435=CARTESIAN_POINT('',(0.038,0.00941357440024919,-0.0015));
#9436=CARTESIAN_POINT('',(0.038,0.011,-0.0015));
#9437=CARTESIAN_POINT('',(3.46944695195361E-18,0.011,-0.0015));
#9438=CARTESIAN_POINT('',(-6.93889390390723E-18,-0.011,0.0015));
#9439=CARTESIAN_POINT('',(0.0113039501011372,-0.011,-0.0015));
#9440=CARTESIAN_POINT('',(0.0113039501011372,-0.011,-0.0015));
#9441=CARTESIAN_POINT('',(0.0113039501011372,-0.011,0.));
#9442=CARTESIAN_POINT('',(-6.93889390390723E-18,-0.011,-0.0015));
#9443=CARTESIAN_POINT('',(0.00451200688257814,-0.011,-0.0015));
#9444=CARTESIAN_POINT('',(0.00451200688257814,-0.011,-0.0015));
#9445=CARTESIAN_POINT('',(0.00451200688257814,-0.011,0.));
#9446=CARTESIAN_POINT('',(-6.93889390390723E-18,-0.011,0.));
#9447=CARTESIAN_POINT('',(-6.93889390390723E-18,-0.011,0.0015));
#9448=CARTESIAN_POINT('',(-0.00451200688257814,-0.011,-0.0015));
#9449=CARTESIAN_POINT('',(-0.00451200688257814,-0.011,-0.0015));
#9450=CARTESIAN_POINT('',(-0.00451200688257814,-0.011,0.));
#9451=CARTESIAN_POINT('',(-6.93889390390723E-18,-0.011,-0.0015));
#9452=CARTESIAN_POINT('',(-0.038,-0.011,-0.0015));
#9453=CARTESIAN_POINT('',(-0.038,-0.011,0.0015));
#9454=CARTESIAN_POINT('',(-0.038,-0.011,0.));
#9455=CARTESIAN_POINT('',(-6.93889390390723E-18,-0.011,0.));
#9456=CARTESIAN_POINT('',(-6.93889390390723E-18,-0.011,0.0015));
#9457=CARTESIAN_POINT('',(0.0113039501011372,-0.011,-0.0015));
#9458=CARTESIAN_POINT('',(0.0113039501011372,-0.011,0.0005));
#9459=CARTESIAN_POINT('',(0.0113039501011372,-0.011,0.0015));
#9460=CARTESIAN_POINT('',(-6.93889390390723E-18,-0.011,0.0005));
#9461=CARTESIAN_POINT('',(0.00451200688257814,-0.011,0.0005));
#9462=CARTESIAN_POINT('',(0.00451200688257814,-0.011,-0.0015));
#9463=CARTESIAN_POINT('',(0.00451200688257814,-0.011,0.0015));
#9464=CARTESIAN_POINT('',(-6.93889390390723E-18,-0.011,0.0015));
#9465=CARTESIAN_POINT('',(-6.93889390390723E-18,-0.011,0.0015));
#9466=CARTESIAN_POINT('',(-0.00451200688257814,-0.011,-0.0015));
#9467=CARTESIAN_POINT('',(-0.00451200688257814,-0.011,0.0005));
#9468=CARTESIAN_POINT('',(-0.00451200688257814,-0.011,0.0015));
#9469=CARTESIAN_POINT('',(-6.93889390390723E-18,-0.011,0.0005));
#9470=CARTESIAN_POINT('',(-0.038,-0.011,0.0005));
#9471=CARTESIAN_POINT('',(-0.038,-0.011,0.0015));
#9472=CARTESIAN_POINT('',(-0.038,-0.011,0.0015));
#9473=CARTESIAN_POINT('',(-6.93889390390723E-18,-0.011,0.0015));
#9474=CARTESIAN_POINT('',(0.00313740250468254,-3.46944695195361E-18,0.0015));
#9475=CARTESIAN_POINT('',(0.0113039501011372,-0.0135,0.0015));
#9476=CARTESIAN_POINT('',(0.00451200688257814,-0.0135,0.0015));
#9477=CARTESIAN_POINT('',(0.00313740250468254,-3.46944695195361E-18,0.0015));
#9478=CARTESIAN_POINT('',(0.0133039501011372,-0.0135,0.0015));
#9479=CARTESIAN_POINT('',(0.0133039501011372,-0.016,0.0015));
#9480=CARTESIAN_POINT('',(0.0133039501011372,-0.011,0.0015));
#9481=CARTESIAN_POINT('',(0.,-0.016,0.0015));
#9482=CARTESIAN_POINT('',(0.023514759304193,-0.016,0.0015));
#9483=CARTESIAN_POINT('',(0.0249261599054226,-0.016924474720391,0.0015));
#9484=CARTESIAN_POINT('',(0.0263375605066522,-0.0178489494407819,0.0015));
#9485=CARTESIAN_POINT('',(0.0425,-0.0278377206176519,0.0015));
#9486=CARTESIAN_POINT('',(0.043,-0.00884430070442933,0.0015));
#9487=CARTESIAN_POINT('',(0.043,-0.0119135744002492,0.0015));
#9488=CARTESIAN_POINT('',(0.043,-0.0078271488004984,0.0015));
#9489=CARTESIAN_POINT('',(0.0405,-0.0078271488004984,0.0015));
#9490=CARTESIAN_POINT('',(0.038,-0.0078271488004984,0.0015));
#9491=CARTESIAN_POINT('',(0.038,-0.0094135744002492,0.0015));
#9492=CARTESIAN_POINT('',(0.038,-0.011,0.0015));
#9493=CARTESIAN_POINT('',(-6.93889390390723E-18,-0.011,0.0015));
#9494=CARTESIAN_POINT('',(0.0425,-0.027837720617652,0.0015));
#9495=CARTESIAN_POINT('',(0.0392886918553337,-0.027337720617652,0.0015));
#9496=CARTESIAN_POINT('',(0.0425,-0.027837720617652,0.0015));
#9497=CARTESIAN_POINT('',(0.042,-0.0465810527653785,0.0015));
#9498=CARTESIAN_POINT('',(0.0237566678522734,-0.028337720617652,0.0015));
#9499=CARTESIAN_POINT('',(0.0312700753327219,-0.028337720617652,0.0015));
#9500=CARTESIAN_POINT('',(0.0387834828131704,-0.028337720617652,0.0015));
#9501=CARTESIAN_POINT('',(0.0425,-0.027837720617652,0.0015));
#9502=CARTESIAN_POINT('',(0.042,-0.0315542378044815,0.0015));
#9503=CARTESIAN_POINT('',(0.042,-0.03906764528493,0.0015));
#9504=CARTESIAN_POINT('',(0.0425,-0.027837720617652,0.0015));
#9505=CARTESIAN_POINT('',(0.0612433321477266,-0.028337720617652,0.0015));
#9506=CARTESIAN_POINT('',(0.043,-0.0465810527653785,0.0015));
#9507=CARTESIAN_POINT('',(0.043,-0.03906764528493,0.0015));
#9508=CARTESIAN_POINT('',(0.043,-0.0315542378044816,0.0015));
#9509=CARTESIAN_POINT('',(0.0425,-0.027837720617652,0.0015));
#9510=CARTESIAN_POINT('',(0.0462165171868296,-0.028337720617652,0.0015));
#9511=CARTESIAN_POINT('',(0.0537299246672781,-0.028337720617652,0.0015));
#9512=CARTESIAN_POINT('',(0.0249261599054226,-0.016924474720391,0.0015));
#9513=CARTESIAN_POINT('',(0.0265467652367074,-0.0179859796249506,0.0015));
#9514=CARTESIAN_POINT('',(0.0391170753486372,-0.0262195980007894,0.0015));
#9515=CARTESIAN_POINT('',(0.0425,-0.027837720617652,0.0015));
#9516=CARTESIAN_POINT('',(0.0387834828131703,-0.0273377206176519,0.0015));
#9517=CARTESIAN_POINT('',(0.0312700753327219,-0.0273377206176519,0.0015));
#9518=CARTESIAN_POINT('',(0.0237566678522734,-0.0273377206176519,0.0015));
#9519=CARTESIAN_POINT('',(0.0425,-0.027837720617652,0.0015));
#9520=CARTESIAN_POINT('',(0.0425,-0.027837720617652,0.0015));
#9521=CARTESIAN_POINT('',(0.043,-0.0241212034308223,0.0015));
#9522=CARTESIAN_POINT('',(0.0462165171868297,-0.0273377206176519,0.0015));
#9523=CARTESIAN_POINT('',(0.043,-0.0119135744002492,0.0015));
#9524=CARTESIAN_POINT('',(0.043,-0.00909438846992538,0.0015));
#9525=CARTESIAN_POINT('',(0.0425,-0.027837720617652,0.0015));
#9526=CARTESIAN_POINT('',(0.0612433321477266,-0.0273377206176519,0.0015));
#9527=CARTESIAN_POINT('',(0.0537299246672781,-0.0273377206176519,0.0015));
#9528=CARTESIAN_POINT('',(0.0425,-0.027837720617652,0.0015));
#9529=CARTESIAN_POINT('',(0.027094693616558,-0.0171494543769429,0.0015));
#9530=CARTESIAN_POINT('',(0.0279593373404643,-0.016,0.0015));
#9531=CARTESIAN_POINT('',(0.,-0.016,0.0015));
#9532=CARTESIAN_POINT('',(0.042,-0.016,0.0015));
#9533=CARTESIAN_POINT('',(0.042,-0.0200606017154112,0.0015));
#9534=CARTESIAN_POINT('',(0.042,-0.0241212034308223,0.0015));
#9535=CARTESIAN_POINT('',(0.0425,-0.027837720617652,0.0015));
#9536=CARTESIAN_POINT('',(0.0396650037284879,-0.0253830727527817,0.0015));
#9537=CARTESIAN_POINT('',(0.0333798486725229,-0.0212662635648623,0.0015));
#9538=CARTESIAN_POINT('',(0.0261126521161384,-0.0165062120963871,0.0015));
#9539=CARTESIAN_POINT('',(0.0253398153457739,-0.016,0.0015));
#9540=CARTESIAN_POINT('',(0.0268854888865027,-0.0170124241927742,0.0015));
#9541=CARTESIAN_POINT('',(0.,-0.016,0.0015));
#9542=CARTESIAN_POINT('',(0.027638359088633,-0.016,0.0015));
#9543=CARTESIAN_POINT('',(0.0425,-0.0278377206176517,0.0015));
#9544=CARTESIAN_POINT('',(0.00313740250468254,-3.46944695195361E-18,-0.0015));
#9545=CARTESIAN_POINT('',(0.0113039501011372,-0.0135,-0.0015));
#9546=CARTESIAN_POINT('',(0.00451200688257814,-0.0135,-0.0015));
#9547=CARTESIAN_POINT('',(0.00313740250468254,-3.46944695195361E-18,-0.0015));
#9548=CARTESIAN_POINT('',(0.,-0.016,-0.0015));
#9549=CARTESIAN_POINT('',(0.027638359088633,-0.016,-0.0015));
#9550=CARTESIAN_POINT('',(0.0253398153457739,-0.016,-0.0015));
#9551=CARTESIAN_POINT('',(0.0261126521161384,-0.0165062120963871,-0.0015));
#9552=CARTESIAN_POINT('',(0.0268854888865027,-0.0170124241927742,-0.0015));
#9553=CARTESIAN_POINT('',(0.0425,-0.0278377206176517,-0.0015));
#9554=CARTESIAN_POINT('',(0.,-0.016,-0.0015));
#9555=CARTESIAN_POINT('',(0.042,-0.016,-0.0015));
#9556=CARTESIAN_POINT('',(0.0279593373404643,-0.016,-0.0015));
#9557=CARTESIAN_POINT('',(0.0425,-0.027837720617652,-0.0015));
#9558=CARTESIAN_POINT('',(0.027094693616558,-0.0171494543769429,-0.0015));
#9559=CARTESIAN_POINT('',(0.0333798486725229,-0.0212662635648623,-0.0015));
#9560=CARTESIAN_POINT('',(0.0396650037284879,-0.0253830727527817,-0.0015));
#9561=CARTESIAN_POINT('',(0.0425,-0.027837720617652,-0.0015));
#9562=CARTESIAN_POINT('',(0.042,-0.0241212034308223,-0.0015));
#9563=CARTESIAN_POINT('',(0.042,-0.0200606017154112,-0.0015));
#9564=CARTESIAN_POINT('',(0.0425,-0.027837720617652,-0.0015));
#9565=CARTESIAN_POINT('',(0.0457206848113365,-0.0274021872136215,-0.0015));
#9566=CARTESIAN_POINT('',(0.044125,-0.0306523031799514,-0.0015));
#9567=CARTESIAN_POINT('',(0.0459688259470812,-0.0274012987788596,-0.0015));
#9568=CARTESIAN_POINT('',(0.0462169670828258,-0.0274004103440975,-0.0015));
#9569=CARTESIAN_POINT('',(0.0425,-0.027837720617652,-0.0015));
#9570=CARTESIAN_POINT('',(0.0443713019912729,-0.0245965304924626,-0.0015));
#9571=CARTESIAN_POINT('',(0.0442481509956364,-0.0248098342739075,-0.0015));
#9572=CARTESIAN_POINT('',(0.044125,-0.0250231380553525,-0.0015));
#9573=CARTESIAN_POINT('',(0.0425,-0.027837720617652,-0.0015));
#9574=CARTESIAN_POINT('',(0.040875,-0.0250231380553525,-0.0015));
#9575=CARTESIAN_POINT('',(0.0407518490043636,-0.0248098342739075,-0.0015));
#9576=CARTESIAN_POINT('',(0.0406286980087271,-0.0245965304924626,-0.0015));
#9577=CARTESIAN_POINT('',(0.0425,-0.027837720617652,-0.0015));
#9578=CARTESIAN_POINT('',(0.0387799967945617,-0.0274270373799913,-0.0015));
#9579=CARTESIAN_POINT('',(0.0390281379303064,-0.0274261489452292,-0.0015));
#9580=CARTESIAN_POINT('',(0.039276279066051,-0.0274252605104672,-0.0015));
#9581=CARTESIAN_POINT('',(0.0425,-0.027837720617652,-0.0015));
#9582=CARTESIAN_POINT('',(0.040875,-0.0306523031799514,-0.0015));
#9583=CARTESIAN_POINT('',(0.0407518490043636,-0.0308656069613963,-0.0015));
#9584=CARTESIAN_POINT('',(0.0406286980087271,-0.0310789107428413,-0.0015));
#9585=CARTESIAN_POINT('',(0.0425,-0.027837720617652,-0.0015));
#9586=CARTESIAN_POINT('',(0.0443713019912729,-0.0310789107428413,-0.0015));
#9587=CARTESIAN_POINT('',(0.0442481509956364,-0.0308656069613963,-0.0015));
#9588=CARTESIAN_POINT('',(0.,-0.016,-0.0015));
#9589=CARTESIAN_POINT('',(0.023514759304193,-0.016,-0.0015));
#9590=CARTESIAN_POINT('',(0.0133039501011372,-0.016,-0.0015));
#9591=CARTESIAN_POINT('',(0.0133039501011372,-0.0135,-0.0015));
#9592=CARTESIAN_POINT('',(0.0133039501011372,-0.011,-0.0015));
#9593=CARTESIAN_POINT('',(-6.93889390390723E-18,-0.011,-0.0015));
#9594=CARTESIAN_POINT('',(0.038,-0.011,-0.0015));
#9595=CARTESIAN_POINT('',(0.038,-0.0094135744002492,-0.0015));
#9596=CARTESIAN_POINT('',(0.038,-0.0078271488004984,-0.0015));
#9597=CARTESIAN_POINT('',(0.0405,-0.0078271488004984,-0.0015));
#9598=CARTESIAN_POINT('',(0.043,-0.0078271488004984,-0.0015));
#9599=CARTESIAN_POINT('',(0.043,-0.0119135744002492,-0.0015));
#9600=CARTESIAN_POINT('',(0.043,-0.0241212034308223,-0.0015));
#9601=CARTESIAN_POINT('',(0.0425,-0.027837720617652,-0.0015));
#9602=CARTESIAN_POINT('',(0.0462165171868296,-0.0273377206176519,-0.0015));
#9603=CARTESIAN_POINT('',(0.0537299246672781,-0.0273377206176519,-0.0015));
#9604=CARTESIAN_POINT('',(0.0612433321477266,-0.0273377206176519,-0.0015));
#9605=CARTESIAN_POINT('',(0.042500000000011,-0.027837720617652,-0.0015));
#9606=CARTESIAN_POINT('',(0.0612433321477266,-0.028337720617652,-0.0015));
#9607=CARTESIAN_POINT('',(0.0537299246672781,-0.028337720617652,-0.0015));
#9608=CARTESIAN_POINT('',(0.0462165171868296,-0.028337720617652,-0.0015));
#9609=CARTESIAN_POINT('',(0.0425,-0.027837720617652,-0.0015));
#9610=CARTESIAN_POINT('',(0.043,-0.0315542378044815,-0.0015));
#9611=CARTESIAN_POINT('',(0.043,-0.03906764528493,-0.0015));
#9612=CARTESIAN_POINT('',(0.043,-0.0465810527653785,-0.0015));
#9613=CARTESIAN_POINT('',(0.0425,-0.0278377206176466,-0.0015));
#9614=CARTESIAN_POINT('',(0.042,-0.0465810527653785,-0.0015));
#9615=CARTESIAN_POINT('',(0.042,-0.03906764528493,-0.0015));
#9616=CARTESIAN_POINT('',(0.042,-0.0315542378044815,-0.0015));
#9617=CARTESIAN_POINT('',(0.0425,-0.027837720617652,-0.0015));
#9618=CARTESIAN_POINT('',(0.0387834828131703,-0.028337720617652,-0.0015));
#9619=CARTESIAN_POINT('',(0.0312700753327219,-0.028337720617652,-0.0015));
#9620=CARTESIAN_POINT('',(0.0237566678522734,-0.028337720617652,-0.0015));
#9621=CARTESIAN_POINT('',(0.0425000000000037,-0.027837720617652,-0.0015));
#9622=CARTESIAN_POINT('',(0.0237566678522734,-0.0273377206176519,-0.0015));
#9623=CARTESIAN_POINT('',(0.0312700753327219,-0.0273377206176519,-0.0015));
#9624=CARTESIAN_POINT('',(0.0387834828131703,-0.0273377206176519,-0.0015));
#9625=CARTESIAN_POINT('',(0.0425,-0.027837720617652,-0.0015));
#9626=CARTESIAN_POINT('',(0.0391170753486372,-0.0262195980007894,-0.0015));
#9627=CARTESIAN_POINT('',(0.0249261599054226,-0.016924474720391,-0.0015));
#9628=CARTESIAN_POINT('',(0.,-0.016,0.0015));
#9629=CARTESIAN_POINT('',(0.,-0.016,-0.0015));
#9630=CARTESIAN_POINT('',(-0.0279593373404642,-0.016,-0.0015));
#9631=CARTESIAN_POINT('',(-0.042,-0.016,-0.0015));
#9632=CARTESIAN_POINT('',(-0.0279593373404643,-0.016,-0.0015));
#9633=CARTESIAN_POINT('',(-0.0279593373404643,-0.016,0.0015));
#9634=CARTESIAN_POINT('',(0.,-0.016,0.0015));
#9635=CARTESIAN_POINT('',(-0.042,-0.016,0.0015));
#9636=CARTESIAN_POINT('',(-0.042,-0.016,-0.0015));
#9637=CARTESIAN_POINT('',(0.,-0.016,0.0015));
#9638=CARTESIAN_POINT('',(0.,-0.016,-0.0015));
#9639=CARTESIAN_POINT('',(-0.0253398153457739,-0.016,-0.0015));
#9640=CARTESIAN_POINT('',(-0.027638359088633,-0.016,-0.0015));
#9641=CARTESIAN_POINT('',(-0.0253398153457739,-0.016,-0.0015));
#9642=CARTESIAN_POINT('',(-0.0253398153457739,-0.016,0.0015));
#9643=CARTESIAN_POINT('',(0.,-0.016,0.0015));
#9644=CARTESIAN_POINT('',(-0.027638359088633,-0.016,0.0015));
#9645=CARTESIAN_POINT('',(-0.027638359088633,-0.016,-0.0015));
#9646=CARTESIAN_POINT('',(6.93889390390723E-18,0.016,0.0015));
#9647=CARTESIAN_POINT('',(-0.042,0.016,-0.0015));
#9648=CARTESIAN_POINT('',(-0.0279593373404643,0.016,-0.0015));
#9649=CARTESIAN_POINT('',(6.93889390390723E-18,0.016,0.0015));
#9650=CARTESIAN_POINT('',(-0.027638359088633,0.016,-0.0015));
#9651=CARTESIAN_POINT('',(-0.0253398153457739,0.016,-0.0015));
#9652=CARTESIAN_POINT('',(-0.043,-0.0119135744002492,0.0015));
#9653=CARTESIAN_POINT('',(-0.043,-0.00909438846992538,0.0005));
#9654=CARTESIAN_POINT('',(-0.043,-0.00909438846992537,0.0005));
#9655=CARTESIAN_POINT('',(-0.043,-0.00909438846992537,0.0015));
#9656=CARTESIAN_POINT('',(-0.043,-0.0119135744002492,0.0005));
#9657=CARTESIAN_POINT('',(-0.043,-0.00884430070442933,0.0005));
#9658=CARTESIAN_POINT('',(-0.043,-0.00884430070442933,0.0005));
#9659=CARTESIAN_POINT('',(-0.043,-0.00884430070442933,0.0015));
#9660=CARTESIAN_POINT('',(-0.043,-0.0119135744002492,0.0015));
#9661=CARTESIAN_POINT('',(-0.043,-0.00782714880049839,0.0015));
#9662=CARTESIAN_POINT('',(-0.043,-0.00782714880049839,0.0015));
#9663=CARTESIAN_POINT('',(-0.043,-0.00782714880049839,-0.0015));
#9664=CARTESIAN_POINT('',(-0.043,-0.0119135744002492,-0.0015));
#9665=CARTESIAN_POINT('',(-0.043,-0.0241212034308223,-0.0015));
#9666=CARTESIAN_POINT('',(-0.043,-0.0241212034308223,-0.0015));
#9667=CARTESIAN_POINT('',(-0.043,-0.0241212034308223,0.0015));
#9668=CARTESIAN_POINT('',(-0.043,-0.0119135744002492,0.0015));
#9669=CARTESIAN_POINT('',(0.,-0.016,0.0015));
#9670=CARTESIAN_POINT('',(0.042,-0.016,-0.0015));
#9671=CARTESIAN_POINT('',(0.0279593373404643,-0.016,-0.0015));
#9672=CARTESIAN_POINT('',(0.,-0.016,0.0015));
#9673=CARTESIAN_POINT('',(0.0133039501011372,-0.016,-0.0015));
#9674=CARTESIAN_POINT('',(0.023514759304193,-0.016,-0.0015));
#9675=CARTESIAN_POINT('',(0.,-0.016,0.0015));
#9676=CARTESIAN_POINT('',(0.027638359088633,-0.016,-0.0015));
#9677=CARTESIAN_POINT('',(0.0253398153457739,-0.016,-0.0015));
#9678=CARTESIAN_POINT('',(0.043,-0.0119135744002492,0.0015));
#9679=CARTESIAN_POINT('',(0.043,-0.0241212034308223,-0.0015));
#9680=CARTESIAN_POINT('',(0.043,-0.0078271488004984,0.0015));
#9681=CARTESIAN_POINT('',(0.043,-0.00884430070442933,0.0005));
#9682=CARTESIAN_POINT('',(0.043,-0.00884430070442933,0.0005));
#9683=CARTESIAN_POINT('',(0.043,-0.0119135744002492,0.0005));
#9684=CARTESIAN_POINT('',(0.043,-0.00909438846992537,0.0005));
#9685=CARTESIAN_POINT('',(0.043,-0.00909438846992538,0.0005));
#9686=CARTESIAN_POINT('',(0.009125,0.0272074347090752,-0.0165));
#9687=CARTESIAN_POINT('',(0.0425,0.027837720617652,-0.0165));
#9688=CARTESIAN_POINT('',(0.044125,0.0250231380553525,-0.0165));
#9689=CARTESIAN_POINT('',(0.0450310744326609,0.0257990538434265,-0.0165));
#9690=CARTESIAN_POINT('',(0.0439842991486979,0.0264034098354036,-0.0165));
#9691=CARTESIAN_POINT('',(0.0454621353376882,0.0255501807138719,-0.0165));
#9692=CARTESIAN_POINT('',(0.0425,0.027837720617652,-0.0165));
#9693=CARTESIAN_POINT('',(0.0443713019912729,0.0245965304924626,-0.0165));
#9694=CARTESIAN_POINT('',(0.0442481509956364,0.0248098342739075,-0.0165));
#9695=CARTESIAN_POINT('',(0.009125,0.0272074347090752,-0.0165));
#9696=CARTESIAN_POINT('',(0.0425,0.027837720617652,-0.0165));
#9697=CARTESIAN_POINT('',(0.039276279066051,0.0274252605104672,-0.0165));
#9698=CARTESIAN_POINT('',(0.0394689255673391,0.0266650792472111,-0.0165));
#9699=CARTESIAN_POINT('',(0.0405157008513021,0.027269435239188,-0.0165));
#9700=CARTESIAN_POINT('',(0.0390378646623118,0.0264162061176564,-0.0165));
#9701=CARTESIAN_POINT('',(0.0425,0.027837720617652,-0.0165));
#9702=CARTESIAN_POINT('',(0.0387799967945617,0.0274270373799913,-0.0165));
#9703=CARTESIAN_POINT('',(0.0390281379303064,0.0274261489452292,-0.0165));
#9704=CARTESIAN_POINT('',(0.009125,0.0272074347090752,-0.0165));
#9705=CARTESIAN_POINT('',(0.0425,0.027837720617652,-0.0165));
#9706=CARTESIAN_POINT('',(0.0420588825891367,0.0315542378044815,-0.0165));
#9707=CARTESIAN_POINT('',(0.0429411174108632,0.0315542378044815,-0.0165));
#9708=CARTESIAN_POINT('',(0.0425,0.0315542378044815,-0.0165));
#9709=CARTESIAN_POINT('',(0.009125,0.0272074347090752,-0.0165));
#9710=CARTESIAN_POINT('',(0.0425,0.027837720617652,-0.0165));
#9711=CARTESIAN_POINT('',(0.0406286980087271,0.0310789107428413,-0.0165));
#9712=CARTESIAN_POINT('',(0.042,0.0315467750214274,-0.0165));
#9713=CARTESIAN_POINT('',(0.042,0.0298403167783641,-0.0165));
#9714=CARTESIAN_POINT('',(0.042,0.0310490287623182,-0.0165));
#9715=CARTESIAN_POINT('',(0.0425,0.027837720617652,-0.0165));
#9716=CARTESIAN_POINT('',(0.040875,0.0306523031799514,-0.0165));
#9717=CARTESIAN_POINT('',(0.0407518490043636,0.0308656069613963,-0.0165));
#9718=CARTESIAN_POINT('',(0.0425,0.027837720617652,0.0005));
#9719=CARTESIAN_POINT('',(0.0612433321477266,0.0273377206176519,-0.0015));
#9720=CARTESIAN_POINT('',(0.0612433321477266,0.0273377206176519,0.0005));
#9721=CARTESIAN_POINT('',(0.0425,0.027837720617652,0.0005));
#9722=CARTESIAN_POINT('',(0.043,0.00909438846992538,0.0005));
#9723=CARTESIAN_POINT('',(0.043,0.00909438846992538,0.0005));
#9724=CARTESIAN_POINT('',(0.0425,0.027837720617652,0.0005));
#9725=CARTESIAN_POINT('',(0.0425,0.027837720617652,0.0005));
#9726=CARTESIAN_POINT('',(0.0612433321477266,0.028337720617652,0.0005));
#9727=CARTESIAN_POINT('',(0.043,0.0465810527653785,0.0005));
#9728=CARTESIAN_POINT('',(0.0612433321477266,0.028337720617652,-0.0015));
#9729=CARTESIAN_POINT('',(0.043,0.0465810527653785,-0.0015));
#9730=CARTESIAN_POINT('',(0.0425,0.027837720617652,0.0005));
#9731=CARTESIAN_POINT('',(0.0425,0.027837720617652,0.0005));
#9732=CARTESIAN_POINT('',(0.042,0.0465810527653785,0.0005));
#9733=CARTESIAN_POINT('',(0.0237566678522734,0.028337720617652,0.0005));
#9734=CARTESIAN_POINT('',(0.042,0.0465810527653785,-0.0015));
#9735=CARTESIAN_POINT('',(0.0237566678522734,0.028337720617652,-0.0015));
#9736=CARTESIAN_POINT('',(0.0425,0.0278377206176519,0.0005));
#9737=CARTESIAN_POINT('',(0.043,0.00884430070442933,0.0005));
#9738=CARTESIAN_POINT('',(0.043,0.00884430070442933,0.0005));
#9739=CARTESIAN_POINT('',(0.0425,0.0278377206176519,0.0005));
#9740=CARTESIAN_POINT('',(0.0263375605066522,0.0178489494407819,0.0005));
#9741=CARTESIAN_POINT('',(0.0263375605066522,0.0178489494407819,0.0005));
#9742=CARTESIAN_POINT('',(0.0425,0.027837720617652,0.0005));
#9743=CARTESIAN_POINT('',(0.0425,0.027837720617652,0.0005));
#9744=CARTESIAN_POINT('',(0.0237566678522734,0.0273377206176519,0.0005));
#9745=CARTESIAN_POINT('',(0.0265467652367074,0.0179859796249506,0.0005));
#9746=CARTESIAN_POINT('',(0.0237566678522734,0.0273377206176519,-0.0015));
#9747=CARTESIAN_POINT('',(0.0265467652367074,0.0179859796249506,0.0005));
#9748=CARTESIAN_POINT('',(0.00925,0.014168860308826,0.0005));
#9749=CARTESIAN_POINT('',(0.043,0.0119135744002492,0.0005));
#9750=CARTESIAN_POINT('',(0.0425,0.027837720617652,0.0005));
#9751=CARTESIAN_POINT('',(0.0425,0.027837720617652,0.0005));
#9752=CARTESIAN_POINT('',(0.0425,0.027837720617652,0.0005));
#9753=CARTESIAN_POINT('',(0.0264421628716797,0.0179174645328662,0.0005));
#9754=CARTESIAN_POINT('',(0.00925,0.014168860308826,0.0015));
#9755=CARTESIAN_POINT('',(0.00451200688257814,0.0135,0.0015));
#9756=CARTESIAN_POINT('',(0.0113039501011372,0.0135,0.0015));
#9757=CARTESIAN_POINT('',(0.042500000000011,0.027837720617652,-0.0015));
#9758=CARTESIAN_POINT('',(0.0612433321477266,0.0273377206176519,-0.0015));
#9759=CARTESIAN_POINT('',(0.0612433321477266,0.028337720617652,-0.0015));
#9760=CARTESIAN_POINT('',(0.0425,0.0278377206176466,-0.0015));
#9761=CARTESIAN_POINT('',(0.043,0.0465810527653785,-0.0015));
#9762=CARTESIAN_POINT('',(0.042,0.0465810527653785,-0.0015));
#9763=CARTESIAN_POINT('',(0.0425000000000037,0.027837720617652,-0.0015));
#9764=CARTESIAN_POINT('',(0.0237566678522734,0.028337720617652,-0.0015));
#9765=CARTESIAN_POINT('',(0.0237566678522734,0.0273377206176519,-0.0015));
#9766=CARTESIAN_POINT('',(6.93889390390723E-18,0.016,0.0015));
#9767=CARTESIAN_POINT('',(0.042,0.016,-0.0015));
#9768=CARTESIAN_POINT('',(0.0279593373404643,0.016,-0.0015));
#9769=CARTESIAN_POINT('',(6.93889390390723E-18,0.016,0.0015));
#9770=CARTESIAN_POINT('',(0.0133039501011372,0.016,-0.0015));
#9771=CARTESIAN_POINT('',(0.023514759304193,0.016,-0.0015));
#9772=CARTESIAN_POINT('',(6.93889390390723E-18,0.016,0.0015));
#9773=CARTESIAN_POINT('',(0.0253398153457739,0.016,-0.0015));
#9774=CARTESIAN_POINT('',(0.027638359088633,0.016,-0.0015));
#9775=CARTESIAN_POINT('',(0.038,0.00941357440024919,0.0015));
#9776=CARTESIAN_POINT('',(0.038,-0.0094135744002492,0.));
#9777=CARTESIAN_POINT('',(0.038,0.011,0.));
#9778=CARTESIAN_POINT('',(0.038,0.00782714880049839,0.));
#9779=CARTESIAN_POINT('',(0.038,0.011,0.0015));
#9780=CARTESIAN_POINT('',(0.038,0.00782714880049839,0.0015));
#9781=CARTESIAN_POINT('',(-0.038,0.00912886592889796,0.0015));
#9782=CARTESIAN_POINT('',(-0.038,-0.00296529152864878,0.));
#9783=CARTESIAN_POINT('',(-0.038,0.00782714880049838,0.));
#9784=CARTESIAN_POINT('',(-0.038,0.00782714880049838,0.0015));
#9785=CARTESIAN_POINT('',(3.46944695195361E-18,0.011,0.0015));
#9786=CARTESIAN_POINT('',(0.0133039501011372,0.011,-0.0015));
#9787=CARTESIAN_POINT('',(0.0133039501011372,0.011,0.));
#9788=CARTESIAN_POINT('',(3.46944695195361E-18,0.011,0.));
#9789=CARTESIAN_POINT('',(0.038,0.00941357440024919,0.0015));
#9790=CARTESIAN_POINT('',(0.038,0.011,0.0015));
#9791=CARTESIAN_POINT('',(0.038,0.011,0.0005));
#9792=CARTESIAN_POINT('',(0.038,-0.0094135744002492,0.0005));
#9793=CARTESIAN_POINT('',(0.038,0.00782714880049839,0.0005));
#9794=CARTESIAN_POINT('',(0.038,0.00782714880049839,0.0015));
#9795=CARTESIAN_POINT('',(0.0405,0.00782714880049839,0.0015));
#9796=CARTESIAN_POINT('',(0.043,0.00782714880049839,0.0015));
#9797=CARTESIAN_POINT('',(0.038,0.00782714880049839,0.0015));
#9798=CARTESIAN_POINT('',(0.043,0.0119135744002492,0.0015));
#9799=CARTESIAN_POINT('',(0.043,0.0241212034308223,-0.0015));
#9800=CARTESIAN_POINT('',(-0.043,0.0132152915286488,0.0015));
#9801=CARTESIAN_POINT('',(-0.043,0.0119135744002492,0.0005));
#9802=CARTESIAN_POINT('',(-0.043,0.00909438846992538,0.0005));
#9803=CARTESIAN_POINT('',(-0.043,0.00884430070442933,0.0005));
#9804=CARTESIAN_POINT('',(-0.043,0.00909438846992538,0.0005));
#9805=CARTESIAN_POINT('',(-0.043,0.0241212034308223,-0.0015));
#9806=CARTESIAN_POINT('',(-0.043,0.00782714880049838,0.0015));
#9807=CARTESIAN_POINT('',(-0.043,0.00884430070442933,0.0005));
#9808=CARTESIAN_POINT('',(-0.0405,0.00782714880049838,0.0015));
#9809=CARTESIAN_POINT('',(-0.038,0.00782714880049838,0.0015));
#9810=CARTESIAN_POINT('',(-0.038,0.00782714880049838,0.0005));
#9811=CARTESIAN_POINT('',(-0.038,0.00782714880049838,0.0015));
#9812=CARTESIAN_POINT('',(-0.038,0.00912886592889796,0.0015));
#9813=CARTESIAN_POINT('',(-0.038,-0.00296529152864878,0.0005));
#9814=CARTESIAN_POINT('',(3.46944695195361E-18,0.011,0.0015));
#9815=CARTESIAN_POINT('',(0.0133039501011372,0.011,-0.0015));
#9816=CARTESIAN_POINT('',(0.0133039501011372,0.011,0.0005));
#9817=CARTESIAN_POINT('',(3.46944695195361E-18,0.011,0.0005));
#9818=CARTESIAN_POINT('',(0.00313740250468254,-3.46944695195361E-18,-0.0015));
#9819=CARTESIAN_POINT('',(0.00451200688257814,0.0135,-0.0015));
#9820=CARTESIAN_POINT('',(0.0113039501011372,0.0135,-0.0015));
#9821=CARTESIAN_POINT('',(0.038,-0.0094135744002492,0.0005));
#9822=CARTESIAN_POINT('',(0.038,-0.0094135744002492,0.0005));
#9823=CARTESIAN_POINT('',(0.038,-0.0078271488004984,0.0005));
#9824=CARTESIAN_POINT('',(0.038,-0.0078271488004984,0.0015));
#9825=CARTESIAN_POINT('',(0.038,-0.0078271488004984,0.));
#9826=CARTESIAN_POINT('',(0.038,-0.0094135744002492,0.));
#9827=CARTESIAN_POINT('',(-0.038,-0.00296529152864878,0.0005));
#9828=CARTESIAN_POINT('',(-0.038,-0.00296529152864878,0.0005));
#9829=CARTESIAN_POINT('',(-0.038,-0.00782714880049839,0.0005));
#9830=CARTESIAN_POINT('',(-0.038,-0.00296529152864878,0.));
#9831=CARTESIAN_POINT('',(-0.038,-0.00782714880049839,0.));
#9832=CARTESIAN_POINT('',(-0.038,-0.00782714880049839,0.0015));
#9833=CARTESIAN_POINT('',(0.038,-0.0094135744002492,0.0015));
#9834=CARTESIAN_POINT('',(0.038,-0.0094135744002492,0.));
#9835=CARTESIAN_POINT('',(0.038,-0.011,0.));
#9836=CARTESIAN_POINT('',(0.038,-0.0078271488004984,0.0015));
#9837=CARTESIAN_POINT('',(0.038,-0.011,0.0015));
#9838=CARTESIAN_POINT('',(-6.93889390390723E-18,-0.011,0.0015));
#9839=CARTESIAN_POINT('',(0.0133039501011372,-0.011,-0.0015));
#9840=CARTESIAN_POINT('',(0.0133039501011372,-0.011,0.));
#9841=CARTESIAN_POINT('',(-6.93889390390723E-18,-0.011,0.));
#9842=CARTESIAN_POINT('',(-0.038,-0.00941357440024919,0.0015));
#9843=CARTESIAN_POINT('',(-0.038,-0.00782714880049839,0.0015));
#9844=CARTESIAN_POINT('',(-0.038,-0.00782714880049839,-0.0015));
#9845=CARTESIAN_POINT('',(-0.038,-0.00296529152864878,0.));
#9846=CARTESIAN_POINT('',(-0.038,-0.00941357440024919,-0.0015));
#9847=CARTESIAN_POINT('',(0.0405,-0.0078271488004984,0.0015));
#9848=CARTESIAN_POINT('',(0.038,-0.0078271488004984,0.0015));
#9849=CARTESIAN_POINT('',(0.038,-0.0094135744002492,0.0015));
#9850=CARTESIAN_POINT('',(0.038,-0.0094135744002492,0.0005));
#9851=CARTESIAN_POINT('',(0.038,-0.011,0.0005));
#9852=CARTESIAN_POINT('',(0.038,-0.011,0.0015));
#9853=CARTESIAN_POINT('',(-6.93889390390723E-18,-0.011,0.0015));
#9854=CARTESIAN_POINT('',(-6.93889390390723E-18,-0.011,0.0005));
#9855=CARTESIAN_POINT('',(0.0133039501011372,-0.011,0.0005));
#9856=CARTESIAN_POINT('',(0.0133039501011372,-0.011,-0.0015));
#9857=CARTESIAN_POINT('',(-0.038,-0.00941357440024919,0.0015));
#9858=CARTESIAN_POINT('',(-0.038,-0.00296529152864878,0.0005));
#9859=CARTESIAN_POINT('',(-0.038,-0.00782714880049839,0.0015));
#9860=CARTESIAN_POINT('',(-0.038,-0.00782714880049839,0.0015));
#9861=CARTESIAN_POINT('',(-0.038,-0.00941357440024919,0.0015));
#9862=CARTESIAN_POINT('',(-0.0405,-0.00782714880049839,0.0015));
#9863=CARTESIAN_POINT('',(-0.0405,-0.00782714880049839,-0.0015));
#9864=CARTESIAN_POINT('',(-0.0405,-0.00782714880049839,0.0015));
#9865=CARTESIAN_POINT('',(0.00313740250468254,-3.46944695195361E-18,0.0015));
#9866=CARTESIAN_POINT('',(-0.0405,-0.00995,0.0015));
#9867=CARTESIAN_POINT('',(-0.039,-0.00995,0.0015));
#9868=CARTESIAN_POINT('',(-0.00451200688257814,-0.0135,0.0015));
#9869=CARTESIAN_POINT('',(-0.0425,-0.0278377206176519,0.0015));
#9870=CARTESIAN_POINT('',(-0.0263375605066522,-0.0178489494407819,0.0015));
#9871=CARTESIAN_POINT('',(-0.0249261599054226,-0.016924474720391,0.0015));
#9872=CARTESIAN_POINT('',(-0.0261126521161384,-0.0165062120963871,0.0015));
#9873=CARTESIAN_POINT('',(-0.0268854888865027,-0.0170124241927742,0.0015));
#9874=CARTESIAN_POINT('',(-0.0425,-0.0278377206176517,0.0015));
#9875=CARTESIAN_POINT('',(-0.0425,-0.027837720617652,0.0015));
#9876=CARTESIAN_POINT('',(-0.027094693616558,-0.0171494543769429,0.0015));
#9877=CARTESIAN_POINT('',(-0.0333798486725229,-0.0212662635648623,0.0015));
#9878=CARTESIAN_POINT('',(-0.0396650037284879,-0.0253830727527817,0.0015));
#9879=CARTESIAN_POINT('',(-0.0425,-0.027837720617652,0.0015));
#9880=CARTESIAN_POINT('',(-0.042,-0.0241212034308223,0.0015));
#9881=CARTESIAN_POINT('',(-0.042,-0.0200606017154112,0.0015));
#9882=CARTESIAN_POINT('',(-0.0425,-0.027837720617652,0.0015));
#9883=CARTESIAN_POINT('',(-0.0462165171868297,-0.0273377206176519,0.0015));
#9884=CARTESIAN_POINT('',(-0.0537299246672781,-0.0273377206176519,0.0015));
#9885=CARTESIAN_POINT('',(-0.0612433321477266,-0.0273377206176519,0.0015));
#9886=CARTESIAN_POINT('',(-0.0425,-0.027837720617652,0.0015));
#9887=CARTESIAN_POINT('',(-0.0249261599054226,-0.016924474720391,0.0015));
#9888=CARTESIAN_POINT('',(-0.0265467652367074,-0.0179859796249506,0.0015));
#9889=CARTESIAN_POINT('',(-0.0391170753486372,-0.0262195980007894,0.0015));
#9890=CARTESIAN_POINT('',(-0.0425,-0.027837720617652,0.0015));
#9891=CARTESIAN_POINT('',(-0.0237566678522734,-0.0273377206176519,0.0015));
#9892=CARTESIAN_POINT('',(-0.0312700753327219,-0.0273377206176519,0.0015));
#9893=CARTESIAN_POINT('',(-0.0387834828131703,-0.0273377206176519,0.0015));
#9894=CARTESIAN_POINT('',(-0.0425,-0.027837720617652,0.0015));
#9895=CARTESIAN_POINT('',(-0.0425,-0.027837720617652,0.0015));
#9896=CARTESIAN_POINT('',(-0.0612433321477266,-0.028337720617652,0.0015));
#9897=CARTESIAN_POINT('',(-0.043,-0.0465810527653785,0.0015));
#9898=CARTESIAN_POINT('',(-0.0537299246672781,-0.028337720617652,0.0015));
#9899=CARTESIAN_POINT('',(-0.0462165171868296,-0.028337720617652,0.0015));
#9900=CARTESIAN_POINT('',(-0.0425,-0.027837720617652,0.0015));
#9901=CARTESIAN_POINT('',(-0.043,-0.0315542378044816,0.0015));
#9902=CARTESIAN_POINT('',(-0.043,-0.03906764528493,0.0015));
#9903=CARTESIAN_POINT('',(-0.0425,-0.027837720617652,0.0015));
#9904=CARTESIAN_POINT('',(-0.042,-0.0465810527653785,0.0015));
#9905=CARTESIAN_POINT('',(-0.0237566678522734,-0.028337720617652,0.0015));
#9906=CARTESIAN_POINT('',(-0.042,-0.03906764528493,0.0015));
#9907=CARTESIAN_POINT('',(-0.042,-0.0315542378044815,0.0015));
#9908=CARTESIAN_POINT('',(-0.0425,-0.027837720617652,0.0015));
#9909=CARTESIAN_POINT('',(-0.0387834828131704,-0.028337720617652,0.0015));
#9910=CARTESIAN_POINT('',(-0.0312700753327219,-0.028337720617652,0.0015));
#9911=CARTESIAN_POINT('',(-0.0425,-0.027837720617652,0.0015));
#9912=CARTESIAN_POINT('',(-0.0392886918553337,-0.027337720617652,0.0015));
#9913=CARTESIAN_POINT('',(0.00313740250468254,-3.46944695195361E-18,-0.0015));
#9914=CARTESIAN_POINT('',(-0.0405,-0.00995,-0.0015));
#9915=CARTESIAN_POINT('',(-0.039,-0.00995,-0.0015));
#9916=CARTESIAN_POINT('',(-0.00451200688257814,-0.0135,-0.0015));
#9917=CARTESIAN_POINT('',(-0.0249261599054226,-0.016924474720391,-0.0015));
#9918=CARTESIAN_POINT('',(-0.0391170753486372,-0.0262195980007894,-0.0015));
#9919=CARTESIAN_POINT('',(-0.0425,-0.027837720617652,-0.0015));
#9920=CARTESIAN_POINT('',(-0.0387834828131703,-0.0273377206176519,-0.0015));
#9921=CARTESIAN_POINT('',(-0.0312700753327219,-0.0273377206176519,-0.0015));
#9922=CARTESIAN_POINT('',(-0.0237566678522734,-0.0273377206176519,-0.0015));
#9923=CARTESIAN_POINT('',(-0.0425000000000037,-0.027837720617652,-0.0015));
#9924=CARTESIAN_POINT('',(-0.0237566678522734,-0.028337720617652,-0.0015));
#9925=CARTESIAN_POINT('',(-0.0312700753327219,-0.028337720617652,-0.0015));
#9926=CARTESIAN_POINT('',(-0.0387834828131703,-0.028337720617652,-0.0015));
#9927=CARTESIAN_POINT('',(-0.0425,-0.027837720617652,-0.0015));
#9928=CARTESIAN_POINT('',(-0.042,-0.0315542378044815,-0.0015));
#9929=CARTESIAN_POINT('',(-0.042,-0.03906764528493,-0.0015));
#9930=CARTESIAN_POINT('',(-0.042,-0.0465810527653785,-0.0015));
#9931=CARTESIAN_POINT('',(-0.0425,-0.0278377206176466,-0.0015));
#9932=CARTESIAN_POINT('',(-0.043,-0.0465810527653785,-0.0015));
#9933=CARTESIAN_POINT('',(-0.043,-0.03906764528493,-0.0015));
#9934=CARTESIAN_POINT('',(-0.043,-0.0315542378044815,-0.0015));
#9935=CARTESIAN_POINT('',(-0.0425,-0.027837720617652,-0.0015));
#9936=CARTESIAN_POINT('',(-0.0462165171868296,-0.028337720617652,-0.0015));
#9937=CARTESIAN_POINT('',(-0.0537299246672781,-0.028337720617652,-0.0015));
#9938=CARTESIAN_POINT('',(-0.0612433321477266,-0.028337720617652,-0.0015));
#9939=CARTESIAN_POINT('',(-0.042500000000011,-0.027837720617652,-0.0015));
#9940=CARTESIAN_POINT('',(-0.0612433321477266,-0.0273377206176519,-0.0015));
#9941=CARTESIAN_POINT('',(-0.0537299246672781,-0.0273377206176519,-0.0015));
#9942=CARTESIAN_POINT('',(-0.0462165171868296,-0.0273377206176519,-0.0015));
#9943=CARTESIAN_POINT('',(-0.0425,-0.027837720617652,-0.0015));
#9944=CARTESIAN_POINT('',(-0.0261126521161384,-0.0165062120963871,-0.0015));
#9945=CARTESIAN_POINT('',(-0.0268854888865027,-0.0170124241927742,-0.0015));
#9946=CARTESIAN_POINT('',(-0.0425,-0.0278377206176517,-0.0015));
#9947=CARTESIAN_POINT('',(-0.0425,-0.027837720617652,-0.0015));
#9948=CARTESIAN_POINT('',(-0.027094693616558,-0.0171494543769429,-0.0015));
#9949=CARTESIAN_POINT('',(-0.042,-0.0200606017154112,-0.0015));
#9950=CARTESIAN_POINT('',(-0.042,-0.0241212034308223,-0.0015));
#9951=CARTESIAN_POINT('',(-0.0425,-0.027837720617652,-0.0015));
#9952=CARTESIAN_POINT('',(-0.0396650037284879,-0.0253830727527817,-0.0015));
#9953=CARTESIAN_POINT('',(-0.0333798486725229,-0.0212662635648623,-0.0015));
#9954=CARTESIAN_POINT('',(-0.0425,-0.027837720617652,-0.0015));
#9955=CARTESIAN_POINT('',(-0.0457206848113365,-0.0274021872136215,-0.0015));
#9956=CARTESIAN_POINT('',(-0.044125,-0.0306523031799514,-0.0015));
#9957=CARTESIAN_POINT('',(-0.0442481509956364,-0.0308656069613963,-0.0015));
#9958=CARTESIAN_POINT('',(-0.0443713019912729,-0.0310789107428413,-0.0015));
#9959=CARTESIAN_POINT('',(-0.0425,-0.027837720617652,-0.0015));
#9960=CARTESIAN_POINT('',(-0.0406286980087271,-0.0310789107428413,-0.0015));
#9961=CARTESIAN_POINT('',(-0.0407518490043636,-0.0308656069613963,-0.0015));
#9962=CARTESIAN_POINT('',(-0.040875,-0.0306523031799514,-0.0015));
#9963=CARTESIAN_POINT('',(-0.0425,-0.027837720617652,-0.0015));
#9964=CARTESIAN_POINT('',(-0.039276279066051,-0.0274252605104672,-0.0015));
#9965=CARTESIAN_POINT('',(-0.0390281379303064,-0.0274261489452292,-0.0015));
#9966=CARTESIAN_POINT('',(-0.0387799967945617,-0.0274270373799913,-0.0015));
#9967=CARTESIAN_POINT('',(-0.0425,-0.027837720617652,-0.0015));
#9968=CARTESIAN_POINT('',(-0.0406286980087271,-0.0245965304924626,-0.0015));
#9969=CARTESIAN_POINT('',(-0.0407518490043636,-0.0248098342739075,-0.0015));
#9970=CARTESIAN_POINT('',(-0.040875,-0.0250231380553525,-0.0015));
#9971=CARTESIAN_POINT('',(-0.0425,-0.027837720617652,-0.0015));
#9972=CARTESIAN_POINT('',(-0.044125,-0.0250231380553525,-0.0015));
#9973=CARTESIAN_POINT('',(-0.0442481509956364,-0.0248098342739075,-0.0015));
#9974=CARTESIAN_POINT('',(-0.0443713019912729,-0.0245965304924626,-0.0015));
#9975=CARTESIAN_POINT('',(-0.0425,-0.027837720617652,-0.0015));
#9976=CARTESIAN_POINT('',(-0.0462169670828258,-0.0274004103440975,-0.0015));
#9977=CARTESIAN_POINT('',(-0.0459688259470812,-0.0274012987788596,-0.0015));
#9978=CARTESIAN_POINT('',(0.00313740250468254,-3.46944695195361E-18,0.0005));
#9979=CARTESIAN_POINT('',(-0.0298084935809635,-0.0052,0.0005));
#9980=CARTESIAN_POINT('',(-0.0283084935809635,-0.0052,0.0005));
#9981=CARTESIAN_POINT('',(-0.0145684935809635,-0.0052,0.0005));
#9982=CARTESIAN_POINT('',(-0.0130684935809635,-0.0052,0.0005));
#9983=CARTESIAN_POINT('',(-0.0051519821729698,0.00775,0.0005));
#9984=CARTESIAN_POINT('',(-0.0041519821729698,0.00775,0.0005));
#9985=CARTESIAN_POINT('',(-0.0051519821729698,-0.00775,0.0005));
#9986=CARTESIAN_POINT('',(-0.0041519821729698,-0.00775,0.0005));
#9987=CARTESIAN_POINT('',(0.0361480178270302,-0.00775,0.0005));
#9988=CARTESIAN_POINT('',(0.0371480178270302,-0.00775,0.0005));
#9989=CARTESIAN_POINT('',(0.0361480178270302,0.00775,0.0005));
#9990=CARTESIAN_POINT('',(0.0371480178270302,0.00775,0.0005));
#9991=CARTESIAN_POINT('',(-6.93889390390723E-18,-0.011,0.0005));
#9992=CARTESIAN_POINT('',(-6.93889390390723E-18,-0.011,0.0005));
#9993=CARTESIAN_POINT('',(3.46944695195361E-18,0.011,0.0005));
#9994=CARTESIAN_POINT('',(3.46944695195361E-18,0.011,0.0005));
#9995=CARTESIAN_POINT('',(0.00313740250468254,-3.46944695195361E-18,0.));
#9996=CARTESIAN_POINT('',(-0.0298084935809635,-0.0052,0.));
#9997=CARTESIAN_POINT('',(-0.0283084935809635,-0.0052,0.));
#9998=CARTESIAN_POINT('',(-0.0145684935809635,-0.0052,0.));
#9999=CARTESIAN_POINT('',(-0.0130684935809635,-0.0052,0.));
#10000=CARTESIAN_POINT('',(-0.0051519821729698,0.00775,0.));
#10001=CARTESIAN_POINT('',(-0.0041519821729698,0.00775,0.));
#10002=CARTESIAN_POINT('',(-0.0051519821729698,-0.00775,0.));
#10003=CARTESIAN_POINT('',(-0.0041519821729698,-0.00775,0.));
#10004=CARTESIAN_POINT('',(0.0361480178270302,-0.00775,0.));
#10005=CARTESIAN_POINT('',(0.0371480178270302,-0.00775,0.));
#10006=CARTESIAN_POINT('',(0.0361480178270302,0.00775,0.));
#10007=CARTESIAN_POINT('',(0.0371480178270302,0.00775,0.));
#10008=CARTESIAN_POINT('',(3.46944695195361E-18,0.011,0.));
#10009=CARTESIAN_POINT('',(3.46944695195361E-18,0.011,0.));
#10010=CARTESIAN_POINT('',(-6.93889390390723E-18,-0.011,0.));
#10011=CARTESIAN_POINT('',(-6.93889390390723E-18,-0.011,0.));
#10012=CARTESIAN_POINT('',(0.042,0.0200606017154112,-0.0015));
#10013=CARTESIAN_POINT('',(0.042,0.0241212034308223,-0.0015));
#10014=CARTESIAN_POINT('',(0.0425,0.027837720617652,-0.0015));
#10015=CARTESIAN_POINT('',(0.0462165171868296,0.0273377206176519,-0.0015));
#10016=CARTESIAN_POINT('',(0.0537299246672781,0.0273377206176519,-0.0015));
#10017=CARTESIAN_POINT('',(0.0537299246672781,0.028337720617652,-0.0015));
#10018=CARTESIAN_POINT('',(0.0462165171868296,0.028337720617652,-0.0015));
#10019=CARTESIAN_POINT('',(0.0425,0.027837720617652,-0.0015));
#10020=CARTESIAN_POINT('',(0.043,0.0315542378044815,-0.0015));
#10021=CARTESIAN_POINT('',(0.043,0.03906764528493,-0.0015));
#10022=CARTESIAN_POINT('',(0.042,0.03906764528493,-0.0015));
#10023=CARTESIAN_POINT('',(0.042,0.0315542378044815,-0.0015));
#10024=CARTESIAN_POINT('',(0.0425,0.027837720617652,-0.0015));
#10025=CARTESIAN_POINT('',(0.0387834828131703,0.028337720617652,-0.0015));
#10026=CARTESIAN_POINT('',(0.0312700753327219,0.0273377206176519,-0.0015));
#10027=CARTESIAN_POINT('',(0.0387834828131703,0.0273377206176519,-0.0015));
#10028=CARTESIAN_POINT('',(0.0312700753327219,0.028337720617652,-0.0015));
#10029=CARTESIAN_POINT('',(0.0425,0.027837720617652,-0.0015));
#10030=CARTESIAN_POINT('',(0.0391170753486372,0.0262195980007894,-0.0015));
#10031=CARTESIAN_POINT('',(0.0261126521161384,0.0165062120963871,-0.0015));
#10032=CARTESIAN_POINT('',(0.0268854888865027,0.0170124241927742,-0.0015));
#10033=CARTESIAN_POINT('',(0.0425,0.0278377206176517,-0.0015));
#10034=CARTESIAN_POINT('',(0.0425,0.027837720617652,-0.0015));
#10035=CARTESIAN_POINT('',(0.027094693616558,0.0171494543769429,-0.0015));
#10036=CARTESIAN_POINT('',(0.0333798486725229,0.0212662635648623,-0.0015));
#10037=CARTESIAN_POINT('',(0.0396650037284879,0.0253830727527817,-0.0015));
#10038=CARTESIAN_POINT('',(0.0249261599054226,0.016924474720391,-0.0015));
#10039=CARTESIAN_POINT('',(0.0425,0.027837720617652,-0.0015));
#10040=CARTESIAN_POINT('',(0.0425,0.027837720617652,-0.0015));
#10041=CARTESIAN_POINT('',(0.040875,0.0250231380553525,-0.0165));
#10042=CARTESIAN_POINT('',(0.040875,0.0250231380553525,-0.0165));
#10043=CARTESIAN_POINT('',(0.0425,0.027837720617652,-0.0165));
#10044=CARTESIAN_POINT('',(0.0399689255673392,0.0257990538434266,-0.0165));
#10045=CARTESIAN_POINT('',(0.0425,0.027837720617652,-0.0165));
#10046=CARTESIAN_POINT('',(0.039276279066051,0.0274252605104672,-0.0165));
#10047=CARTESIAN_POINT('',(0.040875,0.0306523031799514,-0.0165));
#10048=CARTESIAN_POINT('',(0.0425,0.027837720617652,-0.0165));
#10049=CARTESIAN_POINT('',(0.043,0.0310490287623182,-0.0165));
#10050=CARTESIAN_POINT('',(0.0425,0.027837720617652,-0.0165));
#10051=CARTESIAN_POINT('',(0.044125,0.0306523031799514,-0.0165));
#10052=CARTESIAN_POINT('',(0.044125,0.0306523031799514,-0.0165));
#10053=CARTESIAN_POINT('',(0.0457206848113365,0.0274021872136215,-0.0165));
#10054=CARTESIAN_POINT('',(0.0457206848113365,0.0274021872136215,-0.0165));
#10055=CARTESIAN_POINT('',(0.0425,0.027837720617652,-0.0165));
#10056=CARTESIAN_POINT('',(0.0455310744326609,0.026665079247211,-0.0165));
#10057=CARTESIAN_POINT('',(0.0425,0.027837720617652,-0.0165));
#10058=CARTESIAN_POINT('',(0.044125,0.0250231380553525,-0.0165));
#10059=CARTESIAN_POINT('',(0.0459688259470812,0.0274012987788596,-0.0165));
#10060=CARTESIAN_POINT('',(0.0462169670828258,0.0274004103440975,-0.0165));
#10061=CARTESIAN_POINT('',(0.0462169670828258,0.0274004103440975,-0.0165));
#10062=CARTESIAN_POINT('',(0.0459688259470812,0.0274012987788596,-0.0165));
#10063=CARTESIAN_POINT('',(0.0425,0.027837720617652,-0.0165));
#10064=CARTESIAN_POINT('',(0.0443713019912729,0.0245965304924626,-0.0165));
#10065=CARTESIAN_POINT('',(0.0425,0.027837720617652,-0.0165));
#10066=CARTESIAN_POINT('',(0.0457411901251895,0.025966418626379,-0.0165));
#10067=CARTESIAN_POINT('',(0.0425,0.027837720617652,-0.0165));
#10068=CARTESIAN_POINT('',(0.0459621353376882,0.0264162061176564,-0.0165));
#10069=CARTESIAN_POINT('',(0.0425,0.027837720617652,-0.0165));
#10070=CARTESIAN_POINT('',(0.0442481509956364,0.0248098342739075,-0.0165));
#10071=CARTESIAN_POINT('',(0.009125,0.0272074347090752,-0.0165));
#10072=CARTESIAN_POINT('',(0.0444842991486979,0.027269435239188,-0.0165));
#10073=CARTESIAN_POINT('',(0.0390281379303064,0.0274261489452292,-0.0165));
#10074=CARTESIAN_POINT('',(0.0387799967945617,0.0274270373799913,-0.0165));
#10075=CARTESIAN_POINT('',(0.0407518490043636,0.0248098342739075,-0.0165));
#10076=CARTESIAN_POINT('',(0.0406286980087271,0.0245965304924626,-0.0165));
#10077=CARTESIAN_POINT('',(0.0406286980087271,0.0245965304924626,-0.0165));
#10078=CARTESIAN_POINT('',(0.0407518490043636,0.0248098342739075,-0.0165));
#10079=CARTESIAN_POINT('',(0.0425,0.027837720617652,-0.0165));
#10080=CARTESIAN_POINT('',(0.0425,0.027837720617652,-0.0165));
#10081=CARTESIAN_POINT('',(0.0392588098748105,0.025966418626379,-0.0165));
#10082=CARTESIAN_POINT('',(0.0425,0.027837720617652,-0.0165));
#10083=CARTESIAN_POINT('',(0.0395378646623119,0.0255501807138719,-0.0165));
#10084=CARTESIAN_POINT('',(0.0425,0.027837720617652,-0.0165));
#10085=CARTESIAN_POINT('',(0.009125,0.0272074347090752,-0.0165));
#10086=CARTESIAN_POINT('',(0.0410157008513021,0.0264034098354036,-0.0165));
#10087=CARTESIAN_POINT('',(0.0407518490043636,0.0308656069613963,-0.0165));
#10088=CARTESIAN_POINT('',(0.0406286980087271,0.0310789107428413,-0.0165));
#10089=CARTESIAN_POINT('',(0.0425,0.027837720617652,-0.0165));
#10090=CARTESIAN_POINT('',(0.0443713019912729,0.0310789107428413,-0.0165));
#10091=CARTESIAN_POINT('',(0.0443713019912729,0.0310789107428413,-0.0165));
#10092=CARTESIAN_POINT('',(0.0425,0.027837720617652,-0.0165));
#10093=CARTESIAN_POINT('',(0.043,0.0315467750214274,-0.0165));
#10094=CARTESIAN_POINT('',(0.043,0.0315467750214274,-0.0175));
#10095=CARTESIAN_POINT('',(0.043,0.0315467750214274,-0.0175));
#10096=CARTESIAN_POINT('',(0.0425,0.027837720617652,-0.0175));
#10097=CARTESIAN_POINT('',(0.0429411174108632,0.0315542378044815,-0.0175));
#10098=CARTESIAN_POINT('',(0.0429411174108632,0.0315542378044815,-0.0175));
#10099=CARTESIAN_POINT('',(0.0420588825891367,0.0315542378044815,-0.0175));
#10100=CARTESIAN_POINT('',(0.0420588825891367,0.0315542378044815,-0.0175));
#10101=CARTESIAN_POINT('',(0.0425,0.027837720617652,-0.0175));
#10102=CARTESIAN_POINT('',(0.042,0.0315467750214274,-0.0175));
#10103=CARTESIAN_POINT('',(0.042,0.0315467750214274,-0.0175));
#10104=CARTESIAN_POINT('',(0.0442481509956364,0.0308656069613963,-0.0165));
#10105=CARTESIAN_POINT('',(0.0442481509956364,0.0308656069613963,-0.0165));
#10106=CARTESIAN_POINT('',(0.009125,0.0272074347090752,-0.0165));
#10107=CARTESIAN_POINT('',(0.043,0.0298403167783641,-0.0165));
#10108=CARTESIAN_POINT('',(0.0425,0.027837720617652,-0.0165));
#10109=CARTESIAN_POINT('',(0.0444842991486979,0.027269435239188,-0.0165));
#10110=CARTESIAN_POINT('',(0.0459685982973959,0.0264124747261293,-0.0165));
#10111=CARTESIAN_POINT('',(0.0457411901251895,0.025966418626379,-0.0165));
#10112=CARTESIAN_POINT('',(0.0458588925357766,0.0261702851816892,-0.0165));
#10113=CARTESIAN_POINT('',(0.0424999999999988,0.0278377206176526,-0.0165));
#10114=CARTESIAN_POINT('',(0.0425,0.027837720617652,-0.0165));
#10115=CARTESIAN_POINT('',(0.0457411901251895,0.025966418626379,-0.0165));
#10116=CARTESIAN_POINT('',(0.0456234877146024,0.0257625520710688,-0.0165));
#10117=CARTESIAN_POINT('',(0.0439842991486979,0.0264034098354036,-0.0165));
#10118=CARTESIAN_POINT('',(0.0454685982973959,0.0255464493223449,-0.0165));
#10119=CARTESIAN_POINT('',(0.0424999999999991,0.0278377206176528,-0.0165));
#10120=CARTESIAN_POINT('',(0.0425,0.027837720617652,-0.0165));
#10121=CARTESIAN_POINT('',(0.0439842991486979,0.0264034098354036,-0.0165));
#10122=CARTESIAN_POINT('',(0.0425,0.0272603703484623,-0.0165));
#10123=CARTESIAN_POINT('',(0.0444842991486979,0.027269435239188,-0.0165));
#10124=CARTESIAN_POINT('',(0.043,0.0281263957522467,-0.0165));
#10125=CARTESIAN_POINT('',(0.043,0.0298403167783641,-0.0165));
#10126=CARTESIAN_POINT('',(0.042,0.0298403167783641,-0.0165));
#10127=CARTESIAN_POINT('',(0.042,0.0281263957522467,-0.0165));
#10128=CARTESIAN_POINT('',(0.0405157008513021,0.027269435239188,-0.0165));
#10129=CARTESIAN_POINT('',(0.0410157008513021,0.0264034098354036,-0.0165));
#10130=CARTESIAN_POINT('',(0.0425,0.027837720617652,-0.0165));
#10131=CARTESIAN_POINT('',(0.0410157008513021,0.0264034098354036,-0.0165));
#10132=CARTESIAN_POINT('',(0.0395314017026041,0.0255464493223449,-0.0165));
#10133=CARTESIAN_POINT('',(0.0392588098748105,0.025966418626379,-0.0165));
#10134=CARTESIAN_POINT('',(0.0393765122853976,0.0257625520710688,-0.0165));
#10135=CARTESIAN_POINT('',(0.0425000000000036,0.0278377206176549,-0.0165));
#10136=CARTESIAN_POINT('',(0.0405157008513021,0.027269435239188,-0.0175));
#10137=CARTESIAN_POINT('',(0.042,0.0281263957522467,-0.0175));
#10138=CARTESIAN_POINT('',(0.042,0.0281263957522467,-0.0175));
#10139=CARTESIAN_POINT('',(0.0405157008513021,0.027269435239188,-0.0175));
#10140=CARTESIAN_POINT('',(0.0390314017026041,0.0264124747261293,-0.0175));
#10141=CARTESIAN_POINT('',(0.0390314017026041,0.0264124747261293,-0.0175));
#10142=CARTESIAN_POINT('',(0.0390314017026041,0.0264124747261293,-0.0165));
#10143=CARTESIAN_POINT('',(0.0405157008513021,0.027269435239188,-0.0165));
#10144=CARTESIAN_POINT('',(0.042,0.0298403167783641,-0.0175));
#10145=CARTESIAN_POINT('',(0.042,0.0298403167783641,-0.0175));
#10146=CARTESIAN_POINT('',(0.0425,0.0315542378044815,-0.0175));
#10147=CARTESIAN_POINT('',(0.0425,0.0315542378044815,-0.0175));
#10148=CARTESIAN_POINT('',(0.043,0.0298403167783641,-0.0175));
#10149=CARTESIAN_POINT('',(0.043,0.0281263957522467,-0.0175));
#10150=CARTESIAN_POINT('',(0.043,0.0281263957522467,-0.0175));
#10151=CARTESIAN_POINT('',(0.043,0.0298403167783641,-0.0175));
#10152=CARTESIAN_POINT('',(0.0444842991486979,0.027269435239188,-0.0175));
#10153=CARTESIAN_POINT('',(0.0459685982973959,0.0264124747261293,-0.0175));
#10154=CARTESIAN_POINT('',(0.0459685982973959,0.0264124747261293,-0.0175));
#10155=CARTESIAN_POINT('',(0.0444842991486979,0.027269435239188,-0.0175));
#10156=CARTESIAN_POINT('',(0.0424999999999988,0.0278377206176526,-0.0175));
#10157=CARTESIAN_POINT('',(0.0458588925357766,0.0261702851816892,-0.0175));
#10158=CARTESIAN_POINT('',(0.0458588925357766,0.0261702851816892,-0.0175));
#10159=CARTESIAN_POINT('',(0.0424999999999988,0.0278377206176526,-0.0175));
#10160=CARTESIAN_POINT('',(0.0457411901251895,0.025966418626379,-0.0175));
#10161=CARTESIAN_POINT('',(0.0456234877146024,0.0257625520710688,-0.0175));
#10162=CARTESIAN_POINT('',(0.0456234877146024,0.0257625520710688,-0.0175));
#10163=CARTESIAN_POINT('',(0.0457411901251895,0.025966418626379,-0.0175));
#10164=CARTESIAN_POINT('',(0.0424999999999991,0.0278377206176528,-0.0175));
#10165=CARTESIAN_POINT('',(0.0454685982973959,0.0255464493223449,-0.0175));
#10166=CARTESIAN_POINT('',(0.0454685982973959,0.0255464493223449,-0.0175));
#10167=CARTESIAN_POINT('',(0.0424999999999991,0.0278377206176528,-0.0175));
#10168=CARTESIAN_POINT('',(0.0439842991486979,0.0264034098354036,-0.0175));
#10169=CARTESIAN_POINT('',(0.0425,0.0272603703484623,-0.0175));
#10170=CARTESIAN_POINT('',(0.0425,0.0272603703484623,-0.0175));
#10171=CARTESIAN_POINT('',(0.0439842991486979,0.0264034098354036,-0.0175));
#10172=CARTESIAN_POINT('',(0.0410157008513021,0.0264034098354036,-0.0175));
#10173=CARTESIAN_POINT('',(0.0395314017026041,0.0255464493223449,-0.0175));
#10174=CARTESIAN_POINT('',(0.0395314017026041,0.0255464493223449,-0.0175));
#10175=CARTESIAN_POINT('',(0.0410157008513021,0.0264034098354036,-0.0175));
#10176=CARTESIAN_POINT('',(0.0425000000000036,0.0278377206176549,-0.0175));
#10177=CARTESIAN_POINT('',(0.0393765122853976,0.0257625520710688,-0.0175));
#10178=CARTESIAN_POINT('',(0.0393765122853976,0.0257625520710688,-0.0175));
#10179=CARTESIAN_POINT('',(0.0425000000000036,0.0278377206176549,-0.0175));
#10180=CARTESIAN_POINT('',(0.0392588098748105,0.025966418626379,-0.0175));
#10181=CARTESIAN_POINT('',(0.0392588098748105,0.025966418626379,-0.0165));
#10182=CARTESIAN_POINT('',(0.0391411074642233,0.0261702851816892,-0.0165));
#10183=CARTESIAN_POINT('',(0.0391411074642233,0.0261702851816892,-0.0175));
#10184=CARTESIAN_POINT('',(0.0391411074642233,0.0261702851816892,-0.0175));
#10185=CARTESIAN_POINT('',(0.0392588098748105,0.025966418626379,-0.0175));
#10186=CARTESIAN_POINT('',(0.0425000000000014,0.0278377206176526,-0.0175));
#10187=CARTESIAN_POINT('',(0.0425000000000014,0.0278377206176526,-0.0165));
#10188=CARTESIAN_POINT('',(0.0425000000000014,0.0278377206176526,-0.0175));
#10189=CARTESIAN_POINT('',(0.0425,0.027837720617652,-0.0175));
#10190=CARTESIAN_POINT('',(0.0425,0.027837720617652,-0.0165));
#10191=CARTESIAN_POINT('',(0.009125,-0.0272074347090752,-0.0165));
#10192=CARTESIAN_POINT('',(0.0425,-0.027837720617652,-0.0165));
#10193=CARTESIAN_POINT('',(0.044125,-0.0250231380553525,-0.0165));
#10194=CARTESIAN_POINT('',(0.0450310744326609,-0.0257990538434265,-0.0165));
#10195=CARTESIAN_POINT('',(0.0442481509956364,-0.0248098342739075,-0.0165));
#10196=CARTESIAN_POINT('',(0.0443713019912729,-0.0245965304924626,-0.0165));
#10197=CARTESIAN_POINT('',(0.0425,-0.027837720617652,-0.0165));
#10198=CARTESIAN_POINT('',(0.0454621353376882,-0.0255501807138719,-0.0165));
#10199=CARTESIAN_POINT('',(0.0439842991486979,-0.0264034098354036,-0.0165));
#10200=CARTESIAN_POINT('',(0.009125,-0.0272074347090752,-0.0165));
#10201=CARTESIAN_POINT('',(0.0425,-0.027837720617652,-0.0165));
#10202=CARTESIAN_POINT('',(0.039276279066051,-0.0274252605104672,-0.0165));
#10203=CARTESIAN_POINT('',(0.0394689255673391,-0.0266650792472111,-0.0165));
#10204=CARTESIAN_POINT('',(0.0390281379303064,-0.0274261489452292,-0.0165));
#10205=CARTESIAN_POINT('',(0.0387799967945617,-0.0274270373799913,-0.0165));
#10206=CARTESIAN_POINT('',(0.0425,-0.027837720617652,-0.0165));
#10207=CARTESIAN_POINT('',(0.0390378646623118,-0.0264162061176564,-0.0165));
#10208=CARTESIAN_POINT('',(0.0405157008513021,-0.027269435239188,-0.0165));
#10209=CARTESIAN_POINT('',(0.009125,-0.0272074347090752,-0.0165));
#10210=CARTESIAN_POINT('',(0.0425,-0.027837720617652,-0.0165));
#10211=CARTESIAN_POINT('',(0.0420588825891367,-0.0315542378044815,-0.0165));
#10212=CARTESIAN_POINT('',(0.0429411174108632,-0.0315542378044815,-0.0165));
#10213=CARTESIAN_POINT('',(0.0425,-0.0315542378044815,-0.0165));
#10214=CARTESIAN_POINT('',(0.009125,-0.0272074347090752,-0.0165));
#10215=CARTESIAN_POINT('',(0.0425,-0.027837720617652,-0.0165));
#10216=CARTESIAN_POINT('',(0.0406286980087271,-0.0310789107428413,-0.0165));
#10217=CARTESIAN_POINT('',(0.042,-0.0315467750214274,-0.0165));
#10218=CARTESIAN_POINT('',(0.0407518490043636,-0.0308656069613963,-0.0165));
#10219=CARTESIAN_POINT('',(0.040875,-0.0306523031799514,-0.0165));
#10220=CARTESIAN_POINT('',(0.0425,-0.027837720617652,-0.0165));
#10221=CARTESIAN_POINT('',(0.042,-0.0310490287623182,-0.0165));
#10222=CARTESIAN_POINT('',(0.042,-0.0298403167783641,-0.0165));
#10223=CARTESIAN_POINT('',(0.0425,-0.027837720617652,0.0005));
#10224=CARTESIAN_POINT('',(0.0612433321477266,-0.0273377206176519,-0.0015));
#10225=CARTESIAN_POINT('',(0.0612433321477266,-0.0273377206176519,0.0005));
#10226=CARTESIAN_POINT('',(0.0425,-0.027837720617652,0.0005));
#10227=CARTESIAN_POINT('',(0.0425,-0.027837720617652,0.0005));
#10228=CARTESIAN_POINT('',(0.0425,-0.027837720617652,0.0005));
#10229=CARTESIAN_POINT('',(0.0612433321477266,-0.028337720617652,0.0005));
#10230=CARTESIAN_POINT('',(0.043,-0.0465810527653785,0.0005));
#10231=CARTESIAN_POINT('',(0.043,-0.0465810527653785,-0.0015));
#10232=CARTESIAN_POINT('',(0.0612433321477266,-0.028337720617652,-0.0015));
#10233=CARTESIAN_POINT('',(0.0425,-0.027837720617652,0.0005));
#10234=CARTESIAN_POINT('',(0.0425,-0.027837720617652,0.0005));
#10235=CARTESIAN_POINT('',(0.042,-0.0465810527653785,0.0005));
#10236=CARTESIAN_POINT('',(0.0237566678522734,-0.028337720617652,0.0005));
#10237=CARTESIAN_POINT('',(0.0237566678522734,-0.028337720617652,-0.0015));
#10238=CARTESIAN_POINT('',(0.042,-0.0465810527653785,-0.0015));
#10239=CARTESIAN_POINT('',(0.0425,-0.0278377206176519,0.0005));
#10240=CARTESIAN_POINT('',(0.0263375605066522,-0.0178489494407819,0.0005));
#10241=CARTESIAN_POINT('',(0.0263375605066522,-0.0178489494407819,0.0005));
#10242=CARTESIAN_POINT('',(0.0425,-0.0278377206176519,0.0005));
#10243=CARTESIAN_POINT('',(0.0425,-0.027837720617652,0.0005));
#10244=CARTESIAN_POINT('',(0.0425,-0.027837720617652,0.0005));
#10245=CARTESIAN_POINT('',(0.0237566678522734,-0.0273377206176519,0.0005));
#10246=CARTESIAN_POINT('',(0.0265467652367074,-0.0179859796249506,0.0005));
#10247=CARTESIAN_POINT('',(0.0265467652367074,-0.0179859796249506,0.0005));
#10248=CARTESIAN_POINT('',(0.0237566678522734,-0.0273377206176519,-0.0015));
#10249=CARTESIAN_POINT('',(0.00925,-0.014168860308826,0.0005));
#10250=CARTESIAN_POINT('',(0.0264421628716797,-0.0179174645328662,0.0005));
#10251=CARTESIAN_POINT('',(0.0425,-0.027837720617652,0.0005));
#10252=CARTESIAN_POINT('',(0.0425,-0.027837720617652,0.0005));
#10253=CARTESIAN_POINT('',(0.0425,-0.027837720617652,0.0005));
#10254=CARTESIAN_POINT('',(0.042500000000011,-0.027837720617652,-0.0015));
#10255=CARTESIAN_POINT('',(0.0612433321477266,-0.028337720617652,-0.0015));
#10256=CARTESIAN_POINT('',(0.0612433321477266,-0.0273377206176519,-0.0015));
#10257=CARTESIAN_POINT('',(0.0425,-0.0278377206176466,-0.0015));
#10258=CARTESIAN_POINT('',(0.042,-0.0465810527653785,-0.0015));
#10259=CARTESIAN_POINT('',(0.043,-0.0465810527653785,-0.0015));
#10260=CARTESIAN_POINT('',(0.0425000000000037,-0.027837720617652,-0.0015));
#10261=CARTESIAN_POINT('',(0.0237566678522734,-0.0273377206176519,-0.0015));
#10262=CARTESIAN_POINT('',(0.0237566678522734,-0.028337720617652,-0.0015));
#10263=CARTESIAN_POINT('',(0.042,-0.0200606017154112,-0.0015));
#10264=CARTESIAN_POINT('',(0.042,-0.0241212034308223,-0.0015));
#10265=CARTESIAN_POINT('',(0.0425,-0.027837720617652,-0.0015));
#10266=CARTESIAN_POINT('',(0.0462165171868296,-0.0273377206176519,-0.0015));
#10267=CARTESIAN_POINT('',(0.0537299246672781,-0.0273377206176519,-0.0015));
#10268=CARTESIAN_POINT('',(0.0537299246672781,-0.028337720617652,-0.0015));
#10269=CARTESIAN_POINT('',(0.0462165171868296,-0.028337720617652,-0.0015));
#10270=CARTESIAN_POINT('',(0.0425,-0.027837720617652,-0.0015));
#10271=CARTESIAN_POINT('',(0.043,-0.0315542378044815,-0.0015));
#10272=CARTESIAN_POINT('',(0.043,-0.03906764528493,-0.0015));
#10273=CARTESIAN_POINT('',(0.042,-0.03906764528493,-0.0015));
#10274=CARTESIAN_POINT('',(0.042,-0.0315542378044815,-0.0015));
#10275=CARTESIAN_POINT('',(0.0425,-0.027837720617652,-0.0015));
#10276=CARTESIAN_POINT('',(0.0387834828131703,-0.028337720617652,-0.0015));
#10277=CARTESIAN_POINT('',(0.0312700753327219,-0.0273377206176519,-0.0015));
#10278=CARTESIAN_POINT('',(0.0387834828131703,-0.0273377206176519,-0.0015));
#10279=CARTESIAN_POINT('',(0.0312700753327219,-0.028337720617652,-0.0015));
#10280=CARTESIAN_POINT('',(0.0425,-0.027837720617652,-0.0015));
#10281=CARTESIAN_POINT('',(0.0391170753486372,-0.0262195980007894,-0.0015));
#10282=CARTESIAN_POINT('',(0.0261126521161384,-0.0165062120963871,-0.0015));
#10283=CARTESIAN_POINT('',(0.0268854888865027,-0.0170124241927742,-0.0015));
#10284=CARTESIAN_POINT('',(0.0425,-0.0278377206176517,-0.0015));
#10285=CARTESIAN_POINT('',(0.0425,-0.027837720617652,-0.0015));
#10286=CARTESIAN_POINT('',(0.027094693616558,-0.0171494543769429,-0.0015));
#10287=CARTESIAN_POINT('',(0.0333798486725229,-0.0212662635648623,-0.0015));
#10288=CARTESIAN_POINT('',(0.0396650037284879,-0.0253830727527817,-0.0015));
#10289=CARTESIAN_POINT('',(0.0249261599054226,-0.016924474720391,-0.0015));
#10290=CARTESIAN_POINT('',(0.0425,-0.027837720617652,-0.0015));
#10291=CARTESIAN_POINT('',(0.0425,-0.027837720617652,-0.0015));
#10292=CARTESIAN_POINT('',(0.044125,-0.0250231380553525,-0.0165));
#10293=CARTESIAN_POINT('',(0.0425,-0.027837720617652,-0.0165));
#10294=CARTESIAN_POINT('',(0.0455310744326609,-0.026665079247211,-0.0165));
#10295=CARTESIAN_POINT('',(0.0425,-0.027837720617652,-0.0165));
#10296=CARTESIAN_POINT('',(0.0457206848113365,-0.0274021872136215,-0.0165));
#10297=CARTESIAN_POINT('',(0.0457206848113365,-0.0274021872136215,-0.0165));
#10298=CARTESIAN_POINT('',(0.044125,-0.0306523031799514,-0.0165));
#10299=CARTESIAN_POINT('',(0.044125,-0.0306523031799514,-0.0165));
#10300=CARTESIAN_POINT('',(0.0425,-0.027837720617652,-0.0165));
#10301=CARTESIAN_POINT('',(0.043,-0.0310490287623182,-0.0165));
#10302=CARTESIAN_POINT('',(0.0425,-0.027837720617652,-0.0165));
#10303=CARTESIAN_POINT('',(0.040875,-0.0306523031799514,-0.0165));
#10304=CARTESIAN_POINT('',(0.039276279066051,-0.0274252605104672,-0.0165));
#10305=CARTESIAN_POINT('',(0.0425,-0.027837720617652,-0.0165));
#10306=CARTESIAN_POINT('',(0.0399689255673392,-0.0257990538434266,-0.0165));
#10307=CARTESIAN_POINT('',(0.0425,-0.027837720617652,-0.0165));
#10308=CARTESIAN_POINT('',(0.040875,-0.0250231380553525,-0.0165));
#10309=CARTESIAN_POINT('',(0.040875,-0.0250231380553525,-0.0165));
#10310=CARTESIAN_POINT('',(0.0459688259470812,-0.0274012987788596,-0.0165));
#10311=CARTESIAN_POINT('',(0.0459688259470812,-0.0274012987788596,-0.0165));
#10312=CARTESIAN_POINT('',(0.0462169670828258,-0.0274004103440975,-0.0165));
#10313=CARTESIAN_POINT('',(0.0462169670828258,-0.0274004103440975,-0.0165));
#10314=CARTESIAN_POINT('',(0.0425,-0.027837720617652,-0.0165));
#10315=CARTESIAN_POINT('',(0.0425,-0.027837720617652,-0.0165));
#10316=CARTESIAN_POINT('',(0.0459621353376882,-0.0264162061176564,-0.0165));
#10317=CARTESIAN_POINT('',(0.0425,-0.027837720617652,-0.0165));
#10318=CARTESIAN_POINT('',(0.0457411901251895,-0.025966418626379,-0.0165));
#10319=CARTESIAN_POINT('',(0.0425,-0.027837720617652,-0.0165));
#10320=CARTESIAN_POINT('',(0.0443713019912729,-0.0245965304924626,-0.0165));
#10321=CARTESIAN_POINT('',(0.0442481509956364,-0.0248098342739075,-0.0165));
#10322=CARTESIAN_POINT('',(0.009125,-0.0272074347090752,-0.0165));
#10323=CARTESIAN_POINT('',(0.0444842991486979,-0.027269435239188,-0.0165));
#10324=CARTESIAN_POINT('',(0.0390281379303064,-0.0274261489452292,-0.0165));
#10325=CARTESIAN_POINT('',(0.0387799967945617,-0.0274270373799913,-0.0165));
#10326=CARTESIAN_POINT('',(0.0407518490043636,-0.0248098342739075,-0.0165));
#10327=CARTESIAN_POINT('',(0.0407518490043636,-0.0248098342739075,-0.0165));
#10328=CARTESIAN_POINT('',(0.0406286980087271,-0.0245965304924626,-0.0165));
#10329=CARTESIAN_POINT('',(0.0406286980087271,-0.0245965304924626,-0.0165));
#10330=CARTESIAN_POINT('',(0.0425,-0.027837720617652,-0.0165));
#10331=CARTESIAN_POINT('',(0.0425,-0.027837720617652,-0.0165));
#10332=CARTESIAN_POINT('',(0.0395378646623119,-0.0255501807138719,-0.0165));
#10333=CARTESIAN_POINT('',(0.0425,-0.027837720617652,-0.0165));
#10334=CARTESIAN_POINT('',(0.0392588098748105,-0.025966418626379,-0.0165));
#10335=CARTESIAN_POINT('',(0.0425,-0.027837720617652,-0.0165));
#10336=CARTESIAN_POINT('',(0.009125,-0.0272074347090752,-0.0165));
#10337=CARTESIAN_POINT('',(0.0410157008513021,-0.0264034098354036,-0.0165));
#10338=CARTESIAN_POINT('',(0.0407518490043636,-0.0308656069613963,-0.0165));
#10339=CARTESIAN_POINT('',(0.0406286980087271,-0.0310789107428413,-0.0165));
#10340=CARTESIAN_POINT('',(0.0425,-0.027837720617652,-0.0165));
#10341=CARTESIAN_POINT('',(0.042,-0.0315467750214274,-0.0175));
#10342=CARTESIAN_POINT('',(0.042,-0.0315467750214274,-0.0175));
#10343=CARTESIAN_POINT('',(0.0425,-0.027837720617652,-0.0175));
#10344=CARTESIAN_POINT('',(0.0420588825891367,-0.0315542378044815,-0.0175));
#10345=CARTESIAN_POINT('',(0.0420588825891367,-0.0315542378044815,-0.0175));
#10346=CARTESIAN_POINT('',(0.0429411174108632,-0.0315542378044815,-0.0175));
#10347=CARTESIAN_POINT('',(0.0429411174108632,-0.0315542378044815,-0.0175));
#10348=CARTESIAN_POINT('',(0.0425,-0.027837720617652,-0.0175));
#10349=CARTESIAN_POINT('',(0.043,-0.0315467750214274,-0.0175));
#10350=CARTESIAN_POINT('',(0.043,-0.0315467750214274,-0.0175));
#10351=CARTESIAN_POINT('',(0.043,-0.0315467750214274,-0.0165));
#10352=CARTESIAN_POINT('',(0.0425,-0.027837720617652,-0.0165));
#10353=CARTESIAN_POINT('',(0.0443713019912729,-0.0310789107428413,-0.0165));
#10354=CARTESIAN_POINT('',(0.0443713019912729,-0.0310789107428413,-0.0165));
#10355=CARTESIAN_POINT('',(0.0442481509956364,-0.0308656069613963,-0.0165));
#10356=CARTESIAN_POINT('',(0.0442481509956364,-0.0308656069613963,-0.0165));
#10357=CARTESIAN_POINT('',(0.009125,-0.0272074347090752,-0.0165));
#10358=CARTESIAN_POINT('',(0.043,-0.0298403167783641,-0.0165));
#10359=CARTESIAN_POINT('',(0.0425,-0.027837720617652,-0.0165));
#10360=CARTESIAN_POINT('',(0.0444842991486979,-0.027269435239188,-0.0165));
#10361=CARTESIAN_POINT('',(0.0459685982973959,-0.0264124747261293,-0.0165));
#10362=CARTESIAN_POINT('',(0.0424999999999988,-0.0278377206176526,-0.0165));
#10363=CARTESIAN_POINT('',(0.0458588925357766,-0.0261702851816892,-0.0165));
#10364=CARTESIAN_POINT('',(0.0457411901251895,-0.025966418626379,-0.0165));
#10365=CARTESIAN_POINT('',(0.0425,-0.027837720617652,-0.0165));
#10366=CARTESIAN_POINT('',(0.0457411901251895,-0.025966418626379,-0.0165));
#10367=CARTESIAN_POINT('',(0.0456234877146024,-0.0257625520710688,-0.0165));
#10368=CARTESIAN_POINT('',(0.0424999999999991,-0.0278377206176528,-0.0165));
#10369=CARTESIAN_POINT('',(0.0454685982973959,-0.0255464493223449,-0.0165));
#10370=CARTESIAN_POINT('',(0.0439842991486979,-0.0264034098354036,-0.0165));
#10371=CARTESIAN_POINT('',(0.0425,-0.027837720617652,-0.0165));
#10372=CARTESIAN_POINT('',(0.0439842991486979,-0.0264034098354036,-0.0165));
#10373=CARTESIAN_POINT('',(0.0425,-0.0272603703484623,-0.0165));
#10374=CARTESIAN_POINT('',(0.0410157008513021,-0.0264034098354036,-0.0165));
#10375=CARTESIAN_POINT('',(0.0405157008513021,-0.027269435239188,-0.0165));
#10376=CARTESIAN_POINT('',(0.042,-0.0281263957522467,-0.0165));
#10377=CARTESIAN_POINT('',(0.042,-0.0298403167783641,-0.0165));
#10378=CARTESIAN_POINT('',(0.043,-0.0298403167783641,-0.0165));
#10379=CARTESIAN_POINT('',(0.043,-0.0281263957522467,-0.0165));
#10380=CARTESIAN_POINT('',(0.0444842991486979,-0.027269435239188,-0.0165));
#10381=CARTESIAN_POINT('',(0.0425,-0.027837720617652,-0.0165));
#10382=CARTESIAN_POINT('',(0.0410157008513021,-0.0264034098354036,-0.0165));
#10383=CARTESIAN_POINT('',(0.0395314017026041,-0.0255464493223449,-0.0165));
#10384=CARTESIAN_POINT('',(0.0425000000000036,-0.0278377206176549,-0.0165));
#10385=CARTESIAN_POINT('',(0.0393765122853976,-0.0257625520710688,-0.0165));
#10386=CARTESIAN_POINT('',(0.0392588098748105,-0.025966418626379,-0.0165));
#10387=CARTESIAN_POINT('',(0.0405157008513021,-0.027269435239188,-0.0175));
#10388=CARTESIAN_POINT('',(0.0405157008513021,-0.027269435239188,-0.0165));
#10389=CARTESIAN_POINT('',(0.0390314017026041,-0.0264124747261293,-0.0165));
#10390=CARTESIAN_POINT('',(0.0390314017026041,-0.0264124747261293,-0.0175));
#10391=CARTESIAN_POINT('',(0.0390314017026041,-0.0264124747261293,-0.0175));
#10392=CARTESIAN_POINT('',(0.0405157008513021,-0.027269435239188,-0.0175));
#10393=CARTESIAN_POINT('',(0.042,-0.0281263957522467,-0.0175));
#10394=CARTESIAN_POINT('',(0.042,-0.0281263957522467,-0.0175));
#10395=CARTESIAN_POINT('',(0.042,-0.0298403167783641,-0.0175));
#10396=CARTESIAN_POINT('',(0.042,-0.0298403167783641,-0.0175));
#10397=CARTESIAN_POINT('',(0.0425,-0.0315542378044815,-0.0175));
#10398=CARTESIAN_POINT('',(0.0425,-0.0315542378044815,-0.0175));
#10399=CARTESIAN_POINT('',(0.043,-0.0298403167783641,-0.0175));
#10400=CARTESIAN_POINT('',(0.043,-0.0298403167783641,-0.0175));
#10401=CARTESIAN_POINT('',(0.043,-0.0281263957522467,-0.0175));
#10402=CARTESIAN_POINT('',(0.043,-0.0281263957522467,-0.0175));
#10403=CARTESIAN_POINT('',(0.0444842991486979,-0.027269435239188,-0.0175));
#10404=CARTESIAN_POINT('',(0.0444842991486979,-0.027269435239188,-0.0175));
#10405=CARTESIAN_POINT('',(0.0459685982973959,-0.0264124747261293,-0.0175));
#10406=CARTESIAN_POINT('',(0.0459685982973959,-0.0264124747261293,-0.0175));
#10407=CARTESIAN_POINT('',(0.0424999999999988,-0.0278377206176526,-0.0175));
#10408=CARTESIAN_POINT('',(0.0424999999999988,-0.0278377206176526,-0.0175));
#10409=CARTESIAN_POINT('',(0.0458588925357766,-0.0261702851816892,-0.0175));
#10410=CARTESIAN_POINT('',(0.0458588925357766,-0.0261702851816892,-0.0175));
#10411=CARTESIAN_POINT('',(0.0457411901251895,-0.025966418626379,-0.0175));
#10412=CARTESIAN_POINT('',(0.0457411901251895,-0.025966418626379,-0.0175));
#10413=CARTESIAN_POINT('',(0.0456234877146024,-0.0257625520710688,-0.0175));
#10414=CARTESIAN_POINT('',(0.0456234877146024,-0.0257625520710688,-0.0175));
#10415=CARTESIAN_POINT('',(0.0424999999999991,-0.0278377206176528,-0.0175));
#10416=CARTESIAN_POINT('',(0.0424999999999991,-0.0278377206176528,-0.0175));
#10417=CARTESIAN_POINT('',(0.0454685982973959,-0.0255464493223449,-0.0175));
#10418=CARTESIAN_POINT('',(0.0454685982973959,-0.0255464493223449,-0.0175));
#10419=CARTESIAN_POINT('',(0.0439842991486979,-0.0264034098354036,-0.0175));
#10420=CARTESIAN_POINT('',(0.0439842991486979,-0.0264034098354036,-0.0175));
#10421=CARTESIAN_POINT('',(0.0425,-0.0272603703484623,-0.0175));
#10422=CARTESIAN_POINT('',(0.0425,-0.0272603703484623,-0.0175));
#10423=CARTESIAN_POINT('',(0.0410157008513021,-0.0264034098354036,-0.0175));
#10424=CARTESIAN_POINT('',(0.0410157008513021,-0.0264034098354036,-0.0175));
#10425=CARTESIAN_POINT('',(0.0395314017026041,-0.0255464493223449,-0.0175));
#10426=CARTESIAN_POINT('',(0.0395314017026041,-0.0255464493223449,-0.0175));
#10427=CARTESIAN_POINT('',(0.0425000000000036,-0.0278377206176549,-0.0175));
#10428=CARTESIAN_POINT('',(0.0425000000000036,-0.0278377206176549,-0.0175));
#10429=CARTESIAN_POINT('',(0.0393765122853976,-0.0257625520710688,-0.0175));
#10430=CARTESIAN_POINT('',(0.0393765122853976,-0.0257625520710688,-0.0175));
#10431=CARTESIAN_POINT('',(0.0392588098748105,-0.025966418626379,-0.0175));
#10432=CARTESIAN_POINT('',(0.0392588098748105,-0.025966418626379,-0.0165));
#10433=CARTESIAN_POINT('',(0.0391411074642233,-0.0261702851816892,-0.0165));
#10434=CARTESIAN_POINT('',(0.0392588098748105,-0.025966418626379,-0.0175));
#10435=CARTESIAN_POINT('',(0.0391411074642233,-0.0261702851816892,-0.0175));
#10436=CARTESIAN_POINT('',(0.0391411074642233,-0.0261702851816892,-0.0175));
#10437=CARTESIAN_POINT('',(0.0425000000000014,-0.0278377206176526,-0.0175));
#10438=CARTESIAN_POINT('',(0.0425000000000014,-0.0278377206176526,-0.0165));
#10439=CARTESIAN_POINT('',(0.0425000000000014,-0.0278377206176526,-0.0175));
#10440=CARTESIAN_POINT('',(0.0425,-0.027837720617652,-0.0175));
#10441=CARTESIAN_POINT('',(0.0425,-0.027837720617652,-0.0165));
#10442=CARTESIAN_POINT('',(-0.0425,-0.027837720617652,-0.0165));
#10443=CARTESIAN_POINT('',(-0.0392588098748105,-0.025966418626379,-0.0165));
#10444=CARTESIAN_POINT('',(-0.0391411074642233,-0.0261702851816892,-0.0165));
#10445=CARTESIAN_POINT('',(-0.0392588098748105,-0.025966418626379,-0.0165));
#10446=CARTESIAN_POINT('',(-0.0425,-0.027837720617652,-0.0165));
#10447=CARTESIAN_POINT('',(-0.0390378646623118,-0.0264162061176564,-0.0165));
#10448=CARTESIAN_POINT('',(-0.0405157008513021,-0.027269435239188,-0.0165));
#10449=CARTESIAN_POINT('',(-0.0390314017026041,-0.0264124747261293,-0.0165));
#10450=CARTESIAN_POINT('',(-0.0425000000000014,-0.0278377206176526,-0.0165));
#10451=CARTESIAN_POINT('',(-0.0425,-0.027837720617652,-0.0175));
#10452=CARTESIAN_POINT('',(-0.0405157008513021,-0.027269435239188,-0.0175));
#10453=CARTESIAN_POINT('',(-0.042,-0.0281263957522467,-0.0175));
#10454=CARTESIAN_POINT('',(-0.0390314017026041,-0.0264124747261293,-0.0175));
#10455=CARTESIAN_POINT('',(-0.042,-0.0298403167783641,-0.0175));
#10456=CARTESIAN_POINT('',(-0.042,-0.0315467750214274,-0.0175));
#10457=CARTESIAN_POINT('',(-0.0425,-0.027837720617652,-0.0175));
#10458=CARTESIAN_POINT('',(-0.0420588825891367,-0.0315542378044815,-0.0175));
#10459=CARTESIAN_POINT('',(-0.0425,-0.0315542378044815,-0.0175));
#10460=CARTESIAN_POINT('',(-0.0429411174108632,-0.0315542378044815,-0.0175));
#10461=CARTESIAN_POINT('',(-0.0425,-0.027837720617652,-0.0175));
#10462=CARTESIAN_POINT('',(-0.043,-0.0315467750214274,-0.0175));
#10463=CARTESIAN_POINT('',(-0.043,-0.0298403167783641,-0.0175));
#10464=CARTESIAN_POINT('',(-0.043,-0.0281263957522467,-0.0175));
#10465=CARTESIAN_POINT('',(-0.0444842991486979,-0.027269435239188,-0.0175));
#10466=CARTESIAN_POINT('',(-0.0459685982973959,-0.0264124747261293,-0.0175));
#10467=CARTESIAN_POINT('',(-0.0424999999999988,-0.0278377206176526,-0.0175));
#10468=CARTESIAN_POINT('',(-0.0458588925357766,-0.0261702851816892,-0.0175));
#10469=CARTESIAN_POINT('',(-0.0457411901251895,-0.025966418626379,-0.0175));
#10470=CARTESIAN_POINT('',(-0.0456234877146024,-0.0257625520710688,-0.0175));
#10471=CARTESIAN_POINT('',(-0.0424999999999991,-0.0278377206176528,-0.0175));
#10472=CARTESIAN_POINT('',(-0.0454685982973959,-0.0255464493223449,-0.0175));
#10473=CARTESIAN_POINT('',(-0.0439842991486979,-0.0264034098354036,-0.0175));
#10474=CARTESIAN_POINT('',(-0.0425,-0.0272603703484623,-0.0175));
#10475=CARTESIAN_POINT('',(-0.0410157008513021,-0.0264034098354036,-0.0175));
#10476=CARTESIAN_POINT('',(-0.0395314017026041,-0.0255464493223449,-0.0175));
#10477=CARTESIAN_POINT('',(-0.0425000000000036,-0.0278377206176549,-0.0175));
#10478=CARTESIAN_POINT('',(-0.0393765122853976,-0.0257625520710688,-0.0175));
#10479=CARTESIAN_POINT('',(-0.0392588098748105,-0.025966418626379,-0.0175));
#10480=CARTESIAN_POINT('',(-0.0391411074642233,-0.0261702851816892,-0.0175));
#10481=CARTESIAN_POINT('',(-0.0425000000000014,-0.0278377206176526,-0.0175));
#10482=CARTESIAN_POINT('',(-0.0425000000000014,-0.0278377206176526,-0.0175));
#10483=CARTESIAN_POINT('',(-0.0390314017026041,-0.0264124747261293,-0.0175));
#10484=CARTESIAN_POINT('',(-0.0391411074642233,-0.0261702851816892,-0.0175));
#10485=CARTESIAN_POINT('',(-0.0392588098748105,-0.025966418626379,-0.0175));
#10486=CARTESIAN_POINT('',(-0.0393765122853976,-0.0257625520710688,-0.0175));
#10487=CARTESIAN_POINT('',(-0.0393765122853976,-0.0257625520710688,-0.0165));
#10488=CARTESIAN_POINT('',(-0.0392588098748105,-0.025966418626379,-0.0165));
#10489=CARTESIAN_POINT('',(-0.0425000000000036,-0.0278377206176549,-0.0175));
#10490=CARTESIAN_POINT('',(-0.0425000000000036,-0.0278377206176549,-0.0165));
#10491=CARTESIAN_POINT('',(-0.0395314017026041,-0.0255464493223449,-0.0165));
#10492=CARTESIAN_POINT('',(-0.0395314017026041,-0.0255464493223449,-0.0175));
#10493=CARTESIAN_POINT('',(-0.0410157008513021,-0.0264034098354036,-0.0175));
#10494=CARTESIAN_POINT('',(-0.0410157008513021,-0.0264034098354036,-0.0165));
#10495=CARTESIAN_POINT('',(-0.0425,-0.0272603703484623,-0.0165));
#10496=CARTESIAN_POINT('',(-0.0399689255673392,-0.0257990538434266,-0.0165));
#10497=CARTESIAN_POINT('',(-0.0410157008513021,-0.0264034098354036,-0.0165));
#10498=CARTESIAN_POINT('',(-0.0395378646623119,-0.0255501807138719,-0.0165));
#10499=CARTESIAN_POINT('',(-0.0410157008513021,-0.0264034098354036,-0.0165));
#10500=CARTESIAN_POINT('',(-0.0425,-0.0272603703484623,-0.0175));
#10501=CARTESIAN_POINT('',(-0.0439842991486979,-0.0264034098354036,-0.0175));
#10502=CARTESIAN_POINT('',(-0.0439842991486979,-0.0264034098354036,-0.0165));
#10503=CARTESIAN_POINT('',(-0.0450310744326609,-0.0257990538434265,-0.0165));
#10504=CARTESIAN_POINT('',(-0.0454685982973959,-0.0255464493223449,-0.0175));
#10505=CARTESIAN_POINT('',(-0.0454685982973959,-0.0255464493223449,-0.0165));
#10506=CARTESIAN_POINT('',(-0.0439842991486979,-0.0264034098354036,-0.0165));
#10507=CARTESIAN_POINT('',(-0.0454621353376882,-0.0255501807138719,-0.0165));
#10508=CARTESIAN_POINT('',(-0.0439842991486979,-0.0264034098354036,-0.0165));
#10509=CARTESIAN_POINT('',(-0.0424999999999991,-0.0278377206176528,-0.0175));
#10510=CARTESIAN_POINT('',(-0.0424999999999991,-0.0278377206176528,-0.0165));
#10511=CARTESIAN_POINT('',(-0.0456234877146024,-0.0257625520710688,-0.0165));
#10512=CARTESIAN_POINT('',(-0.0456234877146024,-0.0257625520710688,-0.0175));
#10513=CARTESIAN_POINT('',(-0.0457411901251895,-0.025966418626379,-0.0175));
#10514=CARTESIAN_POINT('',(-0.0457411901251895,-0.025966418626379,-0.0165));
#10515=CARTESIAN_POINT('',(-0.0458588925357766,-0.0261702851816892,-0.0165));
#10516=CARTESIAN_POINT('',(-0.0457411901251895,-0.025966418626379,-0.0165));
#10517=CARTESIAN_POINT('',(-0.0457411901251895,-0.025966418626379,-0.0165));
#10518=CARTESIAN_POINT('',(-0.0458588925357766,-0.0261702851816892,-0.0175));
#10519=CARTESIAN_POINT('',(-0.0424999999999988,-0.0278377206176526,-0.0175));
#10520=CARTESIAN_POINT('',(-0.0424999999999988,-0.0278377206176526,-0.0165));
#10521=CARTESIAN_POINT('',(-0.0459685982973959,-0.0264124747261293,-0.0165));
#10522=CARTESIAN_POINT('',(-0.0459685982973959,-0.0264124747261293,-0.0175));
#10523=CARTESIAN_POINT('',(-0.0444842991486979,-0.027269435239188,-0.0175));
#10524=CARTESIAN_POINT('',(-0.0444842991486979,-0.027269435239188,-0.0165));
#10525=CARTESIAN_POINT('',(-0.043,-0.0281263957522467,-0.0165));
#10526=CARTESIAN_POINT('',(-0.0455310744326609,-0.026665079247211,-0.0165));
#10527=CARTESIAN_POINT('',(-0.0444842991486979,-0.027269435239188,-0.0165));
#10528=CARTESIAN_POINT('',(-0.0459621353376882,-0.0264162061176564,-0.0165));
#10529=CARTESIAN_POINT('',(-0.0444842991486979,-0.027269435239188,-0.0165));
#10530=CARTESIAN_POINT('',(-0.043,-0.0281263957522467,-0.0175));
#10531=CARTESIAN_POINT('',(-0.043,-0.0298403167783641,-0.0175));
#10532=CARTESIAN_POINT('',(-0.043,-0.0298403167783641,-0.0165));
#10533=CARTESIAN_POINT('',(-0.043,-0.0315467750214274,-0.0165));
#10534=CARTESIAN_POINT('',(-0.043,-0.0310490287623182,-0.0165));
#10535=CARTESIAN_POINT('',(-0.043,-0.0298403167783641,-0.0165));
#10536=CARTESIAN_POINT('',(-0.043,-0.0315467750214274,-0.0175));
#10537=CARTESIAN_POINT('',(-0.0425,-0.0315542378044815,-0.0175));
#10538=CARTESIAN_POINT('',(-0.0425,-0.0315542378044815,-0.0165));
#10539=CARTESIAN_POINT('',(-0.0429411174108632,-0.0315542378044815,-0.0165));
#10540=CARTESIAN_POINT('',(-0.0420588825891367,-0.0315542378044815,-0.0165));
#10541=CARTESIAN_POINT('',(-0.0429411174108632,-0.0315542378044815,-0.0175));
#10542=CARTESIAN_POINT('',(-0.0420588825891367,-0.0315542378044815,-0.0175));
#10543=CARTESIAN_POINT('',(-0.042,-0.0298403167783641,-0.0175));
#10544=CARTESIAN_POINT('',(-0.042,-0.0298403167783641,-0.0165));
#10545=CARTESIAN_POINT('',(-0.042,-0.0315467750214274,-0.0165));
#10546=CARTESIAN_POINT('',(-0.042,-0.0310490287623182,-0.0165));
#10547=CARTESIAN_POINT('',(-0.042,-0.0315467750214274,-0.0175));
#10548=CARTESIAN_POINT('',(-0.042,-0.0281263957522467,-0.0175));
#10549=CARTESIAN_POINT('',(-0.042,-0.0281263957522467,-0.0165));
#10550=CARTESIAN_POINT('',(-0.042,-0.0298403167783641,-0.0165));
#10551=CARTESIAN_POINT('',(-0.0405157008513021,-0.027269435239188,-0.0175));
#10552=CARTESIAN_POINT('',(-0.0405157008513021,-0.027269435239188,-0.0165));
#10553=CARTESIAN_POINT('',(-0.0394689255673391,-0.0266650792472111,-0.0165));
#10554=CARTESIAN_POINT('',(-0.0405157008513021,-0.027269435239188,-0.0165));
#10555=CARTESIAN_POINT('',(-0.0425,-0.027837720617652,-0.0165));
#10556=CARTESIAN_POINT('',(-0.0425,-0.027837720617652,-0.0165));
#10557=CARTESIAN_POINT('',(-0.0425,-0.027837720617652,-0.0165));
#10558=CARTESIAN_POINT('',(-0.0425,-0.027837720617652,-0.0165));
#10559=CARTESIAN_POINT('',(-0.0425,-0.027837720617652,-0.0165));
#10560=CARTESIAN_POINT('',(-0.0425,-0.027837720617652,-0.0165));
#10561=CARTESIAN_POINT('',(-0.0425,-0.027837720617652,-0.0165));
#10562=CARTESIAN_POINT('',(-0.0425,-0.027837720617652,-0.0165));
#10563=CARTESIAN_POINT('',(-0.0425,-0.027837720617652,-0.0165));
#10564=CARTESIAN_POINT('',(-0.0425,-0.027837720617652,-0.0165));
#10565=CARTESIAN_POINT('',(-0.009125,-0.0272074347090752,-0.0165));
#10566=CARTESIAN_POINT('',(-0.0425,-0.027837720617652,-0.0165));
#10567=CARTESIAN_POINT('',(-0.0443713019912729,-0.0310789107428413,-0.0165));
#10568=CARTESIAN_POINT('',(-0.0442481509956364,-0.0308656069613963,-0.0165));
#10569=CARTESIAN_POINT('',(-0.044125,-0.0306523031799514,-0.0165));
#10570=CARTESIAN_POINT('',(-0.0425,-0.027837720617652,-0.0165));
#10571=CARTESIAN_POINT('',(-0.0442481509956364,-0.0308656069613963,-0.0165));
#10572=CARTESIAN_POINT('',(-0.044125,-0.0306523031799514,-0.0165));
#10573=CARTESIAN_POINT('',(-0.0443713019912729,-0.0310789107428413,-0.0165));
#10574=CARTESIAN_POINT('',(-0.0425,-0.027837720617652,-0.0165));
#10575=CARTESIAN_POINT('',(-0.0425,-0.027837720617652,-0.0165));
#10576=CARTESIAN_POINT('',(-0.0425,-0.027837720617652,-0.0165));
#10577=CARTESIAN_POINT('',(-0.0406286980087271,-0.0310789107428413,-0.0165));
#10578=CARTESIAN_POINT('',(-0.0406286980087271,-0.0310789107428413,-0.0165));
#10579=CARTESIAN_POINT('',(-0.0407518490043636,-0.0308656069613963,-0.0165));
#10580=CARTESIAN_POINT('',(-0.0407518490043636,-0.0308656069613963,-0.0165));
#10581=CARTESIAN_POINT('',(-0.040875,-0.0306523031799514,-0.0165));
#10582=CARTESIAN_POINT('',(-0.040875,-0.0306523031799514,-0.0165));
#10583=CARTESIAN_POINT('',(-0.009125,-0.0272074347090752,-0.0165));
#10584=CARTESIAN_POINT('',(-0.0425,-0.027837720617652,-0.0165));
#10585=CARTESIAN_POINT('',(-0.040875,-0.0250231380553525,-0.0165));
#10586=CARTESIAN_POINT('',(-0.0407518490043636,-0.0248098342739075,-0.0165));
#10587=CARTESIAN_POINT('',(-0.0406286980087271,-0.0245965304924626,-0.0165));
#10588=CARTESIAN_POINT('',(-0.0425,-0.027837720617652,-0.0165));
#10589=CARTESIAN_POINT('',(-0.0425,-0.027837720617652,-0.0165));
#10590=CARTESIAN_POINT('',(-0.0387799967945617,-0.0274270373799913,-0.0165));
#10591=CARTESIAN_POINT('',(-0.0387799967945617,-0.0274270373799913,-0.0165));
#10592=CARTESIAN_POINT('',(-0.0425,-0.027837720617652,-0.0165));
#10593=CARTESIAN_POINT('',(-0.0406286980087271,-0.0245965304924626,-0.0165));
#10594=CARTESIAN_POINT('',(-0.0407518490043636,-0.0248098342739075,-0.0165));
#10595=CARTESIAN_POINT('',(-0.040875,-0.0250231380553525,-0.0165));
#10596=CARTESIAN_POINT('',(-0.0390281379303064,-0.0274261489452292,-0.0165));
#10597=CARTESIAN_POINT('',(-0.039276279066051,-0.0274252605104672,-0.0165));
#10598=CARTESIAN_POINT('',(-0.039276279066051,-0.0274252605104672,-0.0165));
#10599=CARTESIAN_POINT('',(-0.0390281379303064,-0.0274261489452292,-0.0165));
#10600=CARTESIAN_POINT('',(-0.009125,-0.0272074347090752,-0.0165));
#10601=CARTESIAN_POINT('',(-0.0425,-0.027837720617652,-0.0165));
#10602=CARTESIAN_POINT('',(-0.0457206848113365,-0.0274021872136215,-0.0165));
#10603=CARTESIAN_POINT('',(-0.0459688259470812,-0.0274012987788596,-0.0165));
#10604=CARTESIAN_POINT('',(-0.0462169670828258,-0.0274004103440975,-0.0165));
#10605=CARTESIAN_POINT('',(-0.0425,-0.027837720617652,-0.0165));
#10606=CARTESIAN_POINT('',(-0.0442481509956364,-0.0248098342739075,-0.0165));
#10607=CARTESIAN_POINT('',(-0.044125,-0.0250231380553525,-0.0165));
#10608=CARTESIAN_POINT('',(-0.044125,-0.0250231380553525,-0.0165));
#10609=CARTESIAN_POINT('',(-0.0442481509956364,-0.0248098342739075,-0.0165));
#10610=CARTESIAN_POINT('',(-0.0443713019912729,-0.0245965304924626,-0.0165));
#10611=CARTESIAN_POINT('',(-0.0443713019912729,-0.0245965304924626,-0.0165));
#10612=CARTESIAN_POINT('',(-0.0425,-0.027837720617652,-0.0165));
#10613=CARTESIAN_POINT('',(-0.0425,-0.027837720617652,-0.0165));
#10614=CARTESIAN_POINT('',(-0.0462169670828258,-0.0274004103440975,-0.0165));
#10615=CARTESIAN_POINT('',(-0.0459688259470812,-0.0274012987788596,-0.0165));
#10616=CARTESIAN_POINT('',(-0.0457206848113365,-0.0274021872136215,-0.0165));
#10617=CARTESIAN_POINT('',(-0.0425,-0.027837720617652,-0.0015));
#10618=CARTESIAN_POINT('',(-0.0425,-0.027837720617652,-0.0165));
#10619=CARTESIAN_POINT('',(-0.0425,-0.027837720617652,-0.0165));
#10620=CARTESIAN_POINT('',(-0.0425,-0.027837720617652,-0.0165));
#10621=CARTESIAN_POINT('',(-0.0425,-0.027837720617652,-0.0015));
#10622=CARTESIAN_POINT('',(-0.042,-0.0241212034308223,-0.0015));
#10623=CARTESIAN_POINT('',(-0.0396650037284879,-0.0253830727527817,-0.0015));
#10624=CARTESIAN_POINT('',(-0.0249261599054226,-0.016924474720391,-0.0015));
#10625=CARTESIAN_POINT('',(-0.0263375605066522,-0.0178489494407819,0.0005));
#10626=CARTESIAN_POINT('',(-0.0263375605066522,-0.0178489494407819,0.0005));
#10627=CARTESIAN_POINT('',(-0.0264421628716797,-0.0179174645328662,0.0005));
#10628=CARTESIAN_POINT('',(-0.0265467652367074,-0.0179859796249506,0.0005));
#10629=CARTESIAN_POINT('',(-0.0265467652367074,-0.0179859796249506,0.0005));
#10630=CARTESIAN_POINT('',(-0.0391170753486372,-0.0262195980007894,-0.0015));
#10631=CARTESIAN_POINT('',(-0.0333798486725229,-0.0212662635648623,-0.0015));
#10632=CARTESIAN_POINT('',(-0.027094693616558,-0.0171494543769429,-0.0015));
#10633=CARTESIAN_POINT('',(-0.0425,-0.027837720617652,-0.0015));
#10634=CARTESIAN_POINT('',(-0.0425,-0.0278377206176517,-0.0015));
#10635=CARTESIAN_POINT('',(-0.0268854888865027,-0.0170124241927742,-0.0015));
#10636=CARTESIAN_POINT('',(-0.0261126521161384,-0.0165062120963871,-0.0015));
#10637=CARTESIAN_POINT('',(-0.0425,-0.027837720617652,-0.0015));
#10638=CARTESIAN_POINT('',(-0.0387834828131703,-0.0273377206176519,-0.0015));
#10639=CARTESIAN_POINT('',(-0.0312700753327219,-0.028337720617652,-0.0015));
#10640=CARTESIAN_POINT('',(-0.0237566678522734,-0.028337720617652,-0.0015));
#10641=CARTESIAN_POINT('',(-0.0237566678522734,-0.028337720617652,0.0005));
#10642=CARTESIAN_POINT('',(-0.0237566678522734,-0.028337720617652,-0.0015));
#10643=CARTESIAN_POINT('',(-0.0387834828131703,-0.028337720617652,-0.0015));
#10644=CARTESIAN_POINT('',(-0.0312700753327219,-0.0273377206176519,-0.0015));
#10645=CARTESIAN_POINT('',(-0.0237566678522734,-0.0273377206176519,-0.0015));
#10646=CARTESIAN_POINT('',(-0.0237566678522734,-0.0273377206176519,0.0005));
#10647=CARTESIAN_POINT('',(-0.0237566678522734,-0.0273377206176519,-0.0015));
#10648=CARTESIAN_POINT('',(-0.0425,-0.027837720617652,-0.0015));
#10649=CARTESIAN_POINT('',(-0.042,-0.0315542378044815,-0.0015));
#10650=CARTESIAN_POINT('',(-0.042,-0.03906764528493,-0.0015));
#10651=CARTESIAN_POINT('',(-0.042,-0.0465810527653785,-0.0015));
#10652=CARTESIAN_POINT('',(-0.042,-0.0465810527653785,0.0005));
#10653=CARTESIAN_POINT('',(-0.042,-0.0465810527653785,-0.0015));
#10654=CARTESIAN_POINT('',(-0.043,-0.03906764528493,-0.0015));
#10655=CARTESIAN_POINT('',(-0.043,-0.0465810527653785,-0.0015));
#10656=CARTESIAN_POINT('',(-0.043,-0.0465810527653785,0.0005));
#10657=CARTESIAN_POINT('',(-0.043,-0.0465810527653785,-0.0015));
#10658=CARTESIAN_POINT('',(-0.043,-0.0315542378044815,-0.0015));
#10659=CARTESIAN_POINT('',(-0.0425,-0.027837720617652,-0.0015));
#10660=CARTESIAN_POINT('',(-0.0462165171868296,-0.028337720617652,-0.0015));
#10661=CARTESIAN_POINT('',(-0.0537299246672781,-0.028337720617652,-0.0015));
#10662=CARTESIAN_POINT('',(-0.0612433321477266,-0.028337720617652,-0.0015));
#10663=CARTESIAN_POINT('',(-0.0612433321477266,-0.028337720617652,0.0005));
#10664=CARTESIAN_POINT('',(-0.0612433321477266,-0.028337720617652,-0.0015));
#10665=CARTESIAN_POINT('',(-0.0537299246672781,-0.0273377206176519,-0.0015));
#10666=CARTESIAN_POINT('',(-0.0612433321477266,-0.0273377206176519,-0.0015));
#10667=CARTESIAN_POINT('',(-0.0612433321477266,-0.0273377206176519,0.0005));
#10668=CARTESIAN_POINT('',(-0.0612433321477266,-0.0273377206176519,-0.0015));
#10669=CARTESIAN_POINT('',(-0.0462165171868296,-0.0273377206176519,-0.0015));
#10670=CARTESIAN_POINT('',(-0.0425,-0.027837720617652,-0.0015));
#10671=CARTESIAN_POINT('',(-0.042,-0.0200606017154112,-0.0015));
#10672=CARTESIAN_POINT('',(-0.0425000000000037,-0.027837720617652,-0.0015));
#10673=CARTESIAN_POINT('',(-0.0425,-0.027837720617652,0.0005));
#10674=CARTESIAN_POINT('',(-0.0425,-0.0278377206176466,-0.0015));
#10675=CARTESIAN_POINT('',(-0.0425,-0.027837720617652,0.0005));
#10676=CARTESIAN_POINT('',(-0.042500000000011,-0.027837720617652,-0.0015));
#10677=CARTESIAN_POINT('',(-0.0425,-0.027837720617652,0.0005));
#10678=CARTESIAN_POINT('',(-0.00925,-0.014168860308826,0.0005));
#10679=CARTESIAN_POINT('',(-0.0425,-0.0278377206176519,0.0005));
#10680=CARTESIAN_POINT('',(-0.0425,-0.027837720617652,0.0005));
#10681=CARTESIAN_POINT('',(-0.0425,-0.027837720617652,0.0005));
#10682=CARTESIAN_POINT('',(-0.0425,-0.027837720617652,0.0005));
#10683=CARTESIAN_POINT('',(-0.0425,-0.027837720617652,0.0005));
#10684=CARTESIAN_POINT('',(-0.0425,-0.027837720617652,0.0005));
#10685=CARTESIAN_POINT('',(-0.0425,-0.0278377206176519,0.0005));
#10686=CARTESIAN_POINT('',(-0.0425,-0.027837720617652,0.0005));
#10687=CARTESIAN_POINT('',(-0.0425,-0.027837720617652,0.0005));
#10688=CARTESIAN_POINT('',(-0.0425,-0.027837720617652,0.0005));
#10689=CARTESIAN_POINT('',(-0.009125,-0.0272074347090752,-0.0165));
#10690=CARTESIAN_POINT('',(-0.009125,-0.0272074347090752,-0.0165));
#10691=CARTESIAN_POINT('',(-0.009125,-0.0272074347090752,-0.0165));
#10692=CARTESIAN_POINT('',(-0.009125,-0.0272074347090752,-0.0165));
#10693=CARTESIAN_POINT('',(-0.009125,0.0272074347090752,-0.0165));
#10694=CARTESIAN_POINT('',(-0.0425,0.027837720617652,-0.0165));
#10695=CARTESIAN_POINT('',(-0.044125,0.0250231380553525,-0.0165));
#10696=CARTESIAN_POINT('',(-0.0450310744326609,0.0257990538434265,-0.0165));
#10697=CARTESIAN_POINT('',(-0.0442481509956364,0.0248098342739075,-0.0165));
#10698=CARTESIAN_POINT('',(-0.0443713019912729,0.0245965304924626,-0.0165));
#10699=CARTESIAN_POINT('',(-0.0425,0.027837720617652,-0.0165));
#10700=CARTESIAN_POINT('',(-0.0454621353376882,0.0255501807138719,-0.0165));
#10701=CARTESIAN_POINT('',(-0.0439842991486979,0.0264034098354036,-0.0165));
#10702=CARTESIAN_POINT('',(-0.009125,0.0272074347090752,-0.0165));
#10703=CARTESIAN_POINT('',(-0.0425,0.027837720617652,-0.0165));
#10704=CARTESIAN_POINT('',(-0.039276279066051,0.0274252605104672,-0.0165));
#10705=CARTESIAN_POINT('',(-0.0394689255673391,0.0266650792472111,-0.0165));
#10706=CARTESIAN_POINT('',(-0.0390281379303064,0.0274261489452292,-0.0165));
#10707=CARTESIAN_POINT('',(-0.0387799967945617,0.0274270373799913,-0.0165));
#10708=CARTESIAN_POINT('',(-0.0425,0.027837720617652,-0.0165));
#10709=CARTESIAN_POINT('',(-0.0390378646623118,0.0264162061176564,-0.0165));
#10710=CARTESIAN_POINT('',(-0.0405157008513021,0.027269435239188,-0.0165));
#10711=CARTESIAN_POINT('',(-0.009125,0.0272074347090752,-0.0165));
#10712=CARTESIAN_POINT('',(-0.0425,0.027837720617652,-0.0165));
#10713=CARTESIAN_POINT('',(-0.0420588825891367,0.0315542378044815,-0.0165));
#10714=CARTESIAN_POINT('',(-0.0429411174108632,0.0315542378044815,-0.0165));
#10715=CARTESIAN_POINT('',(-0.0425,0.0315542378044815,-0.0165));
#10716=CARTESIAN_POINT('',(-0.009125,0.0272074347090752,-0.0165));
#10717=CARTESIAN_POINT('',(-0.0425,0.027837720617652,-0.0165));
#10718=CARTESIAN_POINT('',(-0.0406286980087271,0.0310789107428413,-0.0165));
#10719=CARTESIAN_POINT('',(-0.042,0.0315467750214274,-0.0165));
#10720=CARTESIAN_POINT('',(-0.0407518490043636,0.0308656069613963,-0.0165));
#10721=CARTESIAN_POINT('',(-0.040875,0.0306523031799514,-0.0165));
#10722=CARTESIAN_POINT('',(-0.0425,0.027837720617652,-0.0165));
#10723=CARTESIAN_POINT('',(-0.042,0.0310490287623182,-0.0165));
#10724=CARTESIAN_POINT('',(-0.042,0.0298403167783641,-0.0165));
#10725=CARTESIAN_POINT('',(-0.0425,0.027837720617652,0.0005));
#10726=CARTESIAN_POINT('',(-0.0612433321477266,0.0273377206176519,-0.0015));
#10727=CARTESIAN_POINT('',(-0.0612433321477266,0.0273377206176519,0.0005));
#10728=CARTESIAN_POINT('',(-0.0425,0.027837720617652,0.0005));
#10729=CARTESIAN_POINT('',(-0.0425,0.027837720617652,0.0005));
#10730=CARTESIAN_POINT('',(-0.0425,0.027837720617652,0.0005));
#10731=CARTESIAN_POINT('',(-0.0612433321477266,0.028337720617652,0.0005));
#10732=CARTESIAN_POINT('',(-0.043,0.0465810527653785,0.0005));
#10733=CARTESIAN_POINT('',(-0.043,0.0465810527653785,-0.0015));
#10734=CARTESIAN_POINT('',(-0.0612433321477266,0.028337720617652,-0.0015));
#10735=CARTESIAN_POINT('',(-0.0425,0.027837720617652,0.0005));
#10736=CARTESIAN_POINT('',(-0.0425,0.027837720617652,0.0005));
#10737=CARTESIAN_POINT('',(-0.042,0.0465810527653785,0.0005));
#10738=CARTESIAN_POINT('',(-0.0237566678522734,0.028337720617652,0.0005));
#10739=CARTESIAN_POINT('',(-0.0237566678522734,0.028337720617652,-0.0015));
#10740=CARTESIAN_POINT('',(-0.042,0.0465810527653785,-0.0015));
#10741=CARTESIAN_POINT('',(-0.0425,0.0278377206176519,0.0005));
#10742=CARTESIAN_POINT('',(-0.0263375605066522,0.0178489494407819,0.0005));
#10743=CARTESIAN_POINT('',(-0.0263375605066522,0.0178489494407819,0.0005));
#10744=CARTESIAN_POINT('',(-0.0425,0.0278377206176519,0.0005));
#10745=CARTESIAN_POINT('',(-0.0425,0.027837720617652,0.0005));
#10746=CARTESIAN_POINT('',(-0.0425,0.027837720617652,0.0005));
#10747=CARTESIAN_POINT('',(-0.0237566678522734,0.0273377206176519,0.0005));
#10748=CARTESIAN_POINT('',(-0.0265467652367074,0.0179859796249506,0.0005));
#10749=CARTESIAN_POINT('',(-0.0265467652367074,0.0179859796249506,0.0005));
#10750=CARTESIAN_POINT('',(-0.0237566678522734,0.0273377206176519,-0.0015));
#10751=CARTESIAN_POINT('',(-0.00925,0.014168860308826,0.0005));
#10752=CARTESIAN_POINT('',(-0.0264421628716797,0.0179174645328662,0.0005));
#10753=CARTESIAN_POINT('',(-0.0425,0.027837720617652,0.0005));
#10754=CARTESIAN_POINT('',(-0.0425,0.027837720617652,0.0005));
#10755=CARTESIAN_POINT('',(-0.0425,0.027837720617652,0.0005));
#10756=CARTESIAN_POINT('',(-0.042500000000011,0.027837720617652,-0.0015));
#10757=CARTESIAN_POINT('',(-0.0612433321477266,0.028337720617652,-0.0015));
#10758=CARTESIAN_POINT('',(-0.0612433321477266,0.0273377206176519,-0.0015));
#10759=CARTESIAN_POINT('',(-0.0425,0.0278377206176466,-0.0015));
#10760=CARTESIAN_POINT('',(-0.042,0.0465810527653785,-0.0015));
#10761=CARTESIAN_POINT('',(-0.043,0.0465810527653785,-0.0015));
#10762=CARTESIAN_POINT('',(-0.0425000000000037,0.027837720617652,-0.0015));
#10763=CARTESIAN_POINT('',(-0.0237566678522734,0.0273377206176519,-0.0015));
#10764=CARTESIAN_POINT('',(-0.0237566678522734,0.028337720617652,-0.0015));
#10765=CARTESIAN_POINT('',(-0.042,0.0200606017154112,-0.0015));
#10766=CARTESIAN_POINT('',(-0.042,0.0241212034308223,-0.0015));
#10767=CARTESIAN_POINT('',(-0.0425,0.027837720617652,-0.0015));
#10768=CARTESIAN_POINT('',(-0.0462165171868296,0.0273377206176519,-0.0015));
#10769=CARTESIAN_POINT('',(-0.0537299246672781,0.0273377206176519,-0.0015));
#10770=CARTESIAN_POINT('',(-0.0537299246672781,0.028337720617652,-0.0015));
#10771=CARTESIAN_POINT('',(-0.0462165171868296,0.028337720617652,-0.0015));
#10772=CARTESIAN_POINT('',(-0.0425,0.027837720617652,-0.0015));
#10773=CARTESIAN_POINT('',(-0.043,0.0315542378044815,-0.0015));
#10774=CARTESIAN_POINT('',(-0.043,0.03906764528493,-0.0015));
#10775=CARTESIAN_POINT('',(-0.042,0.03906764528493,-0.0015));
#10776=CARTESIAN_POINT('',(-0.042,0.0315542378044815,-0.0015));
#10777=CARTESIAN_POINT('',(-0.0425,0.027837720617652,-0.0015));
#10778=CARTESIAN_POINT('',(-0.0387834828131703,0.028337720617652,-0.0015));
#10779=CARTESIAN_POINT('',(-0.0312700753327219,0.0273377206176519,-0.0015));
#10780=CARTESIAN_POINT('',(-0.0387834828131703,0.0273377206176519,-0.0015));
#10781=CARTESIAN_POINT('',(-0.0312700753327219,0.028337720617652,-0.0015));
#10782=CARTESIAN_POINT('',(-0.0425,0.027837720617652,-0.0015));
#10783=CARTESIAN_POINT('',(-0.0391170753486372,0.0262195980007894,-0.0015));
#10784=CARTESIAN_POINT('',(-0.0261126521161384,0.0165062120963871,-0.0015));
#10785=CARTESIAN_POINT('',(-0.0268854888865027,0.0170124241927742,-0.0015));
#10786=CARTESIAN_POINT('',(-0.0425,0.0278377206176517,-0.0015));
#10787=CARTESIAN_POINT('',(-0.0425,0.027837720617652,-0.0015));
#10788=CARTESIAN_POINT('',(-0.027094693616558,0.0171494543769429,-0.0015));
#10789=CARTESIAN_POINT('',(-0.0333798486725229,0.0212662635648623,-0.0015));
#10790=CARTESIAN_POINT('',(-0.0396650037284879,0.0253830727527817,-0.0015));
#10791=CARTESIAN_POINT('',(-0.0249261599054226,0.016924474720391,-0.0015));
#10792=CARTESIAN_POINT('',(-0.0425,0.027837720617652,-0.0015));
#10793=CARTESIAN_POINT('',(-0.0425,0.027837720617652,-0.0015));
#10794=CARTESIAN_POINT('',(-0.044125,0.0250231380553525,-0.0165));
#10795=CARTESIAN_POINT('',(-0.0425,0.027837720617652,-0.0165));
#10796=CARTESIAN_POINT('',(-0.0455310744326609,0.026665079247211,-0.0165));
#10797=CARTESIAN_POINT('',(-0.0425,0.027837720617652,-0.0165));
#10798=CARTESIAN_POINT('',(-0.0457206848113365,0.0274021872136215,-0.0165));
#10799=CARTESIAN_POINT('',(-0.0457206848113365,0.0274021872136215,-0.0165));
#10800=CARTESIAN_POINT('',(-0.044125,0.0306523031799514,-0.0165));
#10801=CARTESIAN_POINT('',(-0.044125,0.0306523031799514,-0.0165));
#10802=CARTESIAN_POINT('',(-0.0425,0.027837720617652,-0.0165));
#10803=CARTESIAN_POINT('',(-0.043,0.0310490287623182,-0.0165));
#10804=CARTESIAN_POINT('',(-0.0425,0.027837720617652,-0.0165));
#10805=CARTESIAN_POINT('',(-0.040875,0.0306523031799514,-0.0165));
#10806=CARTESIAN_POINT('',(-0.039276279066051,0.0274252605104672,-0.0165));
#10807=CARTESIAN_POINT('',(-0.0425,0.027837720617652,-0.0165));
#10808=CARTESIAN_POINT('',(-0.0399689255673392,0.0257990538434266,-0.0165));
#10809=CARTESIAN_POINT('',(-0.0425,0.027837720617652,-0.0165));
#10810=CARTESIAN_POINT('',(-0.040875,0.0250231380553525,-0.0165));
#10811=CARTESIAN_POINT('',(-0.040875,0.0250231380553525,-0.0165));
#10812=CARTESIAN_POINT('',(-0.0459688259470812,0.0274012987788596,-0.0165));
#10813=CARTESIAN_POINT('',(-0.0459688259470812,0.0274012987788596,-0.0165));
#10814=CARTESIAN_POINT('',(-0.0462169670828258,0.0274004103440975,-0.0165));
#10815=CARTESIAN_POINT('',(-0.0462169670828258,0.0274004103440975,-0.0165));
#10816=CARTESIAN_POINT('',(-0.0425,0.027837720617652,-0.0165));
#10817=CARTESIAN_POINT('',(-0.0425,0.027837720617652,-0.0165));
#10818=CARTESIAN_POINT('',(-0.0459621353376882,0.0264162061176564,-0.0165));
#10819=CARTESIAN_POINT('',(-0.0425,0.027837720617652,-0.0165));
#10820=CARTESIAN_POINT('',(-0.0457411901251895,0.025966418626379,-0.0165));
#10821=CARTESIAN_POINT('',(-0.0425,0.027837720617652,-0.0165));
#10822=CARTESIAN_POINT('',(-0.0443713019912729,0.0245965304924626,-0.0165));
#10823=CARTESIAN_POINT('',(-0.0442481509956364,0.0248098342739075,-0.0165));
#10824=CARTESIAN_POINT('',(-0.009125,0.0272074347090752,-0.0165));
#10825=CARTESIAN_POINT('',(-0.0444842991486979,0.027269435239188,-0.0165));
#10826=CARTESIAN_POINT('',(-0.0390281379303064,0.0274261489452292,-0.0165));
#10827=CARTESIAN_POINT('',(-0.0387799967945617,0.0274270373799913,-0.0165));
#10828=CARTESIAN_POINT('',(-0.0407518490043636,0.0248098342739075,-0.0165));
#10829=CARTESIAN_POINT('',(-0.0407518490043636,0.0248098342739075,-0.0165));
#10830=CARTESIAN_POINT('',(-0.0406286980087271,0.0245965304924626,-0.0165));
#10831=CARTESIAN_POINT('',(-0.0406286980087271,0.0245965304924626,-0.0165));
#10832=CARTESIAN_POINT('',(-0.0425,0.027837720617652,-0.0165));
#10833=CARTESIAN_POINT('',(-0.0425,0.027837720617652,-0.0165));
#10834=CARTESIAN_POINT('',(-0.0395378646623119,0.0255501807138719,-0.0165));
#10835=CARTESIAN_POINT('',(-0.0425,0.027837720617652,-0.0165));
#10836=CARTESIAN_POINT('',(-0.0392588098748105,0.025966418626379,-0.0165));
#10837=CARTESIAN_POINT('',(-0.0425,0.027837720617652,-0.0165));
#10838=CARTESIAN_POINT('',(-0.009125,0.0272074347090752,-0.0165));
#10839=CARTESIAN_POINT('',(-0.0410157008513021,0.0264034098354036,-0.0165));
#10840=CARTESIAN_POINT('',(-0.0407518490043636,0.0308656069613963,-0.0165));
#10841=CARTESIAN_POINT('',(-0.0406286980087271,0.0310789107428413,-0.0165));
#10842=CARTESIAN_POINT('',(-0.0425,0.027837720617652,-0.0165));
#10843=CARTESIAN_POINT('',(-0.042,0.0315467750214274,-0.0175));
#10844=CARTESIAN_POINT('',(-0.042,0.0315467750214274,-0.0175));
#10845=CARTESIAN_POINT('',(-0.0425,0.027837720617652,-0.0175));
#10846=CARTESIAN_POINT('',(-0.0420588825891367,0.0315542378044815,-0.0175));
#10847=CARTESIAN_POINT('',(-0.0420588825891367,0.0315542378044815,-0.0175));
#10848=CARTESIAN_POINT('',(-0.0429411174108632,0.0315542378044815,-0.0175));
#10849=CARTESIAN_POINT('',(-0.0429411174108632,0.0315542378044815,-0.0175));
#10850=CARTESIAN_POINT('',(-0.0425,0.027837720617652,-0.0175));
#10851=CARTESIAN_POINT('',(-0.043,0.0315467750214274,-0.0175));
#10852=CARTESIAN_POINT('',(-0.043,0.0315467750214274,-0.0175));
#10853=CARTESIAN_POINT('',(-0.043,0.0315467750214274,-0.0165));
#10854=CARTESIAN_POINT('',(-0.0425,0.027837720617652,-0.0165));
#10855=CARTESIAN_POINT('',(-0.0443713019912729,0.0310789107428413,-0.0165));
#10856=CARTESIAN_POINT('',(-0.0443713019912729,0.0310789107428413,-0.0165));
#10857=CARTESIAN_POINT('',(-0.0442481509956364,0.0308656069613963,-0.0165));
#10858=CARTESIAN_POINT('',(-0.0442481509956364,0.0308656069613963,-0.0165));
#10859=CARTESIAN_POINT('',(-0.009125,0.0272074347090752,-0.0165));
#10860=CARTESIAN_POINT('',(-0.043,0.0298403167783641,-0.0165));
#10861=CARTESIAN_POINT('',(-0.0425,0.027837720617652,-0.0165));
#10862=CARTESIAN_POINT('',(-0.0444842991486979,0.027269435239188,-0.0165));
#10863=CARTESIAN_POINT('',(-0.0459685982973959,0.0264124747261293,-0.0165));
#10864=CARTESIAN_POINT('',(-0.0424999999999988,0.0278377206176526,-0.0165));
#10865=CARTESIAN_POINT('',(-0.0458588925357766,0.0261702851816892,-0.0165));
#10866=CARTESIAN_POINT('',(-0.0457411901251895,0.025966418626379,-0.0165));
#10867=CARTESIAN_POINT('',(-0.0425,0.027837720617652,-0.0165));
#10868=CARTESIAN_POINT('',(-0.0457411901251895,0.025966418626379,-0.0165));
#10869=CARTESIAN_POINT('',(-0.0456234877146024,0.0257625520710688,-0.0165));
#10870=CARTESIAN_POINT('',(-0.0424999999999991,0.0278377206176528,-0.0165));
#10871=CARTESIAN_POINT('',(-0.0454685982973959,0.0255464493223449,-0.0165));
#10872=CARTESIAN_POINT('',(-0.0439842991486979,0.0264034098354036,-0.0165));
#10873=CARTESIAN_POINT('',(-0.0425,0.027837720617652,-0.0165));
#10874=CARTESIAN_POINT('',(-0.0439842991486979,0.0264034098354036,-0.0165));
#10875=CARTESIAN_POINT('',(-0.0425,0.0272603703484623,-0.0165));
#10876=CARTESIAN_POINT('',(-0.0410157008513021,0.0264034098354036,-0.0165));
#10877=CARTESIAN_POINT('',(-0.0405157008513021,0.027269435239188,-0.0165));
#10878=CARTESIAN_POINT('',(-0.042,0.0281263957522467,-0.0165));
#10879=CARTESIAN_POINT('',(-0.042,0.0298403167783641,-0.0165));
#10880=CARTESIAN_POINT('',(-0.043,0.0298403167783641,-0.0165));
#10881=CARTESIAN_POINT('',(-0.043,0.0281263957522467,-0.0165));
#10882=CARTESIAN_POINT('',(-0.0444842991486979,0.027269435239188,-0.0165));
#10883=CARTESIAN_POINT('',(-0.0425,0.027837720617652,-0.0165));
#10884=CARTESIAN_POINT('',(-0.0410157008513021,0.0264034098354036,-0.0165));
#10885=CARTESIAN_POINT('',(-0.0395314017026041,0.0255464493223449,-0.0165));
#10886=CARTESIAN_POINT('',(-0.0425000000000036,0.0278377206176549,-0.0165));
#10887=CARTESIAN_POINT('',(-0.0393765122853976,0.0257625520710688,-0.0165));
#10888=CARTESIAN_POINT('',(-0.0392588098748105,0.025966418626379,-0.0165));
#10889=CARTESIAN_POINT('',(-0.0405157008513021,0.027269435239188,-0.0175));
#10890=CARTESIAN_POINT('',(-0.0405157008513021,0.027269435239188,-0.0165));
#10891=CARTESIAN_POINT('',(-0.0390314017026041,0.0264124747261293,-0.0165));
#10892=CARTESIAN_POINT('',(-0.0390314017026041,0.0264124747261293,-0.0175));
#10893=CARTESIAN_POINT('',(-0.0390314017026041,0.0264124747261293,-0.0175));
#10894=CARTESIAN_POINT('',(-0.0405157008513021,0.027269435239188,-0.0175));
#10895=CARTESIAN_POINT('',(-0.042,0.0281263957522467,-0.0175));
#10896=CARTESIAN_POINT('',(-0.042,0.0281263957522467,-0.0175));
#10897=CARTESIAN_POINT('',(-0.042,0.0298403167783641,-0.0175));
#10898=CARTESIAN_POINT('',(-0.042,0.0298403167783641,-0.0175));
#10899=CARTESIAN_POINT('',(-0.0425,0.0315542378044815,-0.0175));
#10900=CARTESIAN_POINT('',(-0.0425,0.0315542378044815,-0.0175));
#10901=CARTESIAN_POINT('',(-0.043,0.0298403167783641,-0.0175));
#10902=CARTESIAN_POINT('',(-0.043,0.0298403167783641,-0.0175));
#10903=CARTESIAN_POINT('',(-0.043,0.0281263957522467,-0.0175));
#10904=CARTESIAN_POINT('',(-0.043,0.0281263957522467,-0.0175));
#10905=CARTESIAN_POINT('',(-0.0444842991486979,0.027269435239188,-0.0175));
#10906=CARTESIAN_POINT('',(-0.0444842991486979,0.027269435239188,-0.0175));
#10907=CARTESIAN_POINT('',(-0.0459685982973959,0.0264124747261293,-0.0175));
#10908=CARTESIAN_POINT('',(-0.0459685982973959,0.0264124747261293,-0.0175));
#10909=CARTESIAN_POINT('',(-0.0424999999999988,0.0278377206176526,-0.0175));
#10910=CARTESIAN_POINT('',(-0.0424999999999988,0.0278377206176526,-0.0175));
#10911=CARTESIAN_POINT('',(-0.0458588925357766,0.0261702851816892,-0.0175));
#10912=CARTESIAN_POINT('',(-0.0458588925357766,0.0261702851816892,-0.0175));
#10913=CARTESIAN_POINT('',(-0.0457411901251895,0.025966418626379,-0.0175));
#10914=CARTESIAN_POINT('',(-0.0457411901251895,0.025966418626379,-0.0175));
#10915=CARTESIAN_POINT('',(-0.0456234877146024,0.0257625520710688,-0.0175));
#10916=CARTESIAN_POINT('',(-0.0456234877146024,0.0257625520710688,-0.0175));
#10917=CARTESIAN_POINT('',(-0.0424999999999991,0.0278377206176528,-0.0175));
#10918=CARTESIAN_POINT('',(-0.0424999999999991,0.0278377206176528,-0.0175));
#10919=CARTESIAN_POINT('',(-0.0454685982973959,0.0255464493223449,-0.0175));
#10920=CARTESIAN_POINT('',(-0.0454685982973959,0.0255464493223449,-0.0175));
#10921=CARTESIAN_POINT('',(-0.0439842991486979,0.0264034098354036,-0.0175));
#10922=CARTESIAN_POINT('',(-0.0439842991486979,0.0264034098354036,-0.0175));
#10923=CARTESIAN_POINT('',(-0.0425,0.0272603703484623,-0.0175));
#10924=CARTESIAN_POINT('',(-0.0425,0.0272603703484623,-0.0175));
#10925=CARTESIAN_POINT('',(-0.0410157008513021,0.0264034098354036,-0.0175));
#10926=CARTESIAN_POINT('',(-0.0410157008513021,0.0264034098354036,-0.0175));
#10927=CARTESIAN_POINT('',(-0.0395314017026041,0.0255464493223449,-0.0175));
#10928=CARTESIAN_POINT('',(-0.0395314017026041,0.0255464493223449,-0.0175));
#10929=CARTESIAN_POINT('',(-0.0425000000000036,0.0278377206176549,-0.0175));
#10930=CARTESIAN_POINT('',(-0.0425000000000036,0.0278377206176549,-0.0175));
#10931=CARTESIAN_POINT('',(-0.0393765122853976,0.0257625520710688,-0.0175));
#10932=CARTESIAN_POINT('',(-0.0393765122853976,0.0257625520710688,-0.0175));
#10933=CARTESIAN_POINT('',(-0.0392588098748105,0.025966418626379,-0.0175));
#10934=CARTESIAN_POINT('',(-0.0392588098748105,0.025966418626379,-0.0165));
#10935=CARTESIAN_POINT('',(-0.0391411074642233,0.0261702851816892,-0.0165));
#10936=CARTESIAN_POINT('',(-0.0392588098748105,0.025966418626379,-0.0175));
#10937=CARTESIAN_POINT('',(-0.0391411074642233,0.0261702851816892,-0.0175));
#10938=CARTESIAN_POINT('',(-0.0391411074642233,0.0261702851816892,-0.0175));
#10939=CARTESIAN_POINT('',(-0.0425000000000014,0.0278377206176526,-0.0175));
#10940=CARTESIAN_POINT('',(-0.0425000000000014,0.0278377206176526,-0.0165));
#10941=CARTESIAN_POINT('',(-0.0425000000000014,0.0278377206176526,-0.0175));
#10942=CARTESIAN_POINT('',(-0.0425,0.027837720617652,-0.0175));
#10943=CARTESIAN_POINT('',(-0.0425,0.027837720617652,-0.0165));
#10944=CARTESIAN_POINT('',(-6.93889390390723E-18,-0.011,-0.0015));
#10945=CARTESIAN_POINT('',(0.00451200688257814,-0.011,-0.0015));
#10946=CARTESIAN_POINT('',(-0.00451200688257814,-0.011,-0.0015));
#10947=CARTESIAN_POINT('',(-0.00451200688257814,-0.0135,-0.0015));
#10948=CARTESIAN_POINT('',(0.00451200688257814,-0.0135,-0.0015));
#10949=CARTESIAN_POINT('',(-6.93889390390723E-18,-0.011,-0.0015));
#10950=CARTESIAN_POINT('',(0.0133039501011372,-0.011,-0.0015));
#10951=CARTESIAN_POINT('',(0.0113039501011372,-0.011,-0.0015));
#10952=CARTESIAN_POINT('',(0.0133039501011372,-0.0135,-0.0015));
#10953=CARTESIAN_POINT('',(0.0113039501011372,-0.0135,-0.0015));
#10954=CARTESIAN_POINT('',(0.0123039501011372,0.011,-0.0015));
#10955=CARTESIAN_POINT('',(0.0113039501011372,0.011,-0.0015));
#10956=CARTESIAN_POINT('',(0.0133039501011372,0.011,-0.0015));
#10957=CARTESIAN_POINT('',(0.0113039501011372,0.0135,-0.0015));
#10958=CARTESIAN_POINT('',(0.0133039501011372,0.0135,-0.0015));
#10959=CARTESIAN_POINT('',(0.00225600344128908,0.011,-0.0015));
#10960=CARTESIAN_POINT('',(-0.00451200688257813,0.011,-0.0015));
#10961=CARTESIAN_POINT('',(0.00451200688257814,0.011,-0.0015));
#10962=CARTESIAN_POINT('',(-0.00451200688257814,0.0135,-0.0015));
#10963=CARTESIAN_POINT('',(0.00451200688257814,0.0135,-0.0015));
#10964=CARTESIAN_POINT('',(0.0361480178270302,0.00775,0.0015));
#10965=CARTESIAN_POINT('',(0.0361480178270302,-0.00775,0.0015));
#10966=CARTESIAN_POINT('',(-0.0051519821729698,-0.00775,0.0015));
#10967=CARTESIAN_POINT('',(-0.0051519821729698,0.00775,0.0015));
#10968=CARTESIAN_POINT('',(-0.0145684935809635,-0.0052,0.0035));
#10969=CARTESIAN_POINT('',(-0.0298084935809635,-0.0052,0.0035));
#10970=CARTESIAN_POINT('',(-0.0405,-0.00995,0.0035));
#10971=CARTESIAN_POINT('',(-0.0405,0.00995,0.0035));
#10972=MECHANICAL_DESIGN_GEOMETRIC_PRESENTATION_REPRESENTATION('',(#6561),
#10973);
#10973=(
GEOMETRIC_REPRESENTATION_CONTEXT(3)
GLOBAL_UNCERTAINTY_ASSIGNED_CONTEXT((#10974))
GLOBAL_UNIT_ASSIGNED_CONTEXT((#10977,#10976,#10975))
REPRESENTATION_CONTEXT('Part 1','TOP_LEVEL_ASSEMBLY_PART')
);
#10974=UNCERTAINTY_MEASURE_WITH_UNIT(LENGTH_MEASURE(1.E-8),#10977,
'DISTANCE_ACCURACY_VALUE','Maximum Tolerance applied to model');
#10975=(
NAMED_UNIT(*)
SI_UNIT($,.STERADIAN.)
SOLID_ANGLE_UNIT()
);
#10976=(
NAMED_UNIT(*)
PLANE_ANGLE_UNIT()
SI_UNIT($,.RADIAN.)
);
#10977=(
LENGTH_UNIT()
NAMED_UNIT(*)
SI_UNIT($,.METRE.)
);
#10978=PRODUCT_DEFINITION_SHAPE('','',#10979);
#10979=PRODUCT_DEFINITION('','',#10981,#10980);
#10980=PRODUCT_DEFINITION_CONTEXT('',#10987,'design');
#10981=PRODUCT_DEFINITION_FORMATION_WITH_SPECIFIED_SOURCE('','',#10983,
 .NOT_KNOWN.);
#10982=PRODUCT_RELATED_PRODUCT_CATEGORY('','',(#10983));
#10983=PRODUCT('Part 1','Part 1','Part 1',(#10985));
#10984=PRODUCT_CATEGORY('','');
#10985=PRODUCT_CONTEXT('',#10987,'mechanical');
#10986=APPLICATION_PROTOCOL_DEFINITION('international standard',
'ap242_managed_model_based_3d_engineering',2020,#10987);
#10987=APPLICATION_CONTEXT('managed model based 3d engineering');
ENDSEC;
END-ISO-10303-21;
